{
"type": "FeatureCollection",
"name": "tenements",
"crs": { "type": "name", "properties": { "name": "urn:ogc:def:crs:OGC:1.3:CRS84" } },
"features": [
{ "type": "Feature", "properties": { "tenement_no": "EP 000001-2025-XI", "tenement_name": "Jake Mining Corporation", "tenement_type": "EP", "commodity": "Gold", "operation_status": "With exploration activity", "province": "Davao De Oro", "municipality": "Pantukan", "permit_ha": 4301.4, "date_approved": "2025-03-25", "date_expiration": "2027-03-24" }, "geometry": { "type": "MultiPolygon", "coordinates": [ [ [ [ 126.251517581044993, 7.23265356690041 ], [ 126.251517555893003, 7.22432057584038 ], [ 126.234850602183002, 7.2243206257467 ], [ 126.234850626438003, 7.2326536168058 ], [ 126.251517581044993, 7.23265356690041 ] ] ], [ [ [ 126.218184696807995, 7.24098765622577 ], [ 126.234850652489001, 7.24098760632131 ], [ 126.234850626438003, 7.2326536168058 ], [ 126.218184672552994, 7.23265366582002 ], [ 126.218184696807995, 7.24098765622577 ] ] ], [ [ [ 126.251517631351007, 7.24932054622868 ], [ 126.234850677642001, 7.24932059524108 ], [ 126.234850716268994, 7.26182058082205 ], [ 126.236934709812004, 7.26182057547539 ], [ 126.239017717004998, 7.26598756292271 ], [ 126.251517681657006, 7.26598752549645 ], [ 126.251517631351007, 7.24932054622868 ] ] ], [ [ [ 126.201517972169, 7.31598761618032 ], [ 126.201517997322, 7.32432060654008 ], [ 126.226517929321005, 7.32432053080634 ], [ 126.226517840387999, 7.2951535653066 ], [ 126.230684764765996, 7.27432057891205 ], [ 126.218184798316997, 7.27432061633762 ], [ 126.218184722858993, 7.24932064603576 ], [ 126.209850745642996, 7.24932067098751 ], [ 126.209850668388, 7.24515497197289 ], [ 126.205684016199001, 7.24515486592688 ], [ 126.205683593092004, 7.26182027517139 ], [ 126.201516940903005, 7.26182016912932 ], [ 126.201517046904002, 7.25765381763722 ], [ 126.189017087642, 7.2576535012903 ], [ 126.189017194540995, 7.25348714863936 ], [ 126.180683888367, 7.25348693744241 ], [ 126.180683994367996, 7.24932058454749 ], [ 126.172350689091004, 7.24932037423973 ], [ 126.172350900195994, 7.24098767048416 ], [ 126.168184247108002, 7.24098756443719 ], [ 126.168184935217994, 7.27432076782208 ], [ 126.184850889101995, 7.2743207170302 ], [ 126.184850915153007, 7.28265370752354 ], [ 126.226517800861998, 7.28265358010074 ], [ 126.226517826912996, 7.29098756963201 ], [ 126.184850940306006, 7.29098769705244 ], [ 126.184850965459006, 7.29932068678694 ], [ 126.176516072859002, 7.29931670653228 ], [ 126.176515648855002, 7.31598211691561 ], [ 126.201517972169, 7.31598761618032 ] ] ] ] } },
{ "type": "Feature", "properties": { "tenement_no": "EP 000029-II", "tenement_name": "North Luzon Mineral Resources Corporation", "tenement_type": "EP", "commodity": "Copper, Gold", "operation_status": "With exploration activity", "province": "Nueva Vizcaya", "municipality": "Kasibu", "permit_ha": 4479.7, "date_approved": "2023-06-18", "date_expiration": "2027-06-23" }, "geometry": { "type": "Polygon", "coordinates": [ [ [ 121.368801132859005, 16.252068877431199 ], [ 121.368851099851, 16.247552487099501 ], [ 121.375906652246996, 16.247574661246698 ], [ 121.375906602838995, 16.2408889585022 ], [ 121.387612151352997, 16.2409194337862 ], [ 121.387670434048999, 16.233917085608599 ], [ 121.395464875019996, 16.233950363365501 ], [ 121.395506463424994, 16.223259353654701 ], [ 121.405550903011004, 16.223335113527298 ], [ 121.405550835637001, 16.213958744286799 ], [ 121.399428614854997, 16.2139015669419 ], [ 121.399581341927998, 16.206732561291201 ], [ 121.36810358116, 16.206732774357601 ], [ 121.368103546125994, 16.2017486360477 ], [ 121.316942463196995, 16.201748981965899 ], [ 121.317014718289002, 16.206449803848901 ], [ 121.303342503395001, 16.206383233859999 ], [ 121.303187145156997, 16.233459353083301 ], [ 121.309092697682004, 16.233492642992601 ], [ 121.308981660523003, 16.2437975686946 ], [ 121.347828863912, 16.244100064086201 ], [ 121.347748365878999, 16.2519106969003 ], [ 121.368801132859005, 16.252068877431199 ] ], [ [ 121.354331521217006, 16.2280637819179 ], [ 121.357562646310001, 16.230146687850599 ], [ 121.360720703336, 16.2306185810478 ], [ 121.360720708724998, 16.2314526960865 ], [ 121.358276825825001, 16.231967681295799 ], [ 121.356916842960004, 16.234304492584499 ], [ 121.357565711362, 16.231328836335901 ], [ 121.354331806881007, 16.2289528934242 ], [ 121.354331521217006, 16.2280637819179 ] ], [ [ 121.344509252069003, 16.220816792234999 ], [ 121.342307305237995, 16.220251008570301 ], [ 121.342176466514999, 16.219406893839 ], [ 121.344034237320002, 16.2186719270548 ], [ 121.341831157713003, 16.215065773805499 ], [ 121.344204216538003, 16.215845154345502 ], [ 121.345799202273994, 16.213956092699298 ], [ 121.347868423921, 16.221645607881499 ], [ 121.350442331669996, 16.224508469652399 ], [ 121.346014558991001, 16.2249504169978 ], [ 121.346336491832005, 16.223366623995101 ], [ 121.344509252069003, 16.220816792234999 ] ], [ [ 121.339248097028999, 16.214228344310101 ], [ 121.337277271448997, 16.215313290280498 ], [ 121.337789205160007, 16.2138364322253 ], [ 121.333220029570001, 16.212076849097102 ], [ 121.327481159445995, 16.2143136952762 ], [ 121.325441990936994, 16.213954564197898 ], [ 121.328965023582001, 16.2110480525306 ], [ 121.330185021976007, 16.2108938863405 ], [ 121.330771138562994, 16.2116107831589 ], [ 121.335548903860001, 16.210362772312902 ], [ 121.336186948459996, 16.208967853327799 ], [ 121.336673916191998, 16.212011551609599 ], [ 121.339261143261993, 16.213010362122802 ], [ 121.339248097028999, 16.214228344310101 ] ] ] } },
{ "type": "Feature", "properties": { "tenement_no": "EP 000030-II", "tenement_name": "Woggle Corporation", "tenement_type": "EP", "commodity": "Gold, Copper, Lead, Zinc", "operation_status": "With exploration activity", "province": "Nueva Vizcaya", "municipality": "Dupax Del Norte", "permit_ha": 3115.6, "date_approved": "2025-08-06", "date_expiration": "2027-08-05" }, "geometry": { "type": "Polygon", "coordinates": [ [ [ 121.126437736227999, 16.302561876910101 ], [ 121.168104383881996, 16.3025615932475 ], [ 121.168104293151998, 16.290062357159201 ], [ 121.184770950417999, 16.290062244204201 ], [ 121.184770889332, 16.281729421466899 ], [ 121.188937554098004, 16.281729392149199 ], [ 121.188937493910998, 16.273396569850298 ], [ 121.205604152972995, 16.273396456885799 ], [ 121.205603879885004, 16.2358987518618 ], [ 121.201437215119, 16.2358987803239 ], [ 121.201437246560005, 16.2400651925829 ], [ 121.184770586599996, 16.2400653047041 ], [ 121.155604176685003, 16.273396795779401 ], [ 121.134770852857997, 16.273396937200701 ], [ 121.134770944485993, 16.285896172419999 ], [ 121.126437614954995, 16.285896229329801 ], [ 121.126437736227999, 16.302561876910101 ] ] ] } },
{ "type": "Feature", "properties": { "tenement_no": "EP 01-2025-I", "tenement_name": "Philex Mining Corporation", "tenement_type": "EP", "commodity": " ", "operation_status": "With exploration activity", "province": "Pangasinan", "municipality": "Labrador", "permit_ha": 3381.9, "date_approved": null, "date_expiration": null }, "geometry": { "type": "Polygon", "coordinates": [ [ [ 120.001319356620002, 15.9568982311034 ], [ 120.084652566589995, 15.956900062151799 ], [ 120.084653544855996, 15.9152360406749 ], [ 120.051320261765994, 15.9152353081034 ], [ 120.051319870100997, 15.931900915625301 ], [ 120.034653229005002, 15.9319005502338 ], [ 120.034653423939005, 15.9235677452688 ], [ 120.009653461398003, 15.923567195863001 ], [ 120.009653264666994, 15.931900000850799 ], [ 120.001319945017002, 15.9318998168593 ], [ 120.001319356620002, 15.9568982311034 ] ] ] } },
{ "type": "Feature", "properties": { "tenement_no": "EP 012-2023-IX", "tenement_name": "Benguet Corporation", "tenement_type": "EP", "commodity": "Gold, Copper, Silver and other associated minerals", "operation_status": "No activity due to expiration of the mining tenement but with application for renewal", "province": "Zamboanga Sibugay", "municipality": "R.T. Lim", "permit_ha": 341.8, "date_approved": "2023-12-04", "date_expiration": "2025-12-03" }, "geometry": { "type": "Polygon", "coordinates": [ [ [ 122.376392104581996, 7.73229672166087 ], [ 122.376392160277007, 7.74896253156246 ], [ 122.393059064579006, 7.74896247726563 ], [ 122.393059008883995, 7.73229666825205 ], [ 122.376392104581996, 7.73229672166087 ] ] ] } },
{ "type": "Feature", "properties": { "tenement_no": "EP-000001-2019-XI", "tenement_name": "TQGT MINERAL Resources Development Corporation", "tenement_type": "EP", "commodity": "Chromium and Nickel", "operation_status": "No exploration activity but with application for DMPF", "province": "Davao Oriental and Mati", "municipality": "Gov. Generoso", "permit_ha": 4184.2, "date_approved": "2021-08-27", "date_expiration": "2023-08-27" }, "geometry": { "type": "MultiPolygon", "coordinates": [ [ [ [ 126.184714184379999, 6.39071778213559 ], [ 126.184714138565994, 6.37405202612914 ], [ 126.176381161175001, 6.37405204934095 ], [ 126.176381205192001, 6.3907178044539 ], [ 126.184714184379999, 6.39071778213559 ] ] ], [ [ [ 126.193048184953, 6.39905013703255 ], [ 126.184714206837995, 6.39905016024322 ], [ 126.184714229296006, 6.40738253814422 ], [ 126.193048207410996, 6.40738251582661 ], [ 126.193048184953, 6.39905013703255 ] ] ], [ [ [ 126.176381295024001, 6.42404831739421 ], [ 126.176381227649998, 6.39905018256121 ], [ 126.159714271246003, 6.39905022719712 ], [ 126.159714338620006, 6.42404836202794 ], [ 126.176381295024001, 6.42404831739421 ] ] ], [ [ [ 126.168048384108005, 6.4490464748476 ], [ 126.151381427703996, 6.44904651947913 ], [ 126.151381495077004, 6.47404465539418 ], [ 126.159714473367004, 6.47404463218694 ], [ 126.159714450908993, 6.4657122535681 ], [ 126.184981385566999, 6.46571218483779 ], [ 126.184714364043998, 6.45737880751322 ], [ 126.193048342157994, 6.45737878430519 ], [ 126.193048455346002, 6.49904267742687 ], [ 126.201381433636001, 6.49904265600585 ], [ 126.201381297989997, 6.44904638469188 ], [ 126.218048254394006, 6.44904633827506 ], [ 126.218048209477999, 6.43238058288459 ], [ 126.209714231364003, 6.43238060520108 ], [ 126.209714208905993, 6.42404822723406 ], [ 126.201381230615993, 6.4240482504436 ], [ 126.201381184802003, 6.40738249350902 ], [ 126.193048207410996, 6.40738251582661 ], [ 126.193048297242001, 6.44071402841929 ], [ 126.168048361649994, 6.44071409536772 ], [ 126.168048384108005, 6.4490464748476 ] ] ], [ [ [ 126.151381584909004, 6.50737517078337 ], [ 126.159714564994999, 6.50737514757763 ], [ 126.159714541639005, 6.49904276935873 ], [ 126.151381563349005, 6.4990427916723 ], [ 126.151381540890995, 6.49070941230691 ], [ 126.143048562602004, 6.49070943551341 ], [ 126.143048539245001, 6.48237705717171 ], [ 126.134714560232993, 6.48237707948602 ], [ 126.134714673420007, 6.52404097430453 ], [ 126.151381631621007, 6.52404092789461 ], [ 126.151381584909004, 6.50737517078337 ] ] ] ] } },
{ "type": "Feature", "properties": { "tenement_no": "EP-000001-2024-XI", "tenement_name": "JBB Dragon Mngt Mining Corporation", "tenement_type": "EP", "commodity": "Gold", "operation_status": "With exploration activity", "province": "Davao De Oro", "municipality": "Monkayo", "permit_ha": 520.9, "date_approved": "2024-05-28", "date_expiration": "2026-05-27" }, "geometry": { "type": "Polygon", "coordinates": [ [ [ 126.08471914559, 7.94893574190797 ], [ 126.084719200386999, 7.96560151930051 ], [ 126.109719136877999, 7.9656014356736 ], [ 126.109719080283995, 7.94893565916734 ], [ 126.08471914559, 7.94893574190797 ] ] ] } },
{ "type": "Feature", "properties": { "tenement_no": "EP-000001-NIR", "tenement_name": "Midan Corporation", "tenement_type": "EP", "commodity": "Gold, Silver, Copper, Molybdenum", "operation_status": "No exploration activity due to expired Exploration Period", "province": "Negros Oriental", "municipality": "Sta. Catalina", "permit_ha": 853.0, "date_approved": "2016-04-25", "date_expiration": "2025-03-28" }, "geometry": { "type": "Polygon", "coordinates": [ [ [ 122.968063693543002, 9.22385502411284 ], [ 122.968063595626006, 9.19885679652096 ], [ 122.976396585594003, 9.19885676459749 ], [ 122.976396552355993, 9.190524355576979 ], [ 122.984729542324004, 9.19052432453956 ], [ 122.984729509985002, 9.18219091512476 ], [ 122.968063530948001, 9.182190978974679 ], [ 122.968063563287004, 9.19052438838796 ], [ 122.959729573494002, 9.19052442031216 ], [ 122.959729605833999, 9.198856829331151 ], [ 122.951396615866003, 9.198856862141399 ], [ 122.951396715578994, 9.22385508884194 ], [ 122.968063693543002, 9.22385502411284 ] ] ] } },
{ "type": "Feature", "properties": { "tenement_no": "EP-000002-NIR", "tenement_name": "SI Resources Corporation", "tenement_type": "EP", "commodity": " ", "operation_status": "With exploration activity", "province": "Negros Oriental", "municipality": "Jimalalud", "permit_ha": 425.8, "date_approved": null, "date_expiration": null }, "geometry": { "type": "Polygon", "coordinates": [ [ [ 123.159732666764995, 10.007132001104701 ], [ 123.159732702697994, 10.015465416835699 ], [ 123.168066691592003, 10.015465380566001 ], [ 123.168066726625995, 10.0237977967201 ], [ 123.176399716594005, 10.023797761336001 ], [ 123.176399752527004, 10.032130176494 ], [ 123.184732740697996, 10.0321301419953 ], [ 123.184732668833007, 10.0154653106806 ], [ 123.17639968156, 10.015465345180999 ], [ 123.176399645627001, 10.0071319303328 ], [ 123.159732666764995, 10.007132001104701 ] ] ] } },
{ "type": "Feature", "properties": { "tenement_no": "EP-000003-2020-XI", "tenement_name": "Zetosa Mineral Resources Corp.", "tenement_type": "EP", "commodity": "Copper, Gold", "operation_status": "Converted into other mining tenement", "province": "Davao Oriental", "municipality": "Banaybanay", "permit_ha": 2347.9, "date_approved": "2020-03-08", "date_expiration": "2022-03-08" }, "geometry": { "type": "Polygon", "coordinates": [ [ [ 125.993050432166001, 7.01567184289146 ], [ 125.993050481574002, 7.03233660743531 ], [ 125.984716502561, 7.03233663239891 ], [ 125.984716551968006, 7.04900239844245 ], [ 126.026383447558004, 7.04900227541196 ], [ 126.026383422405004, 7.04066989249137 ], [ 126.018050444116, 7.04066991656299 ], [ 126.018050394707998, 7.02400415181243 ], [ 126.051383310386996, 7.02400405284777 ], [ 126.051383384947002, 7.04900220052381 ], [ 126.068050342250004, 7.04900215148991 ], [ 126.068050243434996, 7.01567162177726 ], [ 125.993050432166001, 7.01567184289146 ] ] ] } },
{ "type": "Feature", "properties": { "tenement_no": "EP-000003-VI", "tenement_name": "Tambuli Mining Company, Inc.", "tenement_type": "EP", "commodity": "Gold, Copper  and other associated minerals", "operation_status": "With exploration activity", "province": "Negros Occidental", "municipality": "Sagay", "permit_ha": 1802.4, "date_approved": "2008-05-05", "date_expiration": "2023-08-09" }, "geometry": { "type": "Polygon", "coordinates": [ [ [ 123.334736300551, 10.807075741940499 ], [ 123.338903012927005, 10.811242104272599 ], [ 123.372236267271006, 10.811241952504799 ], [ 123.372236286135006, 10.8154083328675 ], [ 123.384736267855004, 10.8154082763965 ], [ 123.384736287617997, 10.8195746474114 ], [ 123.388903000892995, 10.823741009936599 ], [ 123.409736270821, 10.823740914644601 ], [ 123.409736194464003, 10.8070754022231 ], [ 123.397236154354005, 10.7945763265613 ], [ 123.393069560555006, 10.7945763442097 ], [ 123.388902885009998, 10.7987427449686 ], [ 123.376402922154995, 10.802909182356901 ], [ 123.372236226845999, 10.8029092008872 ], [ 123.355569574073002, 10.786243763868599 ], [ 123.334736202635, 10.786243858290099 ], [ 123.334736300551, 10.807075741940499 ] ], [ [ 123.355558540065999, 10.800892746593 ], [ 123.351605747101999, 10.800892764241 ], [ 123.351605737219998, 10.798801239745799 ], [ 123.355555731932, 10.7988012212152 ], [ 123.355558540065999, 10.800892746593 ] ], [ [ 123.355736250185004, 10.802714839184601 ], [ 123.355558541863005, 10.8008955261562 ], [ 123.355558540065999, 10.800892746593 ], [ 123.355736250185004, 10.802714839184601 ] ], [ [ 123.355736213355001, 10.7947431717621 ], [ 123.359736207397006, 10.7947431541137 ], [ 123.359736244228003, 10.8027148215366 ], [ 123.355736250185004, 10.802714839184601 ], [ 123.355736213355001, 10.7947431717621 ] ], [ [ 123.351402919188999, 10.7947431920577 ], [ 123.351402956917994, 10.8027148585973 ], [ 123.348680760671002, 10.802714870950799 ], [ 123.348680748095006, 10.800020618976401 ], [ 123.345791851480996, 10.800020631330099 ], [ 123.345791864955999, 10.8027148841868 ], [ 123.343069667810994, 10.8027148965403 ], [ 123.343069630979997, 10.7947432291193 ], [ 123.351402919188999, 10.7947431920577 ] ] ] } },
{ "type": "Feature", "properties": { "tenement_no": "EP-0000042-XIII", "tenement_name": "Susie Tad-y", "tenement_type": "EP", "commodity": "Aggregates and other Associated Minerals", "operation_status": "With exploration activity", "province": "Agusan del Sur", "municipality": "Rosario", "permit_ha": 699.7, "date_approved": "2025-07-07", "date_expiration": "2027-07-06" }, "geometry": { "type": "MultiPolygon", "coordinates": [ [ [ [ 126.015565334832004, 8.33761077564408 ], [ 126.022231319330004, 8.337610751645901 ], [ 126.023620325864002, 8.340388545945819 ], [ 126.026398320065994, 8.340388536168859 ], [ 126.026398408999, 8.365386730919701 ], [ 126.034731389984003, 8.36538670159066 ], [ 126.034731360338995, 8.35705330333492 ], [ 126.043065341149003, 8.357053274005301 ], [ 126.043065311503995, 8.34872087623576 ], [ 126.034731330694996, 8.348720905566021 ], [ 126.034731271406002, 8.3320551091746 ], [ 126.013898318583003, 8.332055182058941 ], [ 126.015565334832004, 8.33761077564408 ] ] ], [ [ [ 126.051398351778005, 8.365386642043919 ], [ 126.059731332762993, 8.36538661271493 ], [ 126.059731274371998, 8.348720816686489 ], [ 126.051409293258004, 8.34872084690552 ], [ 126.051398351778005, 8.365386642043919 ] ] ] ] } },
{ "type": "Feature", "properties": { "tenement_no": "EP-0000043-XIII", "tenement_name": "Alexandra Mining and Oil Ventures, Inc.", "tenement_type": "EP", "commodity": "Chromite, Nickel", "operation_status": "With exploration activity", "province": "Dinagat Islands", "municipality": "Albor", "permit_ha": 61.1, "date_approved": "2026-04-19", "date_expiration": "2028-04-18" }, "geometry": { "type": "Polygon", "coordinates": [ [ [ 125.626406509263006, 10.183602809388301 ], [ 125.626406538010002, 10.190257343086801 ], [ 125.634739520791001, 10.1902573068369 ], [ 125.634739497435007, 10.1850326744251 ], [ 125.626406509263006, 10.183602809388301 ] ], [ [ 125.626917511420999, 10.184446748470799 ], [ 125.627073510158993, 10.184285759491701 ], [ 125.627287510418995, 10.1844887443524 ], [ 125.627125511833995, 10.184649733229101 ], [ 125.626917511420999, 10.184446748470799 ] ] ] } },
{ "type": "Feature", "properties": { "tenement_no": "EP-000008-X", "tenement_name": "CEKAS Development Corporation", "tenement_type": "EP", "commodity": "Iron", "operation_status": "Relinquished", "province": "Lanao del Norte", "municipality": "City of Iligan", "permit_ha": 860.2, "date_approved": "2007-10-24", "date_expiration": "2010-01-17" }, "geometry": { "type": "MultiPolygon", "coordinates": [ [ [ [ 124.459723935758007, 8.307248207567151 ], [ 124.459723847722998, 8.28225001696555 ], [ 124.443057879465997, 8.28225007385811 ], [ 124.443057967501005, 8.307248265344979 ], [ 124.459723935758007, 8.307248207567151 ] ] ], [ [ [ 124.493057873720005, 8.30724809112257 ], [ 124.493057814430998, 8.290583296868199 ], [ 124.476390847247004, 8.290583355537411 ], [ 124.476390905637004, 8.3072481497893 ], [ 124.493057873720005, 8.30724809112257 ] ] ] ] } },
{ "type": "Feature", "properties": { "tenement_no": "EP-000010-VII", "tenement_name": "NIKIMIKO EXPLORATION, INC.", "tenement_type": "EP", "commodity": "Copper, Gold,  etc.", "operation_status": "No exploration activity but with application for DMPF", "province": "Negros Oriental", "municipality": "Jimalalud", "permit_ha": 3724.8, "date_approved": "2022-05-10", "date_expiration": "2024-05-09" }, "geometry": { "type": "MultiPolygon", "coordinates": [ [ [ [ 123.018066778001, 9.99046776703878 ], [ 123.026399803901, 9.99880014702911 ], [ 123.026399873970007, 10.015465978572999 ], [ 123.039124965414999, 10.040464171171999 ], [ 123.059732938769002, 10.0404640844854 ], [ 123.059732902836004, 10.032130669205101 ], [ 123.084732872564999, 10.0321305630555 ], [ 123.084732837529998, 10.0237981470228 ], [ 123.093066826425002, 10.0237981125233 ], [ 123.093066771628003, 10.011298989606701 ], [ 123.051399825732005, 10.011299163880199 ], [ 123.051399752967995, 9.994633334370571 ], [ 123.034732775004997, 9.99463340337577 ], [ 123.031757689531005, 9.973801877579049 ], [ 123.018066707033995, 9.973801935087099 ], [ 123.018066778001, 9.99046776703878 ] ] ], [ [ [ 123.056839087048004, 10.073794761236901 ], [ 123.068067072291996, 10.073794713475699 ], [ 123.068067036360006, 10.0654622973292 ], [ 123.084733015397006, 10.065462225685501 ], [ 123.084732980363, 10.057128810759 ], [ 123.101399958325999, 10.057128739997999 ], [ 123.101399922393995, 10.0487963245653 ], [ 123.043552995911, 10.0487965695814 ], [ 123.056839087048004, 10.073794761236901 ] ] ] ] } },
{ "type": "Feature", "properties": { "tenement_no": "EP-000015-VII", "tenement_name": "Mabuhay Filcement, Inc.", "tenement_type": "EP", "commodity": "Limestone", "operation_status": "Converted into other mining tenement", "province": "Cebu", "municipality": "San Fernando and Carcar", "permit_ha": 341.2, "date_approved": "2019-02-21", "date_expiration": "2021-02-20" }, "geometry": { "type": "MultiPolygon", "coordinates": [ [ [ [ 123.609732208113002, 10.0487941777996 ], [ 123.618066196108998, 10.048794141533699 ], [ 123.618066161073997, 10.040461728024299 ], [ 123.609732173078001, 10.040461763406601 ], [ 123.609732208113002, 10.0487941777996 ] ] ], [ [ [ 123.601399220839994, 10.048794212296499 ], [ 123.593066233567001, 10.0487942476779 ], [ 123.593066270397998, 10.0571266622796 ], [ 123.601399256771998, 10.0571266268991 ], [ 123.601399220839994, 10.048794212296499 ] ] ], [ [ [ 123.668066588315995, 10.1571193180982 ], [ 123.668066551484998, 10.1487869024151 ], [ 123.659732564386999, 10.1487869386697 ], [ 123.659732600319998, 10.1571193543519 ], [ 123.668066588315995, 10.1571193180982 ] ] ], [ [ [ 123.676399612419999, 10.165452697117001 ], [ 123.676399574691004, 10.1571192818445 ], [ 123.668066588315995, 10.1571193180982 ], [ 123.668066624248993, 10.165452733369801 ], [ 123.676399612419999, 10.165452697117001 ] ] ] ] } },
{ "type": "Feature", "properties": { "tenement_no": "EP-000017-VII", "tenement_name": "Ocelot Mineral Corporation", "tenement_type": "EP", "commodity": "Silica, Gold, Copper", "operation_status": "With exploration activity", "province": "Negros Oriental", "municipality": "Ayungon", "permit_ha": 681.3, "date_approved": "2026-03-04", "date_expiration": "2028-03-04" }, "geometry": { "type": "MultiPolygon", "coordinates": [ [ [ [ 123.051409078378995, 9.848626103148581 ], [ 123.059742071041995, 9.84862606951565 ], [ 123.059742035110006, 9.84029364781828 ], [ 123.068076026699003, 9.8402936124143 ], [ 123.068075991664998, 9.83196019188083 ], [ 123.051409008310998, 9.831960260920329 ], [ 123.051409078378995, 9.848626103148581 ] ] ], [ [ [ 123.043076087513001, 9.84862613855166 ], [ 123.043076158480005, 9.86529198091289 ], [ 123.051409149346, 9.865291945511601 ], [ 123.051409185278999, 9.873624367462821 ], [ 123.059742176144994, 9.87362433294744 ], [ 123.059742141111002, 9.865291910995349 ], [ 123.0680761327, 9.865291876479111 ], [ 123.068076097665994, 9.856958455205991 ], [ 123.051409114311994, 9.85695852512529 ], [ 123.051409078378995, 9.848626103148581 ], [ 123.043076087513001, 9.84862613855166 ] ] ] ] } },
{ "type": "Feature", "properties": { "tenement_no": "EP-000018-VII", "tenement_name": "KARWIN AGGREGATES INC.", "tenement_type": "EP", "commodity": "Copper, Gold, etc.", "operation_status": "No activity due to expiration of the mining tenement but with application for renewal", "province": "Cebu", "municipality": "Minglanilla", "permit_ha": 341.2, "date_approved": "2025-03-24", "date_expiration": "2027-03-24" }, "geometry": { "type": "MultiPolygon", "coordinates": [ [ [ [ 123.751400041728999, 10.2904436040116 ], [ 123.776400003372999, 10.290443495296101 ], [ 123.776399966542002, 10.282110079851099 ], [ 123.751400006694993, 10.2821101876856 ], [ 123.751400041728999, 10.2904436040116 ] ] ], [ [ [ 123.759733139494998, 10.31544181346 ], [ 123.768067126592996, 10.3154417781082 ], [ 123.768067088863006, 10.3071083631056 ], [ 123.759733103561999, 10.307108398458301 ], [ 123.759733139494998, 10.31544181346 ] ] ] ] } },
{ "type": "Feature", "properties": { "tenement_no": "EP-000021-VII", "tenement_name": "KARWIN AGGREGATES INC.", "tenement_type": "EP", "commodity": "Copper, Gold, Limestone, Tuff, Rock Phospate and other minerals", "operation_status": "No activity due to expiration of the mining tenement but with application for renewal", "province": "Cebu", "municipality": "Minglanilla", "permit_ha": 511.8, "date_approved": "2025-03-24", "date_expiration": "2027-03-24" }, "geometry": { "type": "Polygon", "coordinates": [ [ [ 123.793066866352007, 10.2654451767617 ], [ 123.793066903183004, 10.273777593608999 ], [ 123.776399929711005, 10.273777664321999 ], [ 123.776399966542002, 10.282110079851099 ], [ 123.809732914560001, 10.282109934893301 ], [ 123.80973284, 10.265445104278999 ], [ 123.793066866352007, 10.2654451767617 ] ] ] } },
{ "type": "Feature", "properties": { "tenement_no": "EP-000022-VII", "tenement_name": "Bayan Cement Producers Corporation", "tenement_type": "EP", "commodity": "Dolomite, Limestone", "operation_status": "No activity due to expiration of the mining tenement but with application for renewal", "province": "Cebu", "municipality": "Sibonga", "permit_ha": 170.6, "date_approved": "2023-10-02", "date_expiration": "2025-10-02" }, "geometry": { "type": "MultiPolygon", "coordinates": [ [ [ [ 123.609732173078001, 10.040461763406601 ], [ 123.609732208113002, 10.0487941777996 ], [ 123.618066196108998, 10.048794141533699 ], [ 123.618066161073997, 10.040461728024299 ], [ 123.609732173078001, 10.040461763406601 ] ] ], [ [ [ 123.601399256771998, 10.0571266268991 ], [ 123.601399220839994, 10.048794212296499 ], [ 123.593066233567001, 10.0487942476779 ], [ 123.593066270397998, 10.0571266622796 ], [ 123.601399256771998, 10.0571266268991 ] ] ] ] } },
{ "type": "Feature", "properties": { "tenement_no": "EP-000023-XIII", "tenement_name": "OceanaGold (Philippines) Resource Corporation", "tenement_type": "EP", "commodity": "Gold", "operation_status": "With exploration activity", "province": "Agusan del Sur", "municipality": "Bayugan City", "permit_ha": 1942.2, "date_approved": "2007-12-16", "date_expiration": "2009-12-15" }, "geometry": { "type": "Polygon", "coordinates": [ [ [ 125.919138326197, 8.82206824976137 ], [ 125.940939276620995, 8.8220681680941 ], [ 125.940939249671004, 8.81485168601427 ], [ 125.948225233412003, 8.81485165849541 ], [ 125.948276151719, 8.793152216314819 ], [ 125.941024167414994, 8.793152242947549 ], [ 125.941024140465998, 8.78591176218745 ], [ 125.897409237402002, 8.78591192376242 ], [ 125.897341346326002, 8.814734856027631 ], [ 125.919133298326003, 8.814734775246439 ], [ 125.919138326197, 8.82206824976137 ] ], [ [ 125.924125264208001, 8.8089931691375 ], [ 125.924125242648003, 8.80313658878528 ], [ 125.928119234147999, 8.803104576239321 ], [ 125.925697261158007, 8.8089681647534 ], [ 125.924125264208001, 8.8089931691375 ] ] ] } },
{ "type": "Feature", "properties": { "tenement_no": "EP-000026-II", "tenement_name": "Cordillera Exploration Co., Inc.", "tenement_type": "EP", "commodity": "Copper, Gold", "operation_status": "With exploration activity", "province": "Isabela", "municipality": "Cordon", "permit_ha": 4995.1, "date_approved": null, "date_expiration": null }, "geometry": { "type": "MultiPolygon", "coordinates": [ [ [ [ 121.446032355699998, 16.665041002300701 ], [ 121.437699036051001, 16.665040821578099 ], [ 121.435754703585005, 16.660318847738999 ], [ 121.432699154215001, 16.660318781472402 ], [ 121.424088199446999, 16.654207860636699 ], [ 121.424088133870001, 16.6569854668797 ], [ 121.418532587436999, 16.656985346392901 ], [ 121.418532645827995, 16.6544855005199 ], [ 121.417977091723003, 16.654485488471 ], [ 121.417976786295995, 16.667540239617299 ], [ 121.422143445672006, 16.667540329977498 ], [ 121.422143517536995, 16.6644849618643 ], [ 121.42797684192, 16.664485088370501 ], [ 121.427976900310995, 16.661985243166601 ], [ 121.430199118524996, 16.661985291360001 ], [ 121.430199047558006, 16.665040658927701 ], [ 121.435754593991007, 16.665040779409399 ], [ 121.437421128742997, 16.670596027956201 ], [ 121.440476679910006, 16.670596094219299 ], [ 121.440476614332994, 16.673373700178299 ], [ 121.446032160765995, 16.6733738206547 ], [ 121.446032355699998, 16.665041002300701 ] ] ], [ [ [ 121.426307443338999, 16.781700053501801 ], [ 121.438807423263, 16.781700324420001 ], [ 121.438807622688998, 16.773135204587899 ], [ 121.434640957024996, 16.773367414127499 ], [ 121.434641151958999, 16.7650345935464 ], [ 121.442974472507004, 16.765034774174399 ], [ 121.442974446456006, 16.766145816799099 ], [ 121.448529992888993, 16.7661459363568 ], [ 121.448530115957993, 16.760868483290999 ], [ 121.445752341843004, 16.7608684230803 ], [ 121.445752406522004, 16.7580908167463 ], [ 121.442974634204006, 16.758090756534799 ], [ 121.442974698881997, 16.755313149220601 ], [ 121.440196925666001, 16.755313089008201 ], [ 121.440196990345001, 16.752535483302001 ], [ 121.437419217127996, 16.752535423088698 ], [ 121.437419274619998, 16.7500355771881 ], [ 121.434641501404002, 16.750035516973998 ], [ 121.434641734965993, 16.740036132037702 ], [ 121.451308375162995, 16.740036493341002 ], [ 121.451308472180997, 16.735870082867301 ], [ 121.467975112377999, 16.735870444178499 ], [ 121.467975404331, 16.723371214258702 ], [ 121.442975444484006, 16.723370672256301 ], [ 121.442975638519997, 16.7150378524872 ], [ 121.426308998322995, 16.715037491996799 ], [ 121.426309581330003, 16.690039032626999 ], [ 121.409642941132006, 16.690038671229001 ], [ 121.409643913108994, 16.648374574302199 ], [ 121.401310593459996, 16.648374393563799 ], [ 121.401310579984994, 16.648929915328999 ], [ 121.404366131152003, 16.648929981599601 ], [ 121.404366066473003, 16.6517075869188 ], [ 121.398810519142003, 16.651707466428601 ], [ 121.398810454463003, 16.654485072786098 ], [ 121.396810457890993, 16.6544850297545 ], [ 121.396032556381002, 16.6598180170507 ], [ 121.396031851204, 16.690038376087301 ], [ 121.401309620584001, 16.69003849053 ], [ 121.401308260535004, 16.7483682305785 ], [ 121.403808256698994, 16.748368284771601 ], [ 121.403807900068003, 16.763645122700499 ], [ 121.406863451234997, 16.7636451889312 ], [ 121.406863257199007, 16.771978009330802 ], [ 121.412418802733995, 16.7719781288849 ], [ 121.412418679664995, 16.777255582383098 ], [ 121.406863134130006, 16.777255461972199 ], [ 121.406863003873994, 16.782810675343299 ], [ 121.409640777090999, 16.782810735546999 ], [ 121.409640718700004, 16.785310582366701 ], [ 121.426307358898001, 16.785310942723999 ], [ 121.426307443338999, 16.781700053501801 ] ] ] ] } },
{ "type": "Feature", "properties": { "tenement_no": "EP-000026-XIII", "tenement_name": "SEMCO Exploration and Mining Corporation", "tenement_type": "EP", "commodity": "Gold and other associated minerals", "operation_status": "With exploration activity", "province": "Agusan Del Norte", "municipality": "Tubay, Jabonga and Santiago", "permit_ha": 516.7, "date_approved": "2022-07-06", "date_expiration": "2027-09-05" }, "geometry": { "type": "Polygon", "coordinates": [ [ [ 125.626391843367998, 9.207178921734821 ], [ 125.626391874809002, 9.21551232163773 ], [ 125.634724856692003, 9.21551228882903 ], [ 125.634724953710005, 9.24051048961654 ], [ 125.651391914605995, 9.24051042400386 ], [ 125.651391888554997, 9.23379290815976 ], [ 125.650379885183, 9.232203027620081 ], [ 125.643058901282004, 9.23217705768578 ], [ 125.643058804264001, 9.20717885700267 ], [ 125.626391843367998, 9.207178921734821 ] ] ] } },
{ "type": "Feature", "properties": { "tenement_no": "EP-000027-II", "tenement_name": "NCG Mineral Resources Corporation", "tenement_type": "EP", "commodity": "Copper, Gold", "operation_status": "With exploration activity", "province": "Isabela", "municipality": "Dinapigue", "permit_ha": 8263.1, "date_approved": "2025-03-30", "date_expiration": "2027-03-29" }, "geometry": { "type": "Polygon", "coordinates": [ [ [ 122.159772783668998, 16.6317013409837 ], [ 122.159772753126006, 16.627534928952901 ], [ 122.176439405001005, 16.627534813612101 ], [ 122.176439311576999, 16.615035576159698 ], [ 122.184772636616003, 16.615035517624801 ], [ 122.184772389578995, 16.581704221857802 ], [ 122.234772341612, 16.581703875752801 ], [ 122.234772403595997, 16.5900367001876 ], [ 122.243105730432006, 16.590036641645 ], [ 122.243105420513004, 16.548372523814301 ], [ 122.234772094576002, 16.548372581508499 ], [ 122.234771908623998, 16.523374113070702 ], [ 122.218105258546004, 16.523374227612699 ], [ 122.218105320529006, 16.531707050222298 ], [ 122.143105389785006, 16.531707566930901 ], [ 122.143106133589995, 16.6317014571827 ], [ 122.159772783668998, 16.6317013409837 ] ] ] } },
{ "type": "Feature", "properties": { "tenement_no": "EP-000028-II", "tenement_name": "NGC Mineral Resources Corporation", "tenement_type": "EP", "commodity": "Copper, Gold", "operation_status": "With exploration activity", "province": "Isabela", "municipality": "Dinapigue", "permit_ha": 8052.6, "date_approved": "2025-03-30", "date_expiration": "2027-03-29" }, "geometry": { "type": "Polygon", "coordinates": [ [ [ 122.101439503901005, 16.631701745528499 ], [ 122.143106133589995, 16.6317014571827 ], [ 122.143105389785006, 16.531707566930901 ], [ 122.218105320529006, 16.531707050222298 ], [ 122.218105258546004, 16.523374227612699 ], [ 122.213938533592994, 16.515041433037801 ], [ 122.074255328169997, 16.5150423950601 ], [ 122.074255373086004, 16.5211920173805 ], [ 122.101438883165002, 16.548373501170399 ], [ 122.101439008030994, 16.5650391497683 ], [ 122.093105681194999, 16.565039206596499 ], [ 122.093105806061004, 16.581704854661801 ], [ 122.101439131101003, 16.581704797838501 ], [ 122.101439503901005, 16.631701745528499 ] ] ] } },
{ "type": "Feature", "properties": { "tenement_no": "EP-000028-XIII", "tenement_name": "Malayan Nickel Mining Corporation", "tenement_type": "EP", "commodity": "Nickel", "operation_status": "With exploration activity", "province": "Surigao del Sur", "municipality": "Carrascal", "permit_ha": 562.0, "date_approved": "2011-01-13", "date_expiration": "2026-04-15" }, "geometry": { "type": "Polygon", "coordinates": [ [ [ 125.884724942945994, 9.390498720263469 ], [ 125.884725143270003, 9.440495124791481 ], [ 125.913033072793993, 9.44049501225058 ], [ 125.893859080127996, 9.430600800298119 ], [ 125.888816069276999, 9.42451025799855 ], [ 125.888935031372995, 9.4152669217178 ], [ 125.893050985342995, 9.406372545656589 ], [ 125.893058922856994, 9.39049868747119 ], [ 125.884724942945994, 9.390498720263469 ] ] ] } },
{ "type": "Feature", "properties": { "tenement_no": "EP-000035-XIII", "tenement_name": "All-Acacia Resources Corporation", "tenement_type": "EP", "commodity": "Gold", "operation_status": "With exploration activity", "province": "Surigao del Norte", "municipality": "Mabuhay", "permit_ha": 896.9, "date_approved": "2018-07-19", "date_expiration": "2026-03-09" }, "geometry": { "type": "Polygon", "coordinates": [ [ [ 125.534737455378007, 9.656962287764641 ], [ 125.534737558684995, 9.681960520901431 ], [ 125.526404575903001, 9.68196055543674 ], [ 125.526404645073995, 9.69862637736562 ], [ 125.531504635165007, 9.698626356999689 ], [ 125.531504655825998, 9.70367599978472 ], [ 125.534737649413998, 9.70367598650274 ], [ 125.534737697923006, 9.715292165950141 ], [ 125.543071680530005, 9.715292131418259 ], [ 125.543071645495004, 9.70695872007509 ], [ 125.551404628276998, 9.706958685542361 ], [ 125.551404593241998, 9.69862627465039 ], [ 125.540635615667, 9.698626318924189 ], [ 125.540635603091005, 9.695579534937581 ], [ 125.544521594635995, 9.69557951811338 ], [ 125.544521538042005, 9.681960481053039 ], [ 125.543071541290999, 9.68196048636616 ], [ 125.543071437983997, 9.65696225411237 ], [ 125.534737455378007, 9.656962287764641 ] ] ] } },
{ "type": "Feature", "properties": { "tenement_no": "EP-000039-XIII", "tenement_name": "Oceanagold (Phililippines) Resource Corporation", "tenement_type": "EP", "commodity": "Gold", "operation_status": "With exploration activity", "province": "Surigao Del Norte", "municipality": "Mainit, Malimono and Sison", "permit_ha": 1119.6, "date_approved": "2023-11-13", "date_expiration": "2025-11-12" }, "geometry": { "type": "Polygon", "coordinates": [ [ [ 125.451393782729994, 9.59048509668667 ], [ 125.451393920173004, 9.623816712102281 ], [ 125.468060881967006, 9.62381664390546 ], [ 125.468060575641005, 9.54882201228029 ], [ 125.459726594832006, 9.548822045057429 ], [ 125.459726764612995, 9.59048506302778 ], [ 125.451393782729994, 9.59048509668667 ] ] ] } },
{ "type": "Feature", "properties": { "tenement_no": "EP-000040-XIII", "tenement_name": "Oriental Petroleum and Minerals Corporation", "tenement_type": "EP", "commodity": "Nickel", "operation_status": "With exploration activity", "province": "Dinagat Islands", "municipality": "Libjo", "permit_ha": 365.7, "date_approved": "2024-06-04", "date_expiration": "2026-06-03" }, "geometry": { "type": "Polygon", "coordinates": [ [ [ 125.584728895873994, 10.1654445570455 ], [ 125.605562955422002, 10.1904426934212 ], [ 125.609728945552007, 10.1904426748542 ], [ 125.609728909620003, 10.1821092663876 ], [ 125.601395929532998, 10.1821093017543 ], [ 125.601395893600994, 10.173776894005099 ], [ 125.609728872789006, 10.173776858637501 ], [ 125.609728836855993, 10.165444450055601 ], [ 125.584728895873994, 10.1654445570455 ] ] ] } },
{ "type": "Feature", "properties": { "tenement_no": "EP-000041-XIII", "tenement_name": "Manila Mining Corporation", "tenement_type": "EP", "commodity": "Gold", "operation_status": "With exploration activity", "province": "Surigao del Norte", "municipality": "Placer", "permit_ha": 519.6, "date_approved": "2024-11-12", "date_expiration": "2026-11-11" }, "geometry": { "type": "MultiPolygon", "coordinates": [ [ [ [ 125.591629665851997, 9.64128989494486 ], [ 125.591629655071998, 9.63857608961302 ], [ 125.588893661601006, 9.63857610112626 ], [ 125.588893639142995, 9.6331514893226 ], [ 125.569765683339, 9.63315156637405 ], [ 125.569765705796996, 9.63857617729081 ], [ 125.571132714385996, 9.641289978193811 ], [ 125.571132725165995, 9.644000784234709 ], [ 125.573862718789002, 9.644000772721659 ], [ 125.573862730466999, 9.64671457956554 ], [ 125.576596722491004, 9.64671456805257 ], [ 125.576599701305, 9.64128995605315 ], [ 125.591629665851997, 9.64128989494486 ] ] ], [ [ [ 125.597096686906994, 9.64942529062348 ], [ 125.599829691682999, 9.65213908567093 ], [ 125.602562683881999, 9.652139074158161 ], [ 125.602562673102, 9.64942526848332 ], [ 125.597096663551, 9.64400067884594 ], [ 125.595729656757996, 9.641289879003571 ], [ 125.591629665851997, 9.64128989494486 ], [ 125.591629699088998, 9.649425312763601 ], [ 125.597096686906994, 9.64942529062348 ] ] ], [ [ [ 125.588660825465993, 9.67845424944835 ], [ 125.588660803007997, 9.67302663597042 ], [ 125.585927809910004, 9.673026647482491 ], [ 125.585927832368, 9.67845125990126 ], [ 125.583193838547004, 9.67845127052759 ], [ 125.583197849525007, 9.681167077127551 ], [ 125.584726845918993, 9.68116707092892 ], [ 125.584726884546001, 9.690477404545851 ], [ 125.589282874663994, 9.690477385950389 ], [ 125.592201843279994, 9.68468978814249 ], [ 125.597787810262005, 9.67994010507457 ], [ 125.593679791111995, 9.67302661648846 ], [ 125.593679768653999, 9.6676070040577 ], [ 125.594601755444003, 9.66489419446243 ], [ 125.591395752636998, 9.662182401768719 ], [ 125.591393818564001, 9.67845423705092 ], [ 125.588660825465993, 9.67845424944835 ] ] ] ] } },
{ "type": "Feature", "properties": { "tenement_no": "EP-001-2023-III", "tenement_name": "Neutron Construction and Marketing Corporation", "tenement_type": "EP", "commodity": "Silica, Diorite, White Clay, Iron Ore, Limetone, Gold", "operation_status": "No activity due to expiration of the mining tenement but with application for renewal", "province": "Bulacan", "municipality": "Dona Remedios Trinidad", "permit_ha": 2948.4, "date_approved": "2023-07-05", "date_expiration": "2025-07-04" }, "geometry": { "type": "MultiPolygon", "coordinates": [ [ [ [ 121.113928230569002, 14.9318133908011 ], [ 121.118095166626006, 14.9318133908011 ], [ 121.118095206150997, 14.9234808892288 ], [ 121.113928149719996, 14.923480997730801 ], [ 121.113928230569002, 14.9318133908011 ] ] ], [ [ [ 121.118095219625999, 14.9359801813752 ], [ 121.109761195697004, 14.935980178771301 ], [ 121.109761264867998, 14.940146860739601 ], [ 121.105595299889998, 14.9401469701011 ], [ 121.105595413078007, 14.9651453546378 ], [ 121.109761395123002, 14.965145387615999 ], [ 121.109761538854002, 14.981810353162199 ], [ 121.118095570866998, 14.981810275929799 ], [ 121.118095507006416, 14.973477715685299 ], [ 121.126428477291995, 14.9734777434553 ], [ 121.126428368595995, 14.9568117245575 ], [ 121.134761316343003, 14.9568117384436 ], [ 121.134761382817999, 14.9651452817386 ], [ 121.143095338475007, 14.965145214914401 ], [ 121.143095512748005, 14.973477614150999 ], [ 121.159761383089005, 14.973477519559401 ], [ 121.159761295951995, 14.956811589168099 ], [ 121.168095402526006, 14.9568115683389 ], [ 121.168095252507001, 14.9401465422025 ], [ 121.159761231274004, 14.940146630733301 ], [ 121.159761196239003, 14.9318131486342 ], [ 121.151428181119002, 14.931813246716199 ], [ 121.151428141593001, 14.923480788539001 ], [ 121.118095206150997, 14.9234808892288 ], [ 121.118095405757998, 14.960266774421662 ], [ 121.118095219625999, 14.9359801813752 ] ] ] ] } },
{ "type": "Feature", "properties": { "tenement_no": "EP-002-2010-IVB", "tenement_name": "Berong Nickel Corporation", "tenement_type": "EP", "commodity": "Nickel, Cobalt", "operation_status": "No activity due to expiration of the mining tenement but with application for renewal", "province": "Palawan", "municipality": "Aborlan, Quezon", "permit_ha": 1070.1, "date_approved": "2024-03-18", "date_expiration": "2026-03-17" }, "geometry": { "type": "MultiPolygon", "coordinates": [ [ [ [ 118.260651584794005, 9.423303590332051 ], [ 118.257001549232996, 9.41524915756322 ], [ 118.253898546358002, 9.415249169970201 ], [ 118.253898567918, 9.42052680827798 ], [ 118.256676570203993, 9.42052679675737 ], [ 118.256676591764005, 9.42580343366056 ], [ 118.259454593152995, 9.42580342214014 ], [ 118.259454583270994, 9.423303593876801 ], [ 118.260651584794005, 9.423303590332051 ] ] ], [ [ [ 118.229454560129, 9.42330371351288 ], [ 118.226676556943005, 9.42330372414718 ], [ 118.226676568621997, 9.425803553295751 ], [ 118.229454570010006, 9.42580354177532 ], [ 118.229454592468002, 9.431359160014891 ], [ 118.234731596483996, 9.43135913874675 ], [ 118.234731607263996, 9.434136948431609 ], [ 118.243065615022999, 9.43413691475735 ], [ 118.243065591667005, 9.428581296056789 ], [ 118.240287590278001, 9.428581308463279 ], [ 118.240287546261001, 9.41774905210892 ], [ 118.229454542162003, 9.41874302705595 ], [ 118.229454560129, 9.42330371351288 ] ] ], [ [ [ 118.269440694346997, 9.44912477986203 ], [ 118.264267690986003, 9.449124800242959 ], [ 118.264267680206999, 9.4464299852637 ], [ 118.260073677012002, 9.446430002986389 ], [ 118.260073659046, 9.441980308975999 ], [ 118.264051662330004, 9.441980292139259 ], [ 118.264051651550005, 9.43941446978913 ], [ 118.253898644274003, 9.43941450966593 ], [ 118.253898685596994, 9.449751799907711 ], [ 118.260379691707001, 9.449751774210119 ], [ 118.263256707202999, 9.4534135108219 ], [ 118.269440712313994, 9.453413486010639 ], [ 118.269440694346997, 9.44912477986203 ] ] ], [ [ [ 118.256676932225005, 9.510242634643021 ], [ 118.256676921446001, 9.50746482554473 ], [ 118.251120916871997, 9.507464848580099 ], [ 118.251120929448007, 9.51035365007346 ], [ 118.255565943492996, 9.51302044775902 ], [ 118.259731946200006, 9.51302043269766 ], [ 118.268065976417006, 9.5188529984823 ], [ 118.272231979124001, 9.51885298164933 ], [ 118.274454990549998, 9.52107482040333 ], [ 118.284176998728995, 9.521074780535971 ], [ 118.284176986153, 9.518296971744441 ], [ 118.289454990891997, 9.518296949595729 ], [ 118.289454977418004, 9.514956180028721 ], [ 118.281229939794002, 9.507464727201359 ], [ 118.278621161242, 9.507464848580099 ], [ 118.278621153157005, 9.505587199582219 ], [ 118.268506923456997, 9.50558690720851 ], [ 118.268506931542007, 9.50746477858798 ], [ 118.259454923733003, 9.507464814913 ], [ 118.259454935411, 9.51024262312543 ], [ 118.256676932225005, 9.510242634643021 ] ] ], [ [ [ 118.325843092124003, 9.53662954592844 ], [ 118.323066090560005, 9.536629557445149 ], [ 118.323066079780006, 9.533851747649431 ], [ 118.328621083631006, 9.53385172550173 ], [ 118.328621051290995, 9.525796279216481 ], [ 118.331399053577996, 9.525796267699411 ], [ 118.331399031120995, 9.52051963006698 ], [ 118.325843026547005, 9.52051965221554 ], [ 118.325843048105995, 9.5257962898476 ], [ 118.323066045643998, 9.525796300478749 ], [ 118.323066069, 9.531351919643839 ], [ 118.320288067611997, 9.53135193027482 ], [ 118.320288076595006, 9.533851759166231 ], [ 118.317788075040994, 9.533851768911219 ], [ 118.317788107379997, 9.54190721634002 ], [ 118.323066112120003, 9.541907195078741 ], [ 118.323066102238002, 9.53940736676325 ], [ 118.325843104699999, 9.539407354360719 ], [ 118.325843092124003, 9.53662954592844 ] ] ], [ [ [ 118.298621083845006, 9.539407465097369 ], [ 118.295843081558004, 9.53940747572811 ], [ 118.295843092338004, 9.541907304042811 ], [ 118.290288087589005, 9.54190732618995 ], [ 118.290288099267002, 9.544684135752981 ], [ 118.287510096082002, 9.54468414726942 ], [ 118.287510107759999, 9.54746195650084 ], [ 118.295843114795005, 9.54746192283773 ], [ 118.295843102218996, 9.54468411360598 ], [ 118.298621104505997, 9.544684102089549 ], [ 118.298621083845006, 9.539407465097369 ] ] ] ] } },
{ "type": "Feature", "properties": { "tenement_no": "EP-002-2023-III", "tenement_name": "Atlantic Mines and Trading Corporation", "tenement_type": "EP", "commodity": "Silica", "operation_status": "No activity due to expiration of the mining tenement but with application for renewal", "province": "Bulacan", "municipality": "Dona Remedios Trinidad", "permit_ha": 2899.4, "date_approved": "2023-07-05", "date_expiration": "2025-07-04" }, "geometry": { "type": "MultiPolygon", "coordinates": [ [ [ [ 121.109761793974997, 15.0151422059146 ], [ 121.109761632279003, 15.006808707950499 ], [ 121.093095729598005, 15.006808836366901 ], [ 121.093095801462994, 15.015142264914401 ], [ 121.109761793974997, 15.0151422059146 ] ] ], [ [ [ 121.102781874336003, 15.023635707076901 ], [ 121.103089726983995, 15.017836046231499 ], [ 121.098070735286996, 15.0178391324039 ], [ 121.097820855416003, 15.021035913656201 ], [ 121.093809865096006, 15.0209279504028 ], [ 121.091970920284993, 15.0264076490704 ], [ 121.097792850437003, 15.026443612767901 ], [ 121.098056850926, 15.0236386994636 ], [ 121.102781874336003, 15.023635707076901 ] ] ], [ [ [ 121.091520931700998, 15.040140760655699 ], [ 121.109761967349996, 15.0401405854121 ], [ 121.109193029246995, 15.050772920024199 ], [ 121.101429012417, 15.050772992026699 ], [ 121.101429133688995, 15.073471591264401 ], [ 121.118096109857007, 15.073471417783001 ], [ 121.118096195196998, 15.081803912199801 ], [ 121.126429222894004, 15.0818039373536 ], [ 121.126429186063007, 15.0734714082416 ], [ 121.134762202082001, 15.0734714533467 ], [ 121.128512069288007, 15.0651389031959 ], [ 121.118096171839994, 15.065139008156301 ], [ 121.118096108957999, 15.0642360374141 ], [ 121.112551114137005, 15.0636250605206 ], [ 121.112551093475005, 15.0599444180836 ], [ 121.110051102700993, 15.0599443885899 ], [ 121.113929061510007, 15.0580004706406 ], [ 121.113929077679998, 15.0535087618481 ], [ 121.124345955188971, 15.048473034417913 ], [ 121.126428936330996, 15.048473065648301 ], [ 121.126428926448995, 15.040140514273499 ], [ 121.118095940973006, 15.040140571531399 ], [ 121.118095852937998, 15.031807055997 ], [ 121.076428884584999, 15.031807336224301 ], [ 121.076428933093993, 15.040140856953 ], [ 121.091425989656997, 15.040140775404 ], [ 121.091520918226124, 15.038051917055318 ], [ 121.091520931700998, 15.040140760655699 ] ] ], [ [ [ 121.101429048349004, 15.050706029725101 ], [ 121.109192969958002, 15.050705956855101 ], [ 121.109192964567995, 15.0443063821634 ], [ 121.101428996246995, 15.044306481061399 ], [ 121.101429048349004, 15.050706029725101 ] ] ], [ [ [ 121.084762170996996, 15.065139172970101 ], [ 121.081373077161004, 15.065139171235201 ], [ 121.081235102221996, 15.066100148012101 ], [ 121.080440169552006, 15.065889189800499 ], [ 121.079740119638004, 15.073471784696199 ], [ 121.084762111708002, 15.073471712701499 ], [ 121.084762170996996, 15.065139172970101 ] ] ], [ [ [ 121.159761436023402, 14.981809980885384 ], [ 121.159761537598996, 14.9879206464754 ], [ 121.163900624085002, 14.9903323572643 ], [ 121.170159427418, 14.978671111914601 ], [ 121.159761450462995, 14.965978012497001 ], [ 121.159761383089005, 14.973477519559401 ], [ 121.151428431748997, 14.9734775377835 ], [ 121.151428517089002, 14.9818100555137 ], [ 121.159761436023402, 14.981809980885384 ] ] ], [ [ [ 121.134761722381, 15.006808580401801 ], [ 121.143095713072, 15.0068085040461 ], [ 121.143095604376001, 14.9984760391 ], [ 121.151428654531003, 14.998475975757 ], [ 121.151428554817997, 14.990143560132999 ], [ 121.134761645125991, 14.990143620875196 ], [ 121.134761419648996, 14.973477735645 ], [ 121.143095512748005, 14.973477614150999 ], [ 121.143095338475007, 14.965145214914401 ], [ 121.134761382817999, 14.965145281738593 ], [ 121.134761316343003, 14.9568117384436 ], [ 121.126428367697002, 14.9568117245575 ], [ 121.126428524003998, 14.981810247293 ], [ 121.109761539752, 14.981810352294399 ], [ 121.109761634974006, 14.990143775333999 ], [ 121.118095619376007, 14.9901437336821 ], [ 121.118095635545998, 14.9984761918173 ], [ 121.134761657702001, 14.998476059057399 ], [ 121.134761722381, 15.006808580401801 ] ] ], [ [ [ 121.134762229928995, 15.0901372969528 ], [ 121.134762328744003, 15.098469760802599 ], [ 121.143096262840999, 15.0984696992239 ], [ 121.143096210739003, 15.090137293483499 ], [ 121.134762229928995, 15.0901372969528 ] ] ] ] } },
{ "type": "Feature", "properties": { "tenement_no": "EP-003-2023-III", "tenement_name": "Philex Mining Corporation", "tenement_type": "EP", "commodity": "gold, copper and other associated minerals", "operation_status": "No exploration activity due to expired Exploration Period", "province": "Zambales", "municipality": "Masinloc, Sta. Cruz, Candelaria, and Masinloc", "permit_ha": 6773.2, "date_approved": "2023-09-05", "date_expiration": "2025-09-04" }, "geometry": { "type": "MultiPolygon", "coordinates": [ [ [ [ 120.109765876758004, 15.5817792384517 ], [ 120.109765964792999, 15.598445216901 ], [ 120.084765967216995, 15.5984452887151 ], [ 120.084766491832994, 15.665108203832601 ], [ 120.168100477946993, 15.665107707352201 ], [ 120.168099828465003, 15.5817787711894 ], [ 120.109765876758004, 15.5817792384517 ] ], [ [ 120.093100171706993, 15.606777760595699 ], [ 120.093100036959996, 15.606777760595699 ], [ 120.093099960602999, 15.5984452904456 ], [ 120.093100171706993, 15.606777760595699 ] ], [ [ 120.126432956231, 15.606777562466 ], [ 120.126433099064002, 15.615111053313599 ], [ 120.134766076454994, 15.6151110048646 ], [ 120.134766062081994, 15.6067774629685 ], [ 120.143099965635997, 15.606777416248001 ], [ 120.143100157876006, 15.6234434276644 ], [ 120.151433111013006, 15.6234433368263 ], [ 120.151433230489005, 15.631775799686199 ], [ 120.143100217164999, 15.631775928584499 ], [ 120.143100395928997, 15.656774396164201 ], [ 120.126433425152001, 15.6567744575781 ], [ 120.126433385626001, 15.6484419857006 ], [ 120.093100310945999, 15.648442212335601 ], [ 120.093100171706993, 15.606777760595699 ], [ 120.126432956231, 15.606777562466 ] ] ], [ [ [ 120.009766438918007, 15.6734412443179 ], [ 120.009766426341002, 15.6651087158822 ], [ 120.001433428289005, 15.665108819676099 ], [ 120.001433475000994, 15.673441293618 ], [ 120.009766438918007, 15.6734412443179 ] ] ], [ [ [ 120.084766491832994, 15.665108203832601 ], [ 120.076433382388998, 15.6651082842729 ], [ 120.076433560256007, 15.681773207018701 ], [ 120.084766508900998, 15.681773230370499 ], [ 120.084766491832994, 15.665108203832601 ] ] ], [ [ [ 120.084767328164006, 15.798433041821101 ], [ 120.076434358857995, 15.7984330884978 ], [ 120.076434424435007, 15.8067656122206 ], [ 120.084767458420004, 15.8067655292434 ], [ 120.084767328164006, 15.798433041821101 ] ] ], [ [ [ 120.018101760014005, 15.8567628758449 ], [ 120.034767704017, 15.8567628360949 ], [ 120.034767673473993, 15.848430247602 ], [ 120.051434731387999, 15.8484301819253 ], [ 120.051434696352999, 15.8400977523658 ], [ 120.059767635116998, 15.8400976711306 ], [ 120.059767583913001, 15.8317641907928 ], [ 120.068101539569994, 15.8317641095543 ], [ 120.068101533282004, 15.823431654501601 ], [ 120.084767517708997, 15.823431479918099 ], [ 120.084767512319004, 15.815099003797799 ], [ 120.043101540197, 15.8150992682768 ], [ 120.043101718962006, 15.840097691007299 ], [ 120.018101704317999, 15.840097910515 ], [ 120.018101760014005, 15.8567628758449 ] ] ] ] } },
{ "type": "Feature", "properties": { "tenement_no": "EP-004-2024-MIMAROPA", "tenement_name": "Berong Nickel Corporation", "tenement_type": "EP", "commodity": "Nickel", "operation_status": "Converted into other mining tenement", "province": "Palawan", "municipality": "Aborlan", "permit_ha": 2178.6, "date_approved": "2024-02-07", "date_expiration": "2026-02-07" }, "geometry": { "type": "Polygon", "coordinates": [ [ [ 118.370188739636006, 9.64576665806768 ], [ 118.372074837914994, 9.64251492934841 ], [ 118.375566231894993, 9.6430107136435 ], [ 118.375566221114994, 9.64023312758497 ], [ 118.386677340033003, 9.640233081532219 ], [ 118.386608150891007, 9.63494705624794 ], [ 118.405843997953994, 9.634955587654231 ], [ 118.405844008733993, 9.63773317553998 ], [ 118.413899571094007, 9.63773314277144 ], [ 118.413899537855997, 9.62967813967121 ], [ 118.408621755899006, 9.629678160926989 ], [ 118.408621744220994, 9.62690057407745 ], [ 118.405843964715999, 9.62690058470546 ], [ 118.405843953038001, 9.624122997157899 ], [ 118.403066173533006, 9.62412300955733 ], [ 118.403066185211003, 9.626900596219089 ], [ 118.400288405707002, 9.62690060773274 ], [ 118.400288382349999, 9.621345432832509 ], [ 118.402232828004003, 9.621345425747091 ], [ 118.396468924526999, 9.618690074853969 ], [ 118.392232810108993, 9.618567878451421 ], [ 118.392123043167999, 9.60783389280569 ], [ 118.389389985391006, 9.607828904459829 ], [ 118.389454953349002, 9.599680296377921 ], [ 118.392232732853998, 9.59968028486332 ], [ 118.392232698718004, 9.59162528247084 ], [ 118.389454919212994, 9.59162529309995 ], [ 118.389454896754998, 9.58607011947087 ], [ 118.383899336846994, 9.586070141615149 ], [ 118.383899359305005, 9.59162531612963 ], [ 118.381121579799995, 9.59162532764446 ], [ 118.381121601359993, 9.596902743098489 ], [ 118.383899380865003, 9.596902731583841 ], [ 118.383899393440998, 9.599680319407049 ], [ 118.381121613936003, 9.599680330035859 ], [ 118.381121623818004, 9.602457917228509 ], [ 118.381121680411994, 9.616068095514169 ], [ 118.383899459917004, 9.61606808311446 ], [ 118.383899504832002, 9.6269006741576 ], [ 118.378343944925007, 9.62690069718488 ], [ 118.378343933246001, 9.624123108752601 ], [ 118.364762812912005, 9.62405844670789 ], [ 118.364773068079998, 9.618633818706581 ], [ 118.359306952525998, 9.618623841447549 ], [ 118.359312220247006, 9.61591124982939 ], [ 118.348317766433993, 9.615876574920319 ], [ 118.347042215325004, 9.61696150552728 ], [ 118.344855824619003, 9.616960124735151 ], [ 118.344847220556005, 9.618587513239641 ], [ 118.341749717165996, 9.618568083045099 ], [ 118.338559183347996, 9.624262705712169 ], [ 118.336736959777994, 9.624261602165101 ], [ 118.336190591844996, 9.62928514837051 ], [ 118.332546432165003, 9.631816655891731 ], [ 118.335279497127999, 9.63344403394512 ], [ 118.334738109455998, 9.634167319516539 ], [ 118.340515378964994, 9.64450436421769 ], [ 118.343072613084999, 9.646854749028011 ], [ 118.343074844499995, 9.64888794270782 ], [ 118.344524014800996, 9.649747878562239 ], [ 118.351446523109999, 9.650674731893471 ], [ 118.354132649302997, 9.65372589930446 ], [ 118.355954872873994, 9.653748391631391 ], [ 118.356865693605002, 9.6506988734158 ], [ 118.358451527306002, 9.65037305747798 ], [ 118.353789005080003, 9.64573644884071 ], [ 118.353798982667001, 9.64031182199135 ], [ 118.356537307267004, 9.63760421799077 ], [ 118.359265653380007, 9.64032207581171 ], [ 118.361998711156005, 9.64032706456355 ], [ 118.364700089844007, 9.63761946157096 ], [ 118.367465381868001, 9.64033704206703 ], [ 118.368066506608002, 9.64365320211714 ], [ 118.370188739636006, 9.64576665806768 ] ] ] } },
{ "type": "Feature", "properties": { "tenement_no": "EP-005-2010-III", "tenement_name": "Atlantic Mines & Trading Corporation", "tenement_type": "EP", "commodity": "White clay, Silica, Iron, Gold, Copper, etc.", "operation_status": "With exploration activity", "province": "Bulacan", "municipality": "Dona Remedios Trinidad", "permit_ha": 3581.0, "date_approved": "2023-09-05", "date_expiration": "2025-09-04" }, "geometry": { "type": "MultiPolygon", "coordinates": [ [ [ [ 121.143095713072, 15.0068085040461 ], [ 121.143095892735005, 15.0318069553581 ], [ 121.11809585204, 15.031807055997 ], [ 121.118095940973006, 15.040140571531399 ], [ 121.138546490137884, 15.040140425339535 ], [ 121.126428925550996, 15.040140514273499 ], [ 121.126428936330996, 15.048473064780699 ], [ 121.124345954291002, 15.048473034417899 ], [ 121.113929077679998, 15.0535087609806 ], [ 121.113929060611994, 15.0580004706406 ], [ 121.110051102700993, 15.0599443885899 ], [ 121.112551093475005, 15.0599444180836 ], [ 121.112551114137005, 15.0636250605206 ], [ 121.118096108957999, 15.064236038281599 ], [ 121.118096171839994, 15.065139008156301 ], [ 121.128512069288007, 15.0651389031959 ], [ 121.134762202082001, 15.0734714533467 ], [ 121.134762017927017, 15.0568054074757 ], [ 121.149761984132994, 15.056805318993201 ], [ 121.152139914442856, 15.046780963015577 ], [ 121.161092956733, 15.0488806868812 ], [ 121.169695994647995, 15.0456199276831 ], [ 121.167292938380996, 15.0373234921269 ], [ 121.171131815983998, 15.021432346452899 ], [ 121.176428750023007, 15.010383049306601 ], [ 121.176428335899999, 14.9568115049836 ], [ 121.159761295951995, 14.956811589168099 ], [ 121.159761450462995, 14.9659780133649 ], [ 121.170103462376005, 14.978671114518001 ], [ 121.163900622713939, 14.990332356465428 ], [ 121.159761537598996, 14.9879206464754 ], [ 121.159761658872, 15.0068084129399 ], [ 121.143095713072, 15.0068085040461 ] ] ], [ [ [ 121.157468096458004, 15.073471272058599 ], [ 121.151429097399998, 15.0709714283335 ], [ 121.151429082128999, 15.073471263384601 ], [ 121.157468096458004, 15.073471272058599 ] ] ], [ [ [ 121.118096330841993, 15.0984698787561 ], [ 121.130596305376002, 15.098469818911999 ], [ 121.130596299087003, 15.094303144744201 ], [ 121.134762334133995, 15.094303077960401 ], [ 121.134762202082001, 15.0734714533467 ], [ 121.126429186063007, 15.0734714082416 ], [ 121.126429222894004, 15.0818039373536 ], [ 121.118096195196998, 15.081803912199801 ], [ 121.118096330841993, 15.0984698787561 ] ] ] ] } },
{ "type": "Feature", "properties": { "tenement_no": "EP-005-2024-MIMAROPA", "tenement_name": "Redmont Consolidated Mines Corporation", "tenement_type": "EP", "commodity": "Nickel, Cobalt, Iron, and Other Associated minerals", "operation_status": "With exploration activity", "province": "Palawan", "municipality": "Narra", "permit_ha": 976.8, "date_approved": "2024-09-25", "date_expiration": "2026-09-24" }, "geometry": { "type": "MultiPolygon", "coordinates": [ [ [ [ 118.238197825059999, 9.23727247838224 ], [ 118.245497823418006, 9.23537258215377 ], [ 118.249047833367996, 9.23717244382601 ], [ 118.249047790248994, 9.226110984041901 ], [ 118.241003339151007, 9.226111015962861 ], [ 118.240997761510997, 9.220273639956719 ], [ 118.240397760562999, 9.220273642616821 ], [ 118.234197811254006, 9.234572680976081 ], [ 118.235597825743, 9.237959970135631 ], [ 118.238197825059999, 9.23727247838224 ] ] ], [ [ [ 118.277256183744001, 9.23596130621767 ], [ 118.277261725450998, 9.23234266707904 ], [ 118.275442279472003, 9.232339341148419 ], [ 118.275445050773996, 9.230532798464949 ], [ 118.269987823151993, 9.23052282062176 ], [ 118.269978393537002, 9.234136460757041 ], [ 118.267247836669995, 9.23413258333219 ], [ 118.267239520066994, 9.238652270691411 ], [ 118.272697857108, 9.23866224919106 ], [ 118.272706180897998, 9.23595021398487 ], [ 118.277256183744001, 9.23596130621767 ] ] ], [ [ [ 118.326457607151994, 9.32654590250076 ], [ 118.326798136017999, 9.298667904353881 ], [ 118.345698149707999, 9.298667829886959 ], [ 118.345698091317999, 9.28371052729119 ], [ 118.330564745952998, 9.28371058668996 ], [ 118.330564789971007, 9.29470149625989 ], [ 118.325254201538996, 9.294701516649861 ], [ 118.309731573042995, 9.32799445184231 ], [ 118.309731589212006, 9.332165664830031 ], [ 118.323098266417006, 9.33216561253087 ], [ 118.322998250688002, 9.328365873872359 ], [ 118.326457607151994, 9.32654590250076 ] ] ] ] } },
{ "type": "Feature", "properties": { "tenement_no": "EP-006-2008-V", "tenement_name": "Bulawan Mineral Resources Corporation", "tenement_type": "EP", "commodity": "Copper, Gold", "operation_status": "With exploration activity", "province": "Camarines Norte", "municipality": "Jose Panganiban", "permit_ha": 166.5, "date_approved": "2008-06-12", "date_expiration": "2027-02-12" }, "geometry": { "type": "MultiPolygon", "coordinates": [ [ [ [ 122.718089635075998, 14.265180376222499 ], [ 122.726422625942007, 14.265180326597401 ], [ 122.726422572941999, 14.2568468672926 ], [ 122.718089582076004, 14.2568469160489 ], [ 122.718089635075998, 14.265180376222499 ] ] ], [ [ [ 122.709755697386001, 14.273512885747801 ], [ 122.716609690289999, 14.2735138451315 ], [ 122.718088681964005, 14.272560898256399 ], [ 122.718089635075998, 14.265180376222499 ], [ 122.709755644384998, 14.2651804258476 ], [ 122.709755697386001, 14.273512885747801 ] ] ] ] } },
{ "type": "Feature", "properties": { "tenement_no": "EP-006-2025-MIMAROPA", "tenement_name": "Berong Nickel Corporation", "tenement_type": "EP", "commodity": "Nickel, Cobalt", "operation_status": "With exploration activity", "province": "Palawan", "municipality": "Quezon", "permit_ha": 652.5, "date_approved": "2025-03-27", "date_expiration": "2027-03-26" }, "geometry": { "type": "MultiPolygon", "coordinates": [ [ [ [ 118.197377393996007, 9.425232548180199 ], [ 118.207595415043997, 9.415132677150311 ], [ 118.215789296398, 9.415151763542219 ], [ 118.215796307749002, 9.41243862284448 ], [ 118.223979095808005, 9.411809700488799 ], [ 118.223979145216006, 9.40979762017847 ], [ 118.213292487456997, 9.409797637016791 ], [ 118.208591314317005, 9.41242677938714 ], [ 118.205148247004999, 9.41295860375058 ], [ 118.201807433124998, 9.412297734063181 ], [ 118.196682777091993, 9.409796951962759 ], [ 118.196644598692998, 9.425956644670389 ], [ 118.197377393996007, 9.425232548180199 ] ] ], [ [ [ 118.193297035770001, 9.43978003198897 ], [ 118.195906223055005, 9.438882658720679 ], [ 118.196618217867993, 9.43680671215883 ], [ 118.197980439334003, 9.43680952305334 ], [ 118.200424366251994, 9.43520664042571 ], [ 118.204101278508006, 9.436354704607799 ], [ 118.210682395568, 9.43594572754087 ], [ 118.213008767150995, 9.43656268531215 ], [ 118.213014382520001, 9.43413063450395 ], [ 118.215746047009006, 9.43413681284833 ], [ 118.218483612531998, 9.431430959468999 ], [ 118.223946663033004, 9.43144331359588 ], [ 118.223952842543994, 9.42873100631178 ], [ 118.226684228555996, 9.428736905606449 ], [ 118.226696585780999, 9.42331256569569 ], [ 118.229427972690999, 9.42331874334759 ], [ 118.229179007305007, 9.41518208978469 ], [ 118.226714842242998, 9.41517591819075 ], [ 118.226721020854995, 9.41246360984408 ], [ 118.225471022324001, 9.412463301439191 ], [ 118.227226447169997, 9.41767769911606 ], [ 118.224442272559003, 9.418083713976589 ], [ 118.224635291767001, 9.419549725058131 ], [ 118.221242231869994, 9.41977962724089 ], [ 118.221240268152997, 9.420587624649681 ], [ 118.216231384298993, 9.42057667033038 ], [ 118.214909394781003, 9.42238178787178 ], [ 118.213039374548998, 9.42328278960685 ], [ 118.206658250318995, 9.423997583406059 ], [ 118.204749381544005, 9.423263699233321 ], [ 118.200467397351005, 9.42496569644204 ], [ 118.199348203406004, 9.426126698461051 ], [ 118.199648451814994, 9.4272677370769 ], [ 118.194576139716006, 9.431080954934121 ], [ 118.195877185013003, 9.43368413717222 ], [ 118.193887664594001, 9.43679914613819 ], [ 118.191156224682999, 9.438961426200519 ], [ 118.193297035770001, 9.43978003198897 ] ] ], [ [ [ 118.193869322793006, 9.425950743555831 ], [ 118.193873422704002, 9.428662714679771 ], [ 118.196644598692998, 9.425956644670389 ], [ 118.193869322793006, 9.425950743555831 ] ] ] ] } },
{ "type": "Feature", "properties": { "tenement_no": "EP-007-2008-V", "tenement_name": "Bulawan Mineral Resources Corporation", "tenement_type": "EP", "commodity": "Copper, Gold", "operation_status": "With exploration activity", "province": "Camarines Norte", "municipality": "Jose Panganiban, Paracale and Labo", "permit_ha": 5004.9, "date_approved": "2008-07-17", "date_expiration": "2027-02-12" }, "geometry": { "type": "MultiPolygon", "coordinates": [ [ [ [ 122.709755383873997, 14.223516126479501 ], [ 122.726422365431006, 14.223516028081599 ], [ 122.726422312430003, 14.215183566485001 ], [ 122.734755303295998, 14.215183516848899 ], [ 122.734755250296004, 14.2068500576926 ], [ 122.726422260327993, 14.206850107330499 ], [ 122.726422208225998, 14.1985176484903 ], [ 122.734755199990005, 14.1985175988506 ], [ 122.734755146989997, 14.190185139961899 ], [ 122.701740189107994, 14.190890289993 ], [ 122.701422237599004, 14.1985177974097 ], [ 122.709755227567001, 14.198517746899 ], [ 122.709755383873997, 14.223516126479501 ] ] ], [ [ [ 122.709755383873997, 14.223516126479501 ], [ 122.701422393906, 14.2235161761137 ], [ 122.701422446007996, 14.2318486353201 ], [ 122.709755435976007, 14.231848586558399 ], [ 122.709755383873997, 14.223516126479501 ] ] ], [ [ [ 122.601422505111003, 14.2235167708545 ], [ 122.601422766520997, 14.265181072715601 ], [ 122.626422738046003, 14.2651809229696 ], [ 122.626422685943993, 14.256847462816101 ], [ 122.651422657468999, 14.256847313064601 ], [ 122.651422709570994, 14.265180774094199 ], [ 122.659755702233994, 14.2651807235984 ], [ 122.659755597130996, 14.248514804788201 ], [ 122.676422578688005, 14.2485147046599 ], [ 122.676422473585006, 14.2318487850882 ], [ 122.668089483616995, 14.23184883385 ], [ 122.668089431515, 14.223516375521699 ], [ 122.659755441721998, 14.2235164234144 ], [ 122.659755388722004, 14.215183962703099 ], [ 122.634755416299001, 14.215184111611499 ], [ 122.634755259992005, 14.1901857330484 ], [ 122.618089277360994, 14.190185832331601 ], [ 122.618089486669007, 14.2235166715859 ], [ 122.601422505111003, 14.2235167708545 ] ] ] ] } },
{ "type": "Feature", "properties": { "tenement_no": "EP-009-2021-CAR", "tenement_name": "Philex Mining Corporation", "tenement_type": "EP", "commodity": "Gold, Copper", "operation_status": "With exploration activity", "province": "Benguet", "municipality": "Tuba", "permit_ha": 474.0, "date_approved": "2025-03-05", "date_expiration": "2027-01-05" }, "geometry": { "type": "MultiPolygon", "coordinates": [ [ [ [ 120.609771006168003, 16.2734005020511 ], [ 120.609770853455004, 16.2525684429921 ], [ 120.605604255165005, 16.252568471451902 ], [ 120.605604285707003, 16.256734878042199 ], [ 120.593104287817994, 16.2567349616948 ], [ 120.593104409988996, 16.273400615878 ], [ 120.609771006168003, 16.2734005020511 ] ] ], [ [ [ 120.593104500717999, 16.285899853449799 ], [ 120.593104440530993, 16.2775670315085 ], [ 120.580604442641999, 16.277567116876899 ], [ 120.580604501929997, 16.285899937952198 ], [ 120.593104500717999, 16.285899853449799 ] ] ] ] } },
{ "type": "Feature", "properties": { "tenement_no": "EP-011-2010-V", "tenement_name": "Magellan Consolidated Mines and Development Corp.", "tenement_type": "EP", "commodity": "Gold, Copper, Mangnaese  and other associated minerals", "operation_status": "With exploration activity", "province": "Masbate", "municipality": "Aroroy and Baleno", "permit_ha": 2833.8, "date_approved": "2010-07-29", "date_expiration": "2025-07-26" }, "geometry": { "type": "Polygon", "coordinates": [ [ [ 123.384743653803, 12.3518473472911 ], [ 123.384743822687, 12.383453212262101 ], [ 123.394763890080995, 12.398633133715901 ], [ 123.401410879701999, 12.398633100376101 ], [ 123.401410836582997, 12.390300662741099 ], [ 123.418077811852001, 12.3903005767566 ], [ 123.418077766935994, 12.381967138498901 ], [ 123.432574746651994, 12.3819670639182 ], [ 123.432963697407004, 12.373120659865799 ], [ 123.451410670936994, 12.373120564223701 ], [ 123.451410539782998, 12.348636218637401 ], [ 123.417552589362998, 12.3486553927155 ], [ 123.417210596242995, 12.349767319234401 ], [ 123.405754620376996, 12.351336272160999 ], [ 123.396966625632999, 12.350097402218401 ], [ 123.384743653803, 12.3518473472911 ] ] ] } },
{ "type": "Feature", "properties": { "tenement_no": "EP-011-2023-CAR", "tenement_name": "Makilala Mining Company, Inc.", "tenement_type": "EP", "commodity": "Gold", "operation_status": "With exploration activity", "province": "Kalinga", "municipality": "Pasil", "permit_ha": 954.6, "date_approved": "2023-09-28", "date_expiration": "2025-09-28" }, "geometry": { "type": "Polygon", "coordinates": [ [ [ 121.018145499045005, 17.3233344096605 ], [ 121.043145488535998, 17.323334228713801 ], [ 121.043145358280995, 17.306635222024202 ], [ 121.041645340638993, 17.304335370939398 ], [ 121.029545296069998, 17.2979358387595 ], [ 121.018145281653005, 17.295536062722199 ], [ 121.018145305009, 17.2983358973088 ], [ 121.001445310365, 17.2983360173845 ], [ 121.001445375941998, 17.3066355230577 ], [ 121.009745372585996, 17.306635463022499 ], [ 121.009745437264996, 17.315034963213101 ], [ 121.018145435264998, 17.315034904038299 ], [ 121.018145499045005, 17.3233344096605 ] ] ] } },
{ "type": "Feature", "properties": { "tenement_no": "EP-012-2024-CAR", "tenement_name": "Golden Lake Mineral Resources", "tenement_type": "EP", "commodity": "Copper, Gold, etc.", "operation_status": "With exploration activity", "province": "Abra", "municipality": "Lacub and Tineg", "permit_ha": 3381.8, "date_approved": "2024-08-28", "date_expiration": "2026-08-28" }, "geometry": { "type": "MultiPolygon", "coordinates": [ [ [ [ 121.001448878473994, 17.748309409225602 ], [ 121.066865849465003, 17.748308926689901 ], [ 121.066904822873994, 17.744937123553399 ], [ 121.072792727994994, 17.7333517609007 ], [ 121.060679736905996, 17.7338698200561 ], [ 121.060715697366007, 17.728940110407301 ], [ 121.073065623602005, 17.720630507961399 ], [ 121.073173579539997, 17.714990839294199 ], [ 121.001448609877002, 17.714978367191101 ], [ 121.001448878473994, 17.748309409225602 ] ] ], [ [ [ 121.101448699895002, 17.731642649876601 ], [ 121.101440595293994, 17.718593418967501 ], [ 121.095948597480998, 17.718541461608801 ], [ 121.09019062019, 17.721091353971801 ], [ 121.089823839855995, 17.748308756433399 ], [ 121.11811582608, 17.748308547676899 ], [ 121.118115692231001, 17.731642527520201 ], [ 121.101448699895002, 17.731642649876601 ] ] ], [ [ [ 121.078915793194, 17.741884213635199 ], [ 121.074848793813999, 17.7417782504332 ], [ 121.074662816499, 17.744553088487599 ], [ 121.076598829667006, 17.7464029663305 ], [ 121.076620846476004, 17.748314853152401 ], [ 121.083906842793994, 17.748308800067001 ], [ 121.078915793194, 17.741884213635199 ] ] ] ] } },
{ "type": "Feature", "properties": { "tenement_no": "EP-013-2024-CAR", "tenement_name": "Golden Lake Mineral Resources", "tenement_type": "EP", "commodity": "Gold, Copper", "operation_status": "With exploration activity", "province": "Abra", "municipality": "Lacub and Tubo", "permit_ha": 6714.4, "date_approved": "2024-08-28", "date_expiration": "2026-08-28" }, "geometry": { "type": "Polygon", "coordinates": [ [ [ 120.918114941767001, 17.664981593336499 ], [ 120.918115476264006, 17.731644333775002 ], [ 121.001448743726002, 17.731643718570201 ], [ 121.001448210126995, 17.664980980471199 ], [ 120.959781525641006, 17.664981286903799 ], [ 120.959781459165995, 17.656648437692098 ], [ 120.943114865680997, 17.656648560955698 ], [ 120.943114932156007, 17.664981410161701 ], [ 120.918114941767001, 17.664981593336499 ] ] ] } },
{ "type": "Feature", "properties": { "tenement_no": "EP-016-2016-V", "tenement_name": "United Paragon Mining Corporation/Camarines Minerals, Inc.", "tenement_type": "EP", "commodity": "Gold, Silver", "operation_status": "With exploration activity", "province": "Camarines Norte", "municipality": "Paracale", "permit_ha": 585.9, "date_approved": "2018-08-19", "date_expiration": "2021-02-18" }, "geometry": { "type": "Polygon", "coordinates": [ [ [ 122.793089495752, 14.2568464685355 ], [ 122.793089599957, 14.2735123886442 ], [ 122.784755609266, 14.273512438267501 ], [ 122.784755661367996, 14.281844897218001 ], [ 122.793089652058995, 14.2818448475966 ], [ 122.793089704161005, 14.290178308222499 ], [ 122.809755684994997, 14.290178208983299 ], [ 122.809755580791006, 14.273512288527 ], [ 122.801422590822995, 14.273512338150301 ], [ 122.801422485719996, 14.2568464189086 ], [ 122.793089495752, 14.2568464685355 ] ] ] } },
{ "type": "Feature", "properties": { "tenement_no": "EP-018-2021-XII", "tenement_name": "Kafugan Mining Incorporated", "tenement_type": "EP", "commodity": "Gold", "operation_status": "No exploration activity due to expired Exploration Period", "province": "Sarangani", "municipality": "Kiamba", "permit_ha": 7787.3, "date_approved": "2021-10-19", "date_expiration": "2025-10-18" }, "geometry": { "type": "Polygon", "coordinates": [ [ [ 124.618050799044994, 6.04074793097556 ], [ 124.618050842163996, 6.05741269343122 ], [ 124.634716809522999, 6.05741265144616 ], [ 124.634716852642995, 6.07407841544728 ], [ 124.626383868065005, 6.07407843599256 ], [ 124.626383889623995, 6.08241081781093 ], [ 124.618050905046005, 6.08241083835585 ], [ 124.618050926606003, 6.09074422011351 ], [ 124.609716943101006, 6.09074424244463 ], [ 124.609717028440997, 6.12407476843512 ], [ 124.659716931964994, 6.12407464070913 ], [ 124.659716825963997, 6.08241073295139 ], [ 124.668050807672003, 6.08241071061992 ], [ 124.668050829232001, 6.09074409237956 ], [ 124.693050781891998, 6.09074402806598 ], [ 124.693050761231007, 6.08241064719858 ], [ 124.701383744910004, 6.08241062576038 ], [ 124.701383701791002, 6.06574586269712 ], [ 124.718050668974996, 6.0657458198194 ], [ 124.718050647416007, 6.05741243794751 ], [ 124.743050598278998, 6.05741237452323 ], [ 124.743050576719995, 6.04907999407045 ], [ 124.751383560399006, 6.04907997263093 ], [ 124.751383538840003, 6.04074759151123 ], [ 124.618050799044994, 6.04074793097556 ] ] ] } },
{ "type": "Feature", "properties": { "tenement_no": "EP-020-2024-XII", "tenement_name": "Macroasia Corporation", "tenement_type": "EP", "commodity": "Manganese, Copper, Chromite, etc.", "operation_status": "With exploration activity", "province": "Sultan Kudarat\r\n", "municipality": "Esperanza", "permit_ha": 3280.9, "date_approved": "2024-07-23", "date_expiration": "2026-07-22" }, "geometry": { "type": "Polygon", "coordinates": [ [ [ 124.443052801288999, 6.66570216652991 ], [ 124.443052848001997, 6.68236693640187 ], [ 124.434718862701004, 6.68236696049158 ], [ 124.434718911209998, 6.69903273363152 ], [ 124.426385925733996, 6.69903275593605 ], [ 124.426385996700006, 6.72403091371761 ], [ 124.418053011224004, 6.7240309378053 ], [ 124.418053035479005, 6.73236332427811 ], [ 124.459718958192994, 6.73236320562603 ], [ 124.459718910581998, 6.71569843433818 ], [ 124.468052894984993, 6.71569841025008 ], [ 124.468052824018002, 6.69070025227278 ], [ 124.476385808596007, 6.69070022818344 ], [ 124.476385786137996, 6.68236684361174 ], [ 124.484718770716, 6.68236682041423 ], [ 124.484718723105999, 6.66570204875384 ], [ 124.443052801288999, 6.66570216652991 ] ] ] } },
{ "type": "Feature", "properties": { "tenement_no": "EP-021-2022-V", "tenement_name": "Itogon-Suyoc Resources, Inc.", "tenement_type": "EP", "commodity": "Gold", "operation_status": "No activity due to expiration of the mining tenement but with application for renewal", "province": "Camarines Norte", "municipality": "Labo", "permit_ha": 502.5, "date_approved": "2022-05-29", "date_expiration": "2024-05-28" }, "geometry": { "type": "Polygon", "coordinates": [ [ [ 122.776421734457003, 14.1318546816234 ], [ 122.776421838662003, 14.1485205983294 ], [ 122.801421809288996, 14.1485204502484 ], [ 122.801421706881001, 14.131854533531399 ], [ 122.776421734457003, 14.1318546816234 ] ] ] } },
{ "type": "Feature", "properties": { "tenement_no": "EP-022-2023-V", "tenement_name": "Filminera Resources Corporation", "tenement_type": "EP", "commodity": "Gold", "operation_status": "With exploration activity", "province": "Masbate", "municipality": "Aroroy", "permit_ha": 109.3, "date_approved": "2023-08-17", "date_expiration": "2025-08-16" }, "geometry": { "type": "Polygon", "coordinates": [ [ [ 123.444250763949, 12.3885155608057 ], [ 123.440245808510994, 12.395635100583799 ], [ 123.442659812547006, 12.396947999344899 ], [ 123.446664767984998, 12.389827459212 ], [ 123.450286773414007, 12.3917963087082 ], [ 123.452955744479993, 12.387049613674201 ], [ 123.440884726274007, 12.380488120424999 ], [ 123.439549739930001, 12.3828619679197 ], [ 123.441963744863997, 12.384173865800699 ], [ 123.440628758520006, 12.3865477122312 ], [ 123.444250763949, 12.3885155608057 ] ] ] } },
{ "type": "Feature", "properties": { "tenement_no": "EP-023-2023-V", "tenement_name": "Vicar Mining Corporation", "tenement_type": "EP", "commodity": "Gold", "operation_status": "With exploration activity", "province": "Masbate", "municipality": "Baleno", "permit_ha": 929.8, "date_approved": "2023-10-09", "date_expiration": "2025-10-08" }, "geometry": { "type": "Polygon", "coordinates": [ [ [ 123.426410978787999, 12.423631282077499 ], [ 123.426411068619998, 12.440297157143901 ], [ 123.443078044787001, 12.440297070298699 ], [ 123.443078180431996, 12.465295383528799 ], [ 123.434744192436, 12.4652954265086 ], [ 123.434744237352007, 12.4736278652659 ], [ 123.451411212620997, 12.473627777554899 ], [ 123.451410943127001, 12.4236311513628 ], [ 123.426410978787999, 12.423631282077499 ] ] ] } },
{ "type": "Feature", "properties": { "tenement_no": "EP-024-2024-V", "tenement_name": "Filminera Resources Corporation", "tenement_type": "EP", "commodity": "Gold", "operation_status": "No activity due to expiration of the mining tenement but with application for renewal", "province": "Masbate", "municipality": "Aroroy", "permit_ha": 87.4, "date_approved": "2017-09-16", "date_expiration": "2019-09-15" }, "geometry": { "type": "MultiPolygon", "coordinates": [ [ [ [ 123.434744070266007, 12.442641955988 ], [ 123.434744057689002, 12.4402971141599 ], [ 123.434342058005996, 12.440297115914399 ], [ 123.433077075575994, 12.4432799209418 ], [ 123.434744070266007, 12.442641955988 ] ] ], [ [ [ 123.413817239902002, 12.4685523161149 ], [ 123.411799232107995, 12.4665834584144 ], [ 123.414038220969999, 12.465011553397501 ], [ 123.411875213412003, 12.4628797088964 ], [ 123.410411222704994, 12.464314619842799 ], [ 123.409744220012996, 12.463663667854799 ], [ 123.409744273911997, 12.473627995078401 ], [ 123.413817239902002, 12.4685523161149 ] ] ], [ [ [ 123.430547224801003, 12.4700371285274 ], [ 123.426411225825007, 12.469227204871199 ], [ 123.426411249181001, 12.4736279073673 ], [ 123.434744237352007, 12.4736278652659 ], [ 123.434745223701995, 12.4710610371289 ], [ 123.431927204163998, 12.4668193382944 ], [ 123.430582208792003, 12.467376307307999 ], [ 123.430547224801003, 12.4700371285274 ] ] ], [ [ [ 123.405616278924995, 12.473628017006201 ], [ 123.406937285685999, 12.474906923293499 ], [ 123.408765281830995, 12.474905913743701 ], [ 123.408469278859997, 12.4744169482264 ], [ 123.409744273911997, 12.473627995078401 ], [ 123.405616278924995, 12.473628017006201 ] ] ] ] } },
{ "type": "Feature", "properties": { "tenement_no": "EP-025-2024-V", "tenement_name": "Ibalong Resources Development Corp", "tenement_type": "EP", "commodity": "Limestone", "operation_status": "No activity due to expiration of the mining tenement but with application for renewal", "province": "Albay", "municipality": "Camalig", "permit_ha": 590.5, "date_approved": "2024-03-31", "date_expiration": "2026-03-30" }, "geometry": { "type": "Polygon", "coordinates": [ [ [ 123.618081534842005, 13.1152508375217 ], [ 123.618081677673999, 13.140249170079899 ], [ 123.626414665845004, 13.1402491228411 ], [ 123.626414619133001, 13.131915679960599 ], [ 123.643081592605, 13.131915588978901 ], [ 123.643081497384003, 13.115250700165101 ], [ 123.618081534842005, 13.1152508375217 ] ] ] } },
{ "type": "Feature", "properties": { "tenement_no": "EP-026-2024-V", "tenement_name": "Filminera Resources Corporation", "tenement_type": "EP", "commodity": "Gold, Silver", "operation_status": "No activity due to expiration of the mining tenement but with application for renewal", "province": "Masbate", "municipality": "Aroroy", "permit_ha": 63.8, "date_approved": "2024-04-10", "date_expiration": "2026-10-03" }, "geometry": { "type": "Polygon", "coordinates": [ [ [ 123.422101080345001, 12.4411761198166 ], [ 123.420725095790004, 12.443526967879199 ], [ 123.423117099186001, 12.444878864257999 ], [ 123.421741113733006, 12.4472297138835 ], [ 123.426525120525, 12.449934506647301 ], [ 123.430652077060003, 12.442881959496001 ], [ 123.425869069195002, 12.4401781678558 ], [ 123.424493084640005, 12.442529016180099 ], [ 123.422101080345001, 12.4411761198166 ] ] ] } },
{ "type": "Feature", "properties": { "tenement_no": "EP-027-2024-V", "tenement_name": "Filminera Resources Corporation", "tenement_type": "EP", "commodity": "Gold", "operation_status": "With exploration activity", "province": "Masbate", "municipality": "Aroroy", "permit_ha": 1090.8, "date_approved": "2024-11-21", "date_expiration": "2026-11-20" }, "geometry": { "type": "MultiPolygon", "coordinates": [ [ [ [ 123.390380440277994, 12.4252707991836 ], [ 123.393180414458001, 12.421235507091399 ], [ 123.400316595142002, 12.4196319677999 ], [ 123.409749855144995, 12.414675583484099 ], [ 123.409749851551993, 12.4140600750814 ], [ 123.400305326674996, 12.4069678220404 ], [ 123.398083114749994, 12.4041905223822 ], [ 123.393085981759, 12.4153014575811 ], [ 123.385802724404002, 12.4213258194972 ], [ 123.384752726787994, 12.421103059367001 ], [ 123.384752641448003, 12.405296065763601 ], [ 123.386608133227, 12.404238628987599 ], [ 123.385702622436995, 12.4022709964807 ], [ 123.384752625277997, 12.4024032116371 ], [ 123.384752605515004, 12.3986354060893 ], [ 123.368162027470007, 12.398618834433099 ], [ 123.368137418122998, 12.4152835385628 ], [ 123.366492120442004, 12.415280768023701 ], [ 123.365901866214998, 12.4235904903089 ], [ 123.368113563359998, 12.4235860284621 ], [ 123.369883243572005, 12.420579282497499 ], [ 123.375486345018999, 12.4223852414628 ], [ 123.375523251404005, 12.4235718305597 ], [ 123.382811640834007, 12.423557624760999 ], [ 123.384591630111004, 12.4221088213455 ], [ 123.387743535474002, 12.4237489753039 ], [ 123.390268528158998, 12.4233067733712 ], [ 123.390380440277994, 12.4252707991836 ] ] ], [ [ [ 123.390380440277994, 12.4252707991836 ], [ 123.388723053967993, 12.427509216767801 ], [ 123.388908255139, 12.427589539314299 ], [ 123.390380440277994, 12.4252707991836 ] ] ], [ [ [ 123.386799963065997, 12.428833917143001 ], [ 123.385900301207002, 12.435323484217999 ], [ 123.384785812638, 12.437360012966399 ], [ 123.384785874621997, 12.448630092006301 ], [ 123.393077861886994, 12.4486300481465 ], [ 123.393077907700999, 12.456962534786401 ], [ 123.397043101907997, 12.456961965504799 ], [ 123.397948992685002, 12.4554348440995 ], [ 123.400255596839997, 12.4569619497157 ], [ 123.404171191466006, 12.4569619277865 ], [ 123.397633389372999, 12.4549304290199 ], [ 123.399025045038002, 12.447105669832901 ], [ 123.397775010573994, 12.4402983668354 ], [ 123.398324964579999, 12.4319655857329 ], [ 123.388908255139, 12.427589539314299 ], [ 123.388936057997, 12.4282394957105 ], [ 123.386799963065997, 12.428833917143001 ] ] ] ] } },
{ "type": "Feature", "properties": { "tenement_no": "EP-028-2025-V", "tenement_name": "Camnorte Resource Corporation", "tenement_type": "EP", "commodity": "Gold, Copper, Silver", "operation_status": "With exploration activity", "province": "Camarines Norte", "municipality": "Labo", "permit_ha": 1590.7, "date_approved": "2023-08-03", "date_expiration": "2025-07-07" }, "geometry": { "type": "MultiPolygon", "coordinates": [ [ [ [ 122.593088839610999, 14.1151908478673 ], [ 122.584754848919999, 14.1151908975253 ], [ 122.584754901021995, 14.123523354937401 ], [ 122.609754872547001, 14.12352320684 ], [ 122.609754924648996, 14.131855666870401 ], [ 122.626421906206005, 14.131855567561599 ], [ 122.626421854103995, 14.12352310927 ], [ 122.634754845868002, 14.123523059613801 ], [ 122.634754793766007, 14.1151906021909 ], [ 122.618088812932001, 14.115190699764501 ], [ 122.618088760830005, 14.106857241506001 ], [ 122.593088789305, 14.106857388743 ], [ 122.593088839610999, 14.1151908478673 ] ] ], [ [ [ 122.651421826526999, 14.123522961172601 ], [ 122.651421775323001, 14.115190502875 ], [ 122.643088785355005, 14.1151905534041 ], [ 122.643088835661004, 14.123523009957699 ], [ 122.651421826526999, 14.123522961172601 ] ] ], [ [ [ 122.834755029495994, 14.190184546875299 ], [ 122.834755081598004, 14.198517004915001 ], [ 122.843089071391006, 14.198516954404299 ], [ 122.843089018390003, 14.1901844963628 ], [ 122.851422009257007, 14.190184448463 ], [ 122.851421905950005, 14.1735185296751 ], [ 122.826421934424999, 14.173518677739899 ], [ 122.82642203863, 14.190184595646 ], [ 122.834755029495994, 14.190184546875299 ] ] ] ] } },
{ "type": "Feature", "properties": { "tenement_no": "EP-029-2025-V", "tenement_name": "Filminera Resources Corp.", "tenement_type": "EP", "commodity": " ", "operation_status": "With exploration activity", "province": "Masbate", "municipality": "Uson", "permit_ha": 1608.0, "date_approved": null, "date_expiration": null }, "geometry": { "type": "MultiPolygon", "coordinates": [ [ [ [ 123.718075829827001, 12.1653139429741 ], [ 123.726409147680002, 12.165070319816399 ], [ 123.726409105459993, 12.156981133196799 ], [ 123.718075784912003, 12.1569811762272 ], [ 123.718075829827001, 12.1653139429741 ] ] ], [ [ [ 123.726409282427994, 12.190312202052199 ], [ 123.726409237512001, 12.181979434565401 ], [ 123.718075916963997, 12.1819794767136 ], [ 123.718075872946997, 12.173646710159799 ], [ 123.684742591654, 12.1736468805141 ], [ 123.684742724604007, 12.1986451818834 ], [ 123.718076004999006, 12.198645011545199 ], [ 123.718075960082999, 12.190312244198999 ], [ 123.726409282427994, 12.190312202052199 ] ] ], [ [ [ 123.718076092136002, 12.215310547683099 ], [ 123.726409414480003, 12.2153105037843 ], [ 123.726409369563996, 12.2069777364153 ], [ 123.718076048117993, 12.2069777794375 ], [ 123.718076092136002, 12.215310547683099 ] ] ], [ [ [ 123.734742778146995, 12.2236432300503 ], [ 123.726409457599004, 12.2236432713139 ], [ 123.726409635465998, 12.256974342694001 ], [ 123.734742955114996, 12.25697429968 ], [ 123.734742778146995, 12.2236432300503 ] ] ] ] } },
{ "type": "Feature", "properties": { "tenement_no": "EP-030-2025-V", "tenement_name": "Bulawan Mineral Resources Corp.", "tenement_type": "EP", "commodity": " ", "operation_status": "With exploration activity", "province": "Camarines Norte", "municipality": "Paracale", "permit_ha": 124.2, "date_approved": null, "date_expiration": null }, "geometry": { "type": "Polygon", "coordinates": [ [ [ 122.759755533535994, 14.2568466670434 ], [ 122.759755586536997, 14.265180128096899 ], [ 122.751422600162002, 14.265678144461299 ], [ 122.759532639954998, 14.2736035831834 ], [ 122.762003636705003, 14.2736055681144 ], [ 122.762003585501006, 14.2654710957202 ], [ 122.764783582945995, 14.2654740784478 ], [ 122.764781566227995, 14.2627612547928 ], [ 122.767562561701993, 14.2627652370346 ], [ 122.767577545601, 14.2602044033698 ], [ 122.764797549053995, 14.260202420062001 ], [ 122.764800535952006, 14.258023560483799 ], [ 122.763392540829997, 14.258487539235601 ], [ 122.761080532411, 14.2568466600782 ], [ 122.759755533535994, 14.2568466670434 ] ] ] } },
{ "type": "Feature", "properties": { "tenement_no": "EP-11-2024-VI", "tenement_name": "Philex Gold Philippines, Inc. and MMC Management and Development Corporation", "tenement_type": "EP", "commodity": "copper, gold, etc.", "operation_status": "With exploration activity", "province": "Negros Occidental", "municipality": "Hinobaan", "permit_ha": 3743.1, "date_approved": "2024-12-03", "date_expiration": "2026-12-02" }, "geometry": { "type": "MultiPolygon", "coordinates": [ [ [ [ 122.518065576922993, 9.56549967613663 ], [ 122.526398568687995, 9.56549964247526 ], [ 122.526398670196997, 9.59049788263459 ], [ 122.543065653550997, 9.59049781620257 ], [ 122.543065619415003, 9.582164403574129 ], [ 122.551398609383, 9.582164369028609 ], [ 122.551398576145004, 9.57383195558535 ], [ 122.543065584380997, 9.57383198836011 ], [ 122.543065517006994, 9.55716616135893 ], [ 122.551398507873003, 9.55716612858259 ], [ 122.551398473736995, 9.54883371460655 ], [ 122.534731491282002, 9.548833781932601 ], [ 122.534731524519998, 9.55716619502112 ], [ 122.518065542786999, 9.557166262345509 ], [ 122.518065576922993, 9.56549967613663 ] ] ], [ [ [ 122.501398935828007, 9.648826884516611 ], [ 122.501398969964001, 9.65715929869612 ], [ 122.543065926639002, 9.65715912954931 ], [ 122.543065892502995, 9.64882671447999 ], [ 122.568065865825005, 9.648826614406349 ], [ 122.568065831688997, 9.64049419966365 ], [ 122.576398822555007, 9.640494165124119 ], [ 122.576398754283005, 9.62382833744533 ], [ 122.551398780960994, 9.62382843752637 ], [ 122.551398850130994, 9.640494266085851 ], [ 122.543065858367001, 9.640494299739769 ], [ 122.543065825129005, 9.63216088650068 ], [ 122.518065850010998, 9.632160986579221 ], [ 122.518065816773003, 9.62382857303432 ], [ 122.484731850963996, 9.6238287085423 ], [ 122.484731953372005, 9.648826950937121 ], [ 122.501398935828007, 9.648826884516611 ] ] ] ] } },
{ "type": "Feature", "properties": { "tenement_no": "EP-2020-001-VIII", "tenement_name": "Majestic Earth Core Ventures, Inc.", "tenement_type": "EP", "commodity": "Aggregates, Cement Raw Materials, Etc.", "operation_status": "Converted into other mining tenement", "province": "Samar", "municipality": "rgys. Cagnipis, Malaga, Tinaklapan, Bugtong & Caglanipaw Sur (Parcel 1) and Brgys. San Joaquin, Ba-ay, Binaliw, Maguino-o, Bantian & Danao-I, Calbayog City", "permit_ha": 1274.3, "date_approved": "2022-02-13", "date_expiration": "2024-02-12" }, "geometry": { "type": "MultiPolygon", "coordinates": [ [ [ [ 124.476401349450995, 12.132255531222301 ], [ 124.468068372958001, 12.1322553353722 ], [ 124.468067968715999, 12.148921165797599 ], [ 124.476400945208994, 12.148921360757299 ], [ 124.476401349450995, 12.132255531222301 ] ] ], [ [ [ 124.459733587258, 12.165586801875 ], [ 124.468067564473998, 12.1655869968224 ], [ 124.468067968715999, 12.148921165797599 ], [ 124.459733991498993, 12.148920970838001 ], [ 124.459733789379001, 12.1572533859313 ], [ 124.451400811089002, 12.1572531909778 ], [ 124.451400609865999, 12.165586605171301 ], [ 124.443067631576, 12.1655864102239 ], [ 124.443067429455994, 12.1739188263999 ], [ 124.459733385137, 12.1739192171606 ], [ 124.459733587258, 12.165586801875 ] ] ], [ [ [ 124.426400272726994, 12.182250851211201 ], [ 124.443067228233005, 12.1822512419596 ], [ 124.443067429455994, 12.1739188263999 ], [ 124.426400474847995, 12.173918434760999 ], [ 124.426400272726994, 12.182250851211201 ] ] ], [ [ [ 124.384732374617002, 12.2239139552129 ], [ 124.384731770051005, 12.2489122048904 ], [ 124.393065747267002, 12.248912399776501 ], [ 124.393066352732006, 12.223914150117499 ], [ 124.384732374617002, 12.2239139552129 ] ] ], [ [ [ 124.376398591436995, 12.2572444262281 ], [ 124.376398388417996, 12.2655778423676 ], [ 124.368065411025995, 12.265577646616 ], [ 124.368065208904994, 12.2739100645577 ], [ 124.384731163688002, 12.273910454293 ], [ 124.384731567930004, 12.2572446211081 ], [ 124.376398591436995, 12.2572444262281 ] ] ] ] } },
{ "type": "Feature", "properties": { "tenement_no": "EP-2020-003-VIII", "tenement_name": "Premium Infinite Mining, Inc.", "tenement_type": "EP", "commodity": "Limestone, Sand and Gravel, Magnetite Sand, Aggregates, etc.", "operation_status": "No exploration activity but with application for DMPF", "province": "Leyte", "municipality": "Ormoc City and Albuera", "permit_ha": 4273.0, "date_approved": "2020-09-10", "date_expiration": "2022-09-10" }, "geometry": { "type": "Polygon", "coordinates": [ [ [ 124.701429161934001, 10.96567721624 ], [ 124.709762472601, 10.9656774155523 ], [ 124.709763084353, 10.940679204984299 ], [ 124.718096394121005, 10.940679403431499 ], [ 124.718096598038997, 10.9323466679079 ], [ 124.726429909603993, 10.9323468672427 ], [ 124.726430113521005, 10.9240141313809 ], [ 124.734763422390998, 10.9240143298393 ], [ 124.734763627207002, 10.9156815929465 ], [ 124.751430246742999, 10.9156819925206 ], [ 124.751430655476, 10.8990165181692 ], [ 124.759763966142998, 10.8990167184085 ], [ 124.759764987527006, 10.8573530391379 ], [ 124.734765057325006, 10.857352438335999 ], [ 124.734764853407, 10.8656851754199 ], [ 124.726431543638995, 10.8656849760404 ], [ 124.726431338823005, 10.874017712536199 ], [ 124.718098028157002, 10.874017512280099 ], [ 124.718097415505994, 10.8990157216226 ], [ 124.709764105738003, 10.899015522265399 ], [ 124.709763697004007, 10.915680994026401 ], [ 124.701430386338004, 10.915680795562499 ], [ 124.701429569769005, 10.9490117415386 ], [ 124.693096260000999, 10.949011542215001 ], [ 124.693096056084002, 10.9573442800273 ], [ 124.684762745417999, 10.9573440789455 ], [ 124.684762338480994, 10.974009555183301 ], [ 124.693095648248999, 10.97400975449 ], [ 124.693095443432995, 10.9823424907615 ], [ 124.701428754098998, 10.9823426900626 ], [ 124.701429161934001, 10.96567721624 ] ] ] } },
{ "type": "Feature", "properties": { "tenement_no": "EP-III-006-2010-III", "tenement_name": "Fil-Asian Strategic Resources & Properties Corporation", "tenement_type": "EP", "commodity": "chromite, nickel, PGE, cobalt, etc.", "operation_status": "With exploration activity", "province": "Zambales", "municipality": "Candelaria and Sta. Cruz", "permit_ha": 858.0, "date_approved": "2024-06-13", "date_expiration": "2026-06-12" }, "geometry": { "type": "MultiPolygon", "coordinates": [ [ [ [ 120.001433335762002, 15.6567752559582 ], [ 119.968100358998001, 15.6567754886388 ], [ 119.968100400321006, 15.6651090116946 ], [ 120.001433427389998, 15.665108818811101 ], [ 120.001433335762002, 15.6567752559582 ] ] ], [ [ [ 120.026433425864994, 15.6651085593265 ], [ 120.018100410743997, 15.6651086674451 ], [ 120.018100483507993, 15.6734411621512 ], [ 120.026433463594003, 15.673441107661599 ], [ 120.026433425864994, 15.6651085593265 ] ] ], [ [ [ 119.994205636513001, 15.705006339079899 ], [ 119.997005758916004, 15.7050064065327 ], [ 119.997005691542, 15.702295512422101 ], [ 119.999805689976995, 15.702295537501 ], [ 119.999805688180004, 15.6995836430767 ], [ 119.997005630456002, 15.699583713125801 ], [ 119.997005634947996, 15.696828842874901 ], [ 119.994205622140001, 15.696828885250699 ], [ 119.994205673343998, 15.6995837494475 ], [ 119.991405629094999, 15.6995837494475 ], [ 119.991405709942995, 15.7022955366362 ], [ 119.988605728576005, 15.702295585064499 ], [ 119.988605686355996, 15.705006371941501 ], [ 119.985877638483004, 15.7050063762654 ], [ 119.985877644772003, 15.707717246418399 ], [ 119.994205755091002, 15.707717138322399 ], [ 119.994205636513001, 15.705006339079899 ] ] ], [ [ [ 119.984766766532005, 15.7098810910433 ], [ 119.977266706172998, 15.709881187896301 ], [ 119.977266759174, 15.7151058576344 ], [ 119.984766732395997, 15.7151057893202 ], [ 119.984766766532005, 15.7098810910433 ] ] ], [ [ [ 119.992433884787005, 15.7279379747152 ], [ 120.012027926984004, 15.7279378389601 ], [ 120.012027829966001, 15.722538115682299 ], [ 120.017625846051004, 15.7225381649705 ], [ 120.017625815507998, 15.7279377282808 ], [ 120.019402900532, 15.727937829448599 ], [ 120.019377802502007, 15.721271257488301 ], [ 120.010975792276, 15.721271228952901 ], [ 120.010975862343997, 15.7239850404757 ], [ 119.989627858655993, 15.7239852246566 ], [ 119.989627792180997, 15.7252441773581 ], [ 119.992433778784999, 15.7252441591995 ], [ 119.992433884787005, 15.7279379747152 ] ] ], [ [ [ 119.981230847554997, 15.725244216269299 ], [ 119.984433874244004, 15.725244109047299 ], [ 119.984433826632994, 15.723938204920501 ], [ 119.977433783833007, 15.723938274961199 ], [ 119.977433882648, 15.7279380430251 ], [ 119.981230809826002, 15.7279380049791 ], [ 119.981230847554997, 15.725244216269299 ] ] ], [ [ [ 119.984767199519993, 15.7787958868477 ], [ 119.983034290047996, 15.7787959534115 ], [ 119.983034169673999, 15.773435201760901 ], [ 119.976434149365005, 15.773435278700299 ], [ 119.976434188891005, 15.7789909551433 ], [ 119.984767274079999, 15.784545560464601 ], [ 119.984767199519993, 15.7787958868477 ] ] ], [ [ [ 120.001434404757006, 15.799822539472 ], [ 119.990323435858997, 15.7998225956564 ], [ 119.990323432265996, 15.806766128235299 ], [ 120.001434407451995, 15.806766041800699 ], [ 120.001434404757006, 15.799822539472 ] ] ] ] } },
{ "type": "Feature", "properties": { "tenement_no": "EP-III-007-2010-III", "tenement_name": "Fil-Asian Strategic Resources & Properties Corporation", "tenement_type": "EP", "commodity": "chromite, nickel, PGE, cobalt, etc.", "operation_status": "With exploration activity", "province": "Zambales", "municipality": "Candelaria and Sta. Cruz", "permit_ha": 2250.0, "date_approved": "2024-06-13", "date_expiration": "2026-06-12" }, "geometry": { "type": "MultiPolygon", "coordinates": [ [ [ [ 120.009766438918007, 15.6734412443179 ], [ 120.018100483507993, 15.6734411621512 ], [ 120.018100410743997, 15.6651086674451 ], [ 120.009766428137993, 15.6651087158822 ], [ 120.009766438918007, 15.6734412443179 ] ] ], [ [ [ 120.068100585558994, 15.6901067538489 ], [ 120.076433540492999, 15.6901067884426 ], [ 120.076433800106003, 15.715105159792 ], [ 120.072266709538994, 15.715105184004599 ], [ 120.072266718522002, 15.710938415017299 ], [ 120.068100753544002, 15.7109384790091 ], [ 120.068100910748996, 15.731770174996999 ], [ 120.076433889936993, 15.7317702052603 ], [ 120.076433830648995, 15.723437639523 ], [ 120.084766895176003, 15.7234376594111 ], [ 120.084767328164006, 15.7984330409568 ], [ 120.093101377246001, 15.798432960569199 ], [ 120.093100399879006, 15.665108177019199 ], [ 120.084766491832994, 15.665108203832601 ], [ 120.084766508900998, 15.681773230370499 ], [ 120.076433560256007, 15.6817732078836 ], [ 120.076433382388998, 15.6651082834079 ], [ 120.068100419371007, 15.665108409690401 ], [ 120.068100585558994, 15.6901067538489 ] ] ] ] } },
{ "type": "Feature", "properties": { "tenement_no": "EP-III-008-2010-III", "tenement_name": "Fil-Asian Strategic Resources & Properties Corporation", "tenement_type": "EP", "commodity": "chromite, nickel, PGE, cobalt, etc.", "operation_status": "With exploration activity", "province": "Zambales", "municipality": "Candelaria", "permit_ha": 4503.8, "date_approved": "2024-06-13", "date_expiration": "2026-06-12" }, "geometry": { "type": "MultiPolygon", "coordinates": [ [ [ [ 120.002821881459994, 15.5859466777697 ], [ 120.00143287313, 15.5859466959407 ], [ 120.001432874027998, 15.5887245345933 ], [ 120.009765947538995, 15.5915023278853 ], [ 120.009765916996002, 15.5978898023818 ], [ 120.001432961164994, 15.594279123173299 ], [ 120.001432971046, 15.6026126303012 ], [ 120.005600055325004, 15.6026126026144 ], [ 120.005600042748, 15.606778374018999 ], [ 120.034765954098006, 15.6067781672373 ], [ 120.034766103218999, 15.6151116156675 ], [ 120.051433088368995, 15.6151115187696 ], [ 120.051433006622005, 15.606778055627201 ], [ 120.068099995365998, 15.6067779353651 ], [ 120.068100155265995, 15.623443989130401 ], [ 120.059766145710995, 15.6234439579859 ], [ 120.059766222066997, 15.6401099762739 ], [ 120.068100259470995, 15.640109843055599 ], [ 120.068100419371007, 15.665108409690401 ], [ 120.084766491832994, 15.665108203832601 ], [ 120.084765922301003, 15.5859462018642 ], [ 120.072265885784006, 15.585946143890199 ], [ 120.072265854343001, 15.5831683334253 ], [ 120.068099877687004, 15.5831683533271 ], [ 120.068099853432003, 15.5859462459936 ], [ 120.061154851308004, 15.585946246858899 ], [ 120.061154886343004, 15.581779477274599 ], [ 120.002821887747999, 15.581779915981899 ], [ 120.002821881459994, 15.5859466777697 ] ] ], [ [ [ 120.006989128333004, 15.6262220873964 ], [ 120.006989163368004, 15.627611008640001 ], [ 120.009766171219994, 15.627610967980001 ], [ 120.009766192778997, 15.623444286733299 ], [ 120.006627129731996, 15.623444361134 ], [ 120.006627163868004, 15.6252502032997 ], [ 120.005600183783997, 15.6252502707788 ], [ 120.005600124495004, 15.626222089126699 ], [ 120.006989128333004, 15.6262220873964 ] ] ], [ [ [ 120.007683451488006, 15.6651087746987 ], [ 120.007683424538001, 15.663024810590001 ], [ 120.009766469460004, 15.6630249282242 ], [ 120.009766428137993, 15.6651087158822 ], [ 120.026433425864994, 15.6651085593265 ], [ 120.026433223743993, 15.640110167450899 ], [ 120.011850332747002, 15.6401102729876 ], [ 120.011850273459004, 15.6421931626875 ], [ 120.009766317645003, 15.642193086563401 ], [ 120.00976630417, 15.6401102894236 ], [ 120.001433206404997, 15.6401102833682 ], [ 120.001433427389998, 15.665108818811101 ], [ 120.007683451488006, 15.6651087746987 ] ], [ [ 120.013933261787002, 15.6442760104252 ], [ 120.018100302047998, 15.644275970633499 ], [ 120.018100370319999, 15.6484427659478 ], [ 120.013933243820006, 15.648442792763401 ], [ 120.013933261787002, 15.6442760104252 ] ] ] ] } },
{ "type": "Feature", "properties": { "tenement_no": "EP-IVA-018", "tenement_name": "Suncorp Mines and Development Corp.", "tenement_type": "EP", "commodity": "not determined", "operation_status": "With exploration activity", "province": "Rizal", "municipality": "Antipolo City", "permit_ha": 778.8, "date_approved": "2025-02-25", "date_expiration": "2027-02-24" }, "geometry": { "type": "Polygon", "coordinates": [ [ [ 121.143092891463994, 14.631832708595001 ], [ 121.143092944464001, 14.6401655120511 ], [ 121.134759614933998, 14.6401655624617 ], [ 121.134759668832004, 14.648498365707599 ], [ 121.151426327894001, 14.648498264890099 ], [ 121.151426381793001, 14.6568310677313 ], [ 121.176426370385997, 14.656830913903599 ], [ 121.176426262587995, 14.6401653078011 ], [ 121.168092932158999, 14.6401653582117 ], [ 121.168092879157996, 14.631832555619001 ], [ 121.159759549628006, 14.6318326069007 ], [ 121.159759555017004, 14.6326835526809 ], [ 121.160138579388999, 14.631988233013301 ], [ 121.162453720233998, 14.632688453109999 ], [ 121.161443174827994, 14.634159698118401 ], [ 121.161999291277994, 14.6350384448172 ], [ 121.161571026651998, 14.636982517609701 ], [ 121.159759580170004, 14.636595109344601 ], [ 121.159759604425005, 14.6401654094915 ], [ 121.151426273995, 14.6401654607713 ], [ 121.151426261419005, 14.638230472798501 ], [ 121.148286371921998, 14.637892458384099 ], [ 121.150250939836994, 14.6356100358801 ], [ 121.150085542924998, 14.6344303053363 ], [ 121.144941453639007, 14.633205081837099 ], [ 121.144708030005006, 14.631832699034 ], [ 121.143092891463994, 14.631832708595001 ] ], [ [ 121.159836687063006, 14.6401654086224 ], [ 121.161578191615007, 14.640965070298201 ], [ 121.162484850452003, 14.639936073981399 ], [ 121.163541716587005, 14.640818817344201 ], [ 121.160035994477994, 14.644797557895499 ], [ 121.157570038174995, 14.642737787721201 ], [ 121.159836687063006, 14.6401654086224 ] ] ] } },
{ "type": "Feature", "properties": { "tenement_no": "EP-IVA-023 (First Renewal)", "tenement_name": "Rapid City Realty & Development Corporation", "tenement_type": "EP", "commodity": "Basalt", "operation_status": "No activity due to expiration of the mining tenement but with application for renewal", "province": "Rizal", "municipality": "Antipolo City", "permit_ha": 98.5, "date_approved": "2022-01-30", "date_expiration": "2024-01-29" }, "geometry": { "type": "Polygon", "coordinates": [ [ [ 121.201426223333002, 14.6359987522404 ], [ 121.207676220482, 14.6359987148663 ], [ 121.207676153107997, 14.6255827099545 ], [ 121.203509488343002, 14.625582736899901 ], [ 121.202467808226999, 14.6234995417992 ], [ 121.197259477719996, 14.6234995739601 ], [ 121.197426170900002, 14.627665973948501 ], [ 121.201426170332994, 14.6276659504801 ], [ 121.201426196384006, 14.631832352230401 ], [ 121.200565085725998, 14.6318323565763 ], [ 121.202548421244003, 14.6323767550091 ], [ 121.203345653601005, 14.634043309767801 ], [ 121.203342883196996, 14.6349349206449 ], [ 121.201426213451995, 14.634640506591101 ], [ 121.201426223333002, 14.6359987522404 ] ] ] } },
{ "type": "Feature", "properties": { "tenement_no": "EP-IVA-024", "tenement_name": "GAIA Aggregates OPC", "tenement_type": "EP", "commodity": "Basalt", "operation_status": "No exploration activity due to expired Exploration Period", "province": "Rizal", "municipality": "Rodriguez (Montalban)", "permit_ha": 98.8, "date_approved": "2023-09-14", "date_expiration": "2025-09-14" }, "geometry": { "type": "Polygon", "coordinates": [ [ [ 121.161427238715007, 14.7862894306566 ], [ 121.158427252839999, 14.7882893215415 ], [ 121.158427257330999, 14.7889892774344 ], [ 121.159427251126004, 14.788189322571 ], [ 121.159427263702, 14.789989208398699 ], [ 121.158427274399003, 14.7915891131984 ], [ 121.161427290817002, 14.794388916257599 ], [ 121.162427308866, 14.797188733557901 ], [ 121.164094313437005, 14.798024670167999 ], [ 121.166635297930995, 14.795794794916899 ], [ 121.165427295640001, 14.795388829286299 ], [ 121.166427279553005, 14.792988974514399 ], [ 121.165427262402005, 14.7901891586018 ], [ 121.166427257993007, 14.7896891841678 ], [ 121.165427248029005, 14.7880892914177 ], [ 121.165427207605006, 14.781889684548 ], [ 121.160427213478997, 14.782389683895399 ], [ 121.161427238715007, 14.7862894306566 ] ] ] } },
{ "type": "Feature", "properties": { "tenement_no": "EP-IVA-025", "tenement_name": "Majestic Earth Core Ventures, Inc.\r\n", "tenement_type": "EP", "commodity": "Basalt, Andesite", "operation_status": "With exploration activity", "province": "Rizal", "municipality": "Antipolo City", "permit_ha": 61.5, "date_approved": "2024-08-12", "date_expiration": "2026-08-12" }, "geometry": { "type": "MultiPolygon", "coordinates": [ [ [ [ 121.159179190342996, 14.6247997036523 ], [ 121.158207182663006, 14.623588786692 ], [ 121.155676188333004, 14.6242497599782 ], [ 121.154945203135, 14.626536618826499 ], [ 121.156557211947003, 14.627957518577 ], [ 121.159179190342996, 14.6247997036523 ] ] ], [ [ [ 121.151009211361995, 14.6275275792507 ], [ 121.150240219343004, 14.6286385145177 ], [ 121.151101231186004, 14.6305633863008 ], [ 121.151704227116994, 14.6299994179205 ], [ 121.155426245580003, 14.632943207474201 ], [ 121.155176255216006, 14.634588106011 ], [ 121.157426259220003, 14.6351990524694 ], [ 121.157209272960003, 14.637440911220001 ], [ 121.159759285522995, 14.6395127645456 ], [ 121.159759266658, 14.6365959498254 ], [ 121.161570267575996, 14.6369819135424 ], [ 121.161998255520004, 14.6350380345693 ], [ 121.161443249388, 14.6341600944611 ], [ 121.162454239460004, 14.6326881819263 ], [ 121.160137236406996, 14.6319882399668 ], [ 121.159593251705004, 14.634332094126099 ], [ 121.157426252034, 14.6341661186976 ], [ 121.156787246235993, 14.633410170035599 ], [ 121.157370235787994, 14.631582282342199 ], [ 121.153185214847994, 14.6281065302424 ], [ 121.151009211361995, 14.6275275792507 ] ] ] ] } },
{ "type": "Feature", "properties": { "tenement_no": "EP-IVA-026", "tenement_name": "Montalban Rock Mining Corp.", "tenement_type": "EP", "commodity": "not determined", "operation_status": "With exploration activity", "province": "Rizal", "municipality": "Rodriquez", "permit_ha": 20.8, "date_approved": "2025-02-09", "date_expiration": "2027-02-09" }, "geometry": { "type": "Polygon", "coordinates": [ [ [ 121.143094136529001, 14.7693236197487 ], [ 121.143094162579999, 14.7734903556977 ], [ 121.147260159897002, 14.773490329639101 ], [ 121.147260133846004, 14.7693235945582 ], [ 121.143094136529001, 14.7693236197487 ] ] ] } },
{ "type": "Feature", "properties": { "tenement_no": "EP-IVA-027", "tenement_name": "First Omega Mineral Development Corporation", "tenement_type": "EP", "commodity": "not determined", "operation_status": "With exploration activity", "province": "Rizal", "municipality": "Rodriquez", "permit_ha": 145.2, "date_approved": "2025-02-09", "date_expiration": "2027-02-09" }, "geometry": { "type": "Polygon", "coordinates": [ [ [ 121.134727112090005, 14.765113938555199 ], [ 121.134760166499007, 14.7734904069462 ], [ 121.143094162579999, 14.7734903556977 ], [ 121.143094136529001, 14.7693236197487 ], [ 121.147260133846004, 14.7693235945582 ], [ 121.147260159897002, 14.773490329639101 ], [ 121.151427159733998, 14.773490304449201 ], [ 121.151427104937, 14.7651578332628 ], [ 121.139260110726994, 14.7651579070982 ], [ 121.138427117337002, 14.766157849624401 ], [ 121.138316110719998, 14.7651579140474 ], [ 121.134727112090005, 14.765113938555199 ] ] ] } },
{ "type": "Feature", "properties": { "tenement_no": "EP-IVA-028", "tenement_name": "REPUBLIC CEMENT LAND AND RESOURCES, INC.", "tenement_type": "EP", "commodity": "limestones and other associated minerals", "operation_status": "With exploration activity", "province": "Batangas", "municipality": "Batangas City", "permit_ha": 1335.9, "date_approved": "2025-02-11", "date_expiration": "2027-02-10" }, "geometry": { "type": "Polygon", "coordinates": [ [ [ 121.109753642662994, 13.731890373774499 ], [ 121.109753794477996, 13.7568887520491 ], [ 121.151420774509006, 13.756888512099 ], [ 121.151420724204002, 13.7485560527176 ], [ 121.159753720460003, 13.7485560047259 ], [ 121.159753770764993, 13.756888464109 ], [ 121.168087766846, 13.756888416118899 ], [ 121.168087666234996, 13.7402234975371 ], [ 121.134753681560994, 13.7402236895109 ], [ 121.134753632154002, 13.731890230661699 ], [ 121.109753642662994, 13.731890373774499 ] ] ] } },
{ "type": "Feature", "properties": { "tenement_no": "EP-IVA-029", "tenement_name": "Pacific Metals Canada Philippines, Inc.", "tenement_type": "EP", "commodity": "Copper, gold, silver, Iron, sulphur and Associated minerals", "operation_status": "With exploration activity", "province": "Batangas", "municipality": "Taysan", "permit_ha": 3274.0, "date_approved": "2025-04-13", "date_expiration": "2027-04-12" }, "geometry": { "type": "Polygon", "coordinates": [ [ [ 121.201420952917999, 13.790220064480801 ], [ 121.234753935970005, 13.790219870803201 ], [ 121.234753834459994, 13.773553952381 ], [ 121.251420825899004, 13.773553854662801 ], [ 121.251420524064997, 13.723557100447801 ], [ 121.218087541911004, 13.723557290689801 ], [ 121.218087641623995, 13.7402232095765 ], [ 121.201420650185, 13.740223306436 ], [ 121.201420952917999, 13.790220064480801 ] ], [ [ 121.230264574795001, 13.7301567934572 ], [ 121.230252945204995, 13.7301592682793 ], [ 121.218087541911004, 13.723557290689801 ], [ 121.230264574795001, 13.7301567934572 ] ], [ [ 121.230123577922996, 13.730667760769901 ], [ 121.231420587987998, 13.7324646366413 ], [ 121.232187585746999, 13.7320566594155 ], [ 121.233964595312997, 13.7336955424986 ], [ 121.235292594559994, 13.733867523397899 ], [ 121.233076620535996, 13.7380002680607 ], [ 121.232703608589006, 13.735928403816899 ], [ 121.233976597704, 13.7342595047821 ], [ 121.228906596970006, 13.733670572128201 ], [ 121.228712589614005, 13.7324876506887 ], [ 121.227403592429994, 13.732762641023699 ], [ 121.228153590470995, 13.732384660343699 ], [ 121.228048579211006, 13.7305897778503 ], [ 121.230252945204995, 13.7301592682793 ], [ 121.230123577922996, 13.730667760769901 ] ], [ [ 121.235006600617993, 13.734823463090899 ], [ 121.236495605813005, 13.7358783858857 ], [ 121.237912603850006, 13.735500403248301 ], [ 121.236064613902002, 13.737103309463899 ], [ 121.234734615902994, 13.7372643059549 ], [ 121.235006600617993, 13.734823463090899 ] ], [ [ 121.242121502009994, 13.747944510826001 ], [ 121.242667677702997, 13.7482885449476 ], [ 121.243348675248996, 13.747724577163901 ], [ 121.243253691882003, 13.7506303898355 ], [ 121.242121502009994, 13.747944510826001 ] ], [ [ 121.242014677051998, 13.747941571979601 ], [ 121.24152367229, 13.7473196142244 ], [ 121.243145664978002, 13.746183678002801 ], [ 121.243895672899995, 13.747644579024399 ], [ 121.243206674060005, 13.7476525840751 ], [ 121.242014677051998, 13.747941571979601 ] ], [ [ 121.237237635797001, 13.7407590652272 ], [ 121.238920627685005, 13.739537133740299 ], [ 121.240203636608001, 13.741150022864399 ], [ 121.238198640910994, 13.741738996060599 ], [ 121.237237635797001, 13.7407590652272 ] ], [ [ 121.230806652373005, 13.7430949505159 ], [ 121.230289642282997, 13.741442060686399 ], [ 121.231959639142005, 13.7409700812974 ], [ 121.232867649943003, 13.7427949584033 ], [ 121.231581654121996, 13.743430923739099 ], [ 121.231609659998995, 13.744211873082101 ], [ 121.230806652373005, 13.7430949505159 ] ], [ [ 121.230295608893002, 13.735792427167601 ], [ 121.231117607802005, 13.735492441413699 ], [ 121.231662615684996, 13.7369253456373 ], [ 121.229623620550996, 13.737664308866099 ], [ 121.228567617696996, 13.737050355418299 ], [ 121.229151611565001, 13.7359234254978 ], [ 121.230295608893002, 13.735792427167601 ] ], [ [ 121.225437646499003, 13.741664074423401 ], [ 121.226428647258999, 13.741734063240299 ], [ 121.226720662608997, 13.744324893917 ], [ 121.225076662993999, 13.744355901492 ], [ 121.225437646499003, 13.741664074423401 ] ], [ [ 121.235192629137003, 13.7394561615891 ], [ 121.234559636661999, 13.740750080877101 ], [ 121.233031639195005, 13.740917078387 ], [ 121.231534630012007, 13.739262195856099 ], [ 121.233267627518003, 13.7390751977705 ], [ 121.234267616821001, 13.7373253046235 ], [ 121.235192629137003, 13.7394561615891 ] ], [ [ 121.229956624230994, 13.7382232719866 ], [ 121.230745631613004, 13.7395391808843 ], [ 121.229042637836002, 13.7404421328218 ], [ 121.229170646865995, 13.741978031350699 ], [ 121.228414647180998, 13.7421090279684 ], [ 121.226584632522005, 13.739467209713 ], [ 121.229956624230994, 13.7382232719866 ] ] ] } },
{ "type": "Feature", "properties": { "tenement_no": "EP-IVA-030", "tenement_name": "Pacific Metals Canada Philippines, Inc.", "tenement_type": "EP", "commodity": "Copper, gold, silver, Iron, sulphur and Associated minerals", "operation_status": "With exploration activity", "province": "Batangas", "municipality": "Taysan", "permit_ha": 563.8, "date_approved": "2025-04-13", "date_expiration": "2027-04-12" }, "geometry": { "type": "Polygon", "coordinates": [ [ [ 121.184753909376994, 13.7818866999049 ], [ 121.201420901714002, 13.781886603935099 ], [ 121.201420731932004, 13.7537554280135 ], [ 121.184753739594996, 13.753755524867399 ], [ 121.184753909376994, 13.7818866999049 ] ] ] } },
{ "type": "Feature", "properties": { "tenement_no": "EP-IVA-031", "tenement_name": "JPM Resource Development Corporation", "tenement_type": "EP", "commodity": " ", "operation_status": "With exploration activity", "province": "Rizal", "municipality": "San Mateo", "permit_ha": 221.9, "date_approved": null, "date_expiration": null }, "geometry": { "type": "Polygon", "coordinates": [ [ [ 121.168392551747004, 14.704229432967701 ], [ 121.170899711976006, 14.7041049168638 ], [ 121.171985567644001, 14.702374121415801 ], [ 121.172003490829994, 14.7005869209264 ], [ 121.166013926961, 14.6965411350757 ], [ 121.162503310830999, 14.691661321104201 ], [ 121.162417876556006, 14.690180512882799 ], [ 121.159150461322, 14.690180531999699 ], [ 121.156734968777997, 14.6935036835098 ], [ 121.153911484789006, 14.6901805650198 ], [ 121.151444608610007, 14.690901180973 ], [ 121.151444631068003, 14.694231747437 ], [ 121.157201695671006, 14.702539217939201 ], [ 121.161018376800996, 14.705197358527199 ], [ 121.166529483576994, 14.705000114161299 ], [ 121.168392551747004, 14.704229432967701 ] ] ] } },
{ "type": "Feature", "properties": { "tenement_no": "FTAA No. 001", "tenement_name": "Oceanagold (Philippines), Inc.", "tenement_type": "FTAA", "commodity": "Gold, copper", "operation_status": "With commercial operation", "province": "Nueva Vizcaya and Quirino", "municipality": "Kasibu", "permit_ha": 7793.2, "date_approved": "1994-06-19", "date_expiration": "2044-06-19" }, "geometry": { "type": "Polygon", "coordinates": [ [ [ 121.384771698188004, 16.406720416017599 ], [ 121.426438340451995, 16.406720131644501 ], [ 121.426437945193996, 16.352834537354301 ], [ 121.456160151757999, 16.353112094799201 ], [ 121.456160328726, 16.377277282255001 ], [ 121.475326984850994, 16.377554912664198 ], [ 121.475326954308002, 16.3733885007724 ], [ 121.480604729977003, 16.373388465435202 ], [ 121.480604554806007, 16.3495010364656 ], [ 121.475326779137006, 16.349501072669199 ], [ 121.475604360356002, 16.3225582765563 ], [ 121.493104351472994, 16.3228359175171 ], [ 121.493104164623006, 16.297281928291302 ], [ 121.426437540053996, 16.297282381818899 ], [ 121.426437487951006, 16.290060601615199 ], [ 121.401437501155002, 16.2900607714787 ], [ 121.401437667343004, 16.312837154771401 ], [ 121.413104327788005, 16.312837075453501 ], [ 121.413104713166007, 16.365611623978801 ], [ 121.405882494538005, 16.365611673108099 ], [ 121.405882552029993, 16.3733889765325 ], [ 121.387271452704994, 16.373389102367501 ], [ 121.387271567688998, 16.389221467928301 ], [ 121.384771569728002, 16.389221485164601 ], [ 121.384771698188004, 16.406720416017599 ] ] ] } },
{ "type": "Feature", "properties": { "tenement_no": "FTAA No. 02-95-XIAmended", "tenement_name": "Sagittarius Mines, Inc.", "tenement_type": "FTAA", "commodity": "Gold, copper", "operation_status": "With development/construction activity", "province": "South Cotabato, Sultan Kudarat, Sarangani and Davao del Sur", "municipality": "Tampakan, Kiblawan, and Tulunan", "permit_ha": 44645.0, "date_approved": "1995-03-21", "date_expiration": "2038-03-21" }, "geometry": { "type": "MultiPolygon", "coordinates": [ [ [ [ 125.201383905738993, 6.53237591553961 ], [ 125.201383881484006, 6.52404353309639 ], [ 125.209716865163998, 6.52404351078392 ], [ 125.218050825312005, 6.51571110489473 ], [ 125.218050846872003, 6.52404348757899 ], [ 125.226383828755004, 6.52404346437403 ], [ 125.226383759583996, 6.49904531756752 ], [ 125.218050755243993, 6.49071295843688 ], [ 125.209716774434, 6.4907129816434 ], [ 125.201383768297006, 6.48237962242368 ], [ 125.184716804705999, 6.48237966794486 ], [ 125.176383777008994, 6.46571492601691 ], [ 125.159716812520003, 6.46571497153959 ], [ 125.159716790062006, 6.45738158979784 ], [ 125.151383808477419, 6.457381612113259 ], [ 125.151383785720995, 6.44904922950642 ], [ 125.109716874859998, 6.44904934287056 ], [ 125.109716852402002, 6.44071696075985 ], [ 125.043050994094997, 6.4407171419669 ], [ 125.043050948281007, 6.42405137748342 ], [ 125.009717018404004, 6.42405146675091 ], [ 125.009717086676005, 6.44904961512296 ], [ 124.984717138508003, 6.44904968207028 ], [ 124.984717320865997, 6.51571174482644 ], [ 124.993051302574003, 6.51571172162112 ], [ 124.993051348387993, 6.5323764885138 ], [ 125.001384332067005, 6.53237646441675 ], [ 125.001384446152997, 6.57404037992789 ], [ 124.993051463371998, 6.57404040313049 ], [ 124.993051510084001, 6.59070616968824 ], [ 125.001384492865995, 6.59070614648639 ], [ 125.001384539577998, 6.60737091393705 ], [ 125.018051504067003, 6.60737086842727 ], [ 125.018051480710994, 6.59903848385057 ], [ 125.026384462593995, 6.59903845975673 ], [ 125.026384393423996, 6.57404031121241 ], [ 125.034717376204995, 6.5740402880098 ], [ 125.034717353746998, 6.56570790416718 ], [ 125.043051336353003, 6.5657078818566 ], [ 125.043051312098996, 6.55737449912269 ], [ 125.068051259369, 6.55737443040492 ], [ 125.068051281826996, 6.56570781313996 ], [ 125.076384266405, 6.56570779082938 ], [ 125.076384334677002, 6.59070593856217 ], [ 125.126384228318997, 6.59070580024346 ], [ 125.126384159148998, 6.56570765161131 ], [ 125.118051177265997, 6.56570767392187 ], [ 125.118051108095997, 6.54070952649058 ], [ 125.134717072759997, 6.54070948097469 ], [ 125.134717049851631, 6.532376098498676 ], [ 125.201383905738993, 6.53237591553961 ] ], [ [ 125.109717057218006, 6.51571140299401 ], [ 125.093051093452004, 6.51571144761969 ], [ 125.093051138367997, 6.53237621184403 ], [ 125.084717156660005, 6.53237623594108 ], [ 125.084717132405004, 6.52404385350318 ], [ 125.059717186032998, 6.52404392133301 ], [ 125.059717208490994, 6.5323763037698 ], [ 125.034717261219996, 6.53237637338349 ], [ 125.034717238762994, 6.52404399094787 ], [ 125.026384255981, 6.52404401326034 ], [ 125.026384279338004, 6.53237639658805 ], [ 125.009717313950006, 6.5323764412122 ], [ 125.009717291491995, 6.52404405788524 ], [ 125.018051273200001, 6.52404403646529 ], [ 125.018051227385996, 6.50737827142453 ], [ 125.034717192049996, 6.50737822501311 ], [ 125.034717147134003, 6.49071346005408 ], [ 125.059717094405002, 6.49071339043462 ], [ 125.059717116862998, 6.49904577454927 ], [ 125.068051099469002, 6.49904575134316 ], [ 125.068051145282993, 6.51571151634317 ], [ 125.076384128962999, 6.51571149313782 ], [ 125.076384083148994, 6.49904572813707 ], [ 125.093051047637999, 6.49904568261739 ], [ 125.093051025180003, 6.49071230062219 ], [ 125.109716988046998, 6.49071325565845 ], [ 125.109717057218006, 6.51571140299401 ] ] ], [ [ [ 124.968051794578997, 6.67403307702346 ], [ 124.968052317399, 6.85735253680205 ], [ 125.034718177502, 6.85735234415399 ], [ 125.034717867582998, 6.74902734588409 ], [ 125.018051902021, 6.74902739227282 ], [ 125.018051504067003, 6.60737086842727 ], [ 124.984717573292002, 6.60737096033917 ], [ 124.984717760142004, 6.6740330297354 ], [ 124.968051794578997, 6.67403307702346 ] ] ] ] } },
{ "type": "Feature", "properties": { "tenement_no": "FTAA No. 03-2008-IVB", "tenement_name": "Agusan Petroleum & Mineral Corporation", "tenement_type": "FTAA", "commodity": "Gold, silver", "operation_status": "No exploration activity due to force majeure reason", "province": "Occidental Mindoro and Orinetal Mindoro", "municipality": "Abra de Ilog and San Teodoro", "permit_ha": 51008.6, "date_approved": "2008-10-15", "date_expiration": "2033-10-15" }, "geometry": { "type": "MultiPolygon", "coordinates": [ [ [ [ 120.984530814200994, 13.4152446840751 ], [ 121.001197806538002, 13.4152445905781 ], [ 121.001198001473, 13.4485754169242 ], [ 121.051197786418996, 13.4152443092132 ], [ 121.084530771268007, 13.4152441222191 ], [ 121.084530187363001, 13.315250654959 ], [ 121.067864194850998, 13.3152507476207 ], [ 121.067864486803003, 13.365247479980001 ], [ 121.051197493567997, 13.365247573496401 ], [ 121.051197591483998, 13.3819124842621 ], [ 120.967864624957997, 13.381912951812 ], [ 120.967864721078001, 13.398578863572499 ], [ 120.984530714488002, 13.398578770942899 ], [ 120.984530814200994, 13.4152446840751 ] ] ], [ [ [ 120.801198271494002, 13.4819073736546 ], [ 120.851198254967997, 13.481907091494399 ], [ 120.851198155255005, 13.4652421765868 ], [ 120.867865150287003, 13.4652420822356 ], [ 120.867864953555994, 13.431910253621099 ], [ 120.917864937030004, 13.4319099722758 ], [ 120.917864790604995, 13.4069116019321 ], [ 120.909530793624995, 13.4069116482453 ], [ 120.909530694810996, 13.390246735766601 ], [ 120.917864643281007, 13.381913233215901 ], [ 120.967864624957997, 13.381912951812 ], [ 120.967864429125001, 13.3485821289622 ], [ 120.942864439633993, 13.348582268809601 ], [ 120.942864391124999, 13.3402498130502 ], [ 120.934530394145995, 13.340249858502199 ], [ 120.934530345637, 13.3319164047348 ], [ 120.909530354349002, 13.331916542843601 ], [ 120.909530305839994, 13.323584087691501 ], [ 120.917864302818998, 13.323584041362301 ], [ 120.917864255208997, 13.315251585946299 ], [ 120.901197260177, 13.3152516786079 ], [ 120.901197358093, 13.331916590045299 ], [ 120.867864367853997, 13.3319167762299 ], [ 120.867864272633, 13.3152518639312 ], [ 120.651197337417003, 13.3152530746517 ], [ 120.651197824304006, 13.3985806427609 ], [ 120.667864819336003, 13.398580549257399 ], [ 120.667864917252004, 13.415246464013901 ], [ 120.684530914255006, 13.415246371390699 ], [ 120.684531011274004, 13.431911285512101 ], [ 120.701198007203999, 13.4319111928952 ], [ 120.701198202138002, 13.4652430231263 ], [ 120.651198215969004, 13.4652433053061 ], [ 120.651198363293005, 13.4902416792807 ], [ 120.684531355328005, 13.4902414905982 ], [ 120.684531305023, 13.4819080340667 ], [ 120.717865295985007, 13.481907845377499 ], [ 120.734531192377005, 13.4652428352976 ], [ 120.767865183338998, 13.4652426465953 ], [ 120.767865086320995, 13.448576732690199 ], [ 120.751198088593995, 13.4485768261743 ], [ 120.751197991576007, 13.431910911549901 ], [ 120.734530997441993, 13.4319110050404 ], [ 120.734530898627995, 13.4152460900258 ], [ 120.801197878929997, 13.4152457151639 ], [ 120.801198025356001, 13.440244086190701 ], [ 120.809531022510001, 13.440244040757699 ], [ 120.809531071916993, 13.448576497669601 ], [ 120.801198074762993, 13.4485765448485 ], [ 120.801198271494002, 13.4819073736546 ] ], [ [ 120.809530925491998, 13.4235781246239 ], [ 120.826197919625002, 13.423578032003901 ], [ 120.826198017541998, 13.4402439463967 ], [ 120.809531022510001, 13.440244040757699 ], [ 120.809530925491998, 13.4235781246239 ] ] ] ] } },
{ "type": "Feature", "properties": { "tenement_no": "FTAA No. 04-2009-II", "tenement_name": "FCF Minerals Corporation", "tenement_type": "FTAA", "commodity": "Gold", "operation_status": "With commercial operation", "province": "Nueva Vizcaya", "municipality": "Quezon", "permit_ha": 3109.4, "date_approved": "2009-09-18", "date_expiration": "2034-09-18" }, "geometry": { "type": "Polygon", "coordinates": [ [ [ 121.326438642998994, 16.4400521144855 ], [ 121.35977195753, 16.4400518861645 ], [ 121.359771712289998, 16.406720587503202 ], [ 121.368105040922003, 16.406720530628601 ], [ 121.357160479539999, 16.390054956728498 ], [ 121.301438289689997, 16.3900553376487 ], [ 121.301438534032002, 16.4233866350338 ], [ 121.318105191296993, 16.423386521294301 ], [ 121.318105252383006, 16.431719346669102 ], [ 121.326438581914005, 16.431719289801801 ], [ 121.326438642998994, 16.4400521144855 ] ] ] } },
{ "type": "Feature", "properties": { "tenement_no": "FTAA No. 06-2010-I", "tenement_name": "Altamina Exploration and Resources, Inc.", "tenement_type": "FTAA", "commodity": "Magnetite Sand and other associated minerals", "operation_status": "With exploration activity", "province": "Ilocos Sur; Ilocos Norte and Pangasinan", "municipality": "Magsingal, Sto. Domingo, San Vicente, Sta. Catalina, Vigan, Caoayan, Santa, Narvacan, Sta. Maria, Sinait, San Esteban, Santiago, Candon, San Juan and Cabugao; Currimao, Pinili and Badoc; San Fabian, Mangaldan, Binmaley, Lingayen, Alaminos and Dagupan Cit", "permit_ha": 9253.1, "date_approved": "2010-06-28", "date_expiration": "2035-06-28" }, "geometry": { "type": "MultiPolygon", "coordinates": [ [ [ [ 120.173346974278004, 16.025004614348401 ], [ 120.169417012894996, 16.0305433019182 ], [ 120.175880009579998, 16.029807304590602 ], [ 120.196878020650004, 16.031543057452801 ], [ 120.199143975140004, 16.025360420986001 ], [ 120.173346974278004, 16.025004614348401 ] ] ], [ [ [ 120.251436063062002, 16.038139288687201 ], [ 120.280047114705994, 16.045638637922799 ], [ 120.290211145209, 16.050022301228299 ], [ 120.292783116189995, 16.046074525264199 ], [ 120.281436084408, 16.0414728837195 ], [ 120.251436028027996, 16.033139594535001 ], [ 120.236158004494996, 16.029806900525401 ], [ 120.234769019522005, 16.031750790799599 ], [ 120.210241977755999, 16.025737323422 ], [ 120.207630020964999, 16.031750972109101 ], [ 120.221714019093, 16.031750878864202 ], [ 120.251436063062002, 16.038139288687201 ] ] ], [ [ [ 120.330269278499003, 16.069228856845399 ], [ 120.335603334519007, 16.077025344962799 ], [ 120.354409594635996, 16.0873681367713 ], [ 120.334769282913996, 16.069803792575001 ], [ 120.335880251882998, 16.065637039378799 ], [ 120.333450235377995, 16.0633041986009 ], [ 120.330269278499003, 16.069228856845399 ] ] ], [ [ [ 120.377386541277005, 16.1066432531834 ], [ 120.381269528855, 16.104854337598599 ], [ 120.380047484996993, 16.098690721923202 ], [ 120.363103400124999, 16.086746566317501 ], [ 120.339769307582003, 16.073414538969399 ], [ 120.336436256043996, 16.066193002211801 ], [ 120.335458282651999, 16.069864782934399 ], [ 120.356021850483998, 16.088254703023502 ], [ 120.375880526483002, 16.104523392942198 ], [ 120.376889542955993, 16.106873243054601 ], [ 120.377386541277005, 16.1066432531834 ] ] ], [ [ [ 120.368936493641002, 16.099801728354102 ], [ 120.356021850483998, 16.088254703023502 ], [ 120.354409594635996, 16.0873681367713 ], [ 120.368936497234003, 16.100356695422199 ], [ 120.368936493641002, 16.099801728354102 ] ] ], [ [ [ 120.043659099340999, 16.180909971414099 ], [ 120.046437070186997, 16.177021189951301 ], [ 120.066715017777, 16.169799491634201 ], [ 120.067547989606993, 16.165910724413699 ], [ 120.071992964125997, 16.162299914025201 ], [ 120.078658958505997, 16.161518916477998 ], [ 120.075067935071999, 16.158386131692399 ], [ 120.068936944038001, 16.159522103139501 ], [ 120.060603994494997, 16.166466736632302 ], [ 120.040881044952002, 16.1734104471265 ], [ 120.034214990384996, 16.1659109487405 ], [ 120.026322982492005, 16.165042054863999 ], [ 120.026322977101998, 16.164158109019599 ], [ 120.021714968241, 16.163133202398601 ], [ 120.013103976642, 16.164244192592299 ], [ 120.006992946173, 16.160078487945999 ], [ 119.998103978097006, 16.164522276304702 ], [ 120.000881093746003, 16.1803542948984 ], [ 119.998937133183006, 16.1859099699594 ], [ 120.001715161521005, 16.189798713510399 ], [ 120.005604094150002, 16.180354262114701 ], [ 120.004214982514, 16.165078201835101 ], [ 120.012547998532995, 16.167300010028399 ], [ 120.020880997483999, 16.1670219707751 ], [ 120.032548019052001, 16.1700777064374 ], [ 120.038659084554993, 16.178966124289801 ], [ 120.043659099340999, 16.180909971414099 ] ] ], [ [ [ 119.997826148941996, 16.188131841463999 ], [ 119.992548179237005, 16.192298623797399 ], [ 119.977270206908003, 16.196187489897799 ], [ 119.975048239323996, 16.2006312352189 ], [ 119.970326253118003, 16.2025761490913 ], [ 119.970326289051002, 16.207575845279301 ], [ 119.978381269303, 16.204797959700901 ], [ 119.980604234015999, 16.199798247417402 ], [ 119.993104213940001, 16.197020332494301 ], [ 120.001437164381997, 16.190076699131598 ], [ 119.998659136941995, 16.186465937098799 ], [ 119.997826148941996, 16.188131841463999 ] ] ], [ [ [ 120.426482651590007, 17.4483032898207 ], [ 120.425871657957998, 17.449120246260399 ], [ 120.423752926562997, 17.483190250274902 ], [ 120.413668985358996, 17.490439896777598 ], [ 120.403141009606003, 17.493272806461601 ], [ 120.402178007535994, 17.4929728321097 ], [ 120.392003052621007, 17.4983285903627 ], [ 120.401447051084006, 17.498328520966201 ], [ 120.417835986095, 17.4904398659334 ], [ 120.428835906155996, 17.480596367765902 ], [ 120.430393651334001, 17.4483032606833 ], [ 120.426482651590007, 17.4483032898207 ] ] ], [ [ [ 120.406976367609005, 17.5000480319727 ], [ 120.403669050109002, 17.4983285046881 ], [ 120.401311081185, 17.502197294614199 ], [ 120.401291116126998, 17.506634033358601 ], [ 120.407094114285002, 17.506633990523198 ], [ 120.410614077386001, 17.5019392410573 ], [ 120.404503079256997, 17.5019392856073 ], [ 120.406976367609005, 17.5000480319727 ] ] ], [ [ [ 120.366775307866007, 17.530157899797899 ], [ 120.380636245326002, 17.5225992435814 ], [ 120.388325147727002, 17.510296911586298 ], [ 120.387219024269996, 17.494850829854698 ], [ 120.384864026073998, 17.494856846042801 ], [ 120.384308135100994, 17.508689035352901 ], [ 120.378753230065001, 17.520660370273902 ], [ 120.364808292041005, 17.528216027765598 ], [ 120.359780254309001, 17.5233273526799 ], [ 120.334780522634006, 17.556658574148798 ], [ 120.330614589098005, 17.564992114697901 ], [ 120.330614722047997, 17.581657135191801 ], [ 120.340500701512994, 17.588247941870801 ], [ 120.337675720929994, 17.581721079889999 ], [ 120.335966644660999, 17.5721576542457 ], [ 120.336864591636001, 17.565394045285299 ], [ 120.348041452858993, 17.548103980337402 ], [ 120.366775307866007, 17.530157899797899 ] ] ], [ [ [ 120.353391534823004, 17.558603324074902 ], [ 120.355058507953004, 17.5552695082302 ], [ 120.374016356978004, 17.536543470578501 ], [ 120.368947330916995, 17.533048712515299 ], [ 120.350614491936994, 17.5530476711014 ], [ 120.347836535463998, 17.558603364328601 ], [ 120.340891594425997, 17.5658249907497 ], [ 120.341725649623996, 17.572768576458401 ], [ 120.347003803484, 17.592212394350302 ], [ 120.350336791242, 17.590823452402802 ], [ 120.345058631094005, 17.570546682616602 ], [ 120.345336609368005, 17.567768843170199 ], [ 120.352280547887005, 17.560269234764402 ], [ 120.346447548694002, 17.560269275874202 ], [ 120.347280542982006, 17.559436319448 ], [ 120.352836541268005, 17.559436279194401 ], [ 120.353391534823004, 17.558603324074902 ] ] ], [ [ [ 120.343114850193999, 17.5950795940098 ], [ 120.343114786412997, 17.589990554452701 ], [ 120.340500701512994, 17.588247941870801 ], [ 120.341278786279005, 17.590045564859601 ], [ 120.343114850193999, 17.5950795940098 ] ] ], [ [ [ 120.357836983652007, 17.614988977941898 ], [ 120.355058885245995, 17.602489731661301 ], [ 120.350891807254996, 17.592767334135601 ], [ 120.347280814273006, 17.5936013110651 ], [ 120.353391984878996, 17.614989009621102 ], [ 120.354226137096006, 17.634153878951299 ], [ 120.357559134734998, 17.633876870127001 ], [ 120.358948211336994, 17.643598289682402 ], [ 120.363670191254997, 17.6410984008394 ], [ 120.363115099783002, 17.629710073348701 ], [ 120.359504101411005, 17.629710100744699 ], [ 120.357836983652007, 17.614988977941898 ] ] ], [ [ [ 120.347087152769006, 17.636087817060702 ], [ 120.355948270377993, 17.650836886783999 ], [ 120.362809326735004, 17.658041413825799 ], [ 120.361701385087997, 17.665299996269699 ], [ 120.362559449559001, 17.673318520213002 ], [ 120.358156430855999, 17.6709156930613 ], [ 120.355309431666996, 17.671079703514199 ], [ 120.348198447827997, 17.6728546525786 ], [ 120.345273474872002, 17.676312471458399 ], [ 120.345170522551001, 17.6822371249993 ], [ 120.346629603964004, 17.6923255231318 ], [ 120.349426639754995, 17.696881236717601 ], [ 120.346448491925003, 17.678401340749001 ], [ 120.349595457451997, 17.6741515673423 ], [ 120.357379443829998, 17.672624598342701 ], [ 120.364726477977001, 17.6769292933106 ], [ 120.363254330567003, 17.658502382761899 ], [ 120.355092242387002, 17.647376095808202 ], [ 120.348970159046999, 17.636837759413002 ], [ 120.348773039928005, 17.621954635161899 ], [ 120.344378854358993, 17.598545041411899 ], [ 120.343114850193999, 17.5950795940098 ], [ 120.343114919363998, 17.606655573954399 ], [ 120.344097933203003, 17.608405464126498 ], [ 120.344836932270994, 17.6084334575736 ], [ 120.347087040480005, 17.621960647128599 ], [ 120.347087152769006, 17.636087817060702 ] ] ], [ [ [ 120.376448368642002, 17.6635969866112 ], [ 120.376448351573998, 17.661375117900299 ], [ 120.371726244095001, 17.647763950381499 ], [ 120.364504199741006, 17.642209329764398 ], [ 120.359781221795004, 17.644987202080902 ], [ 120.366170261978993, 17.649986861959899 ], [ 120.371170356715993, 17.661930123927402 ], [ 120.370337382190996, 17.664985951014199 ], [ 120.376448368642002, 17.6635969866112 ] ] ], [ [ [ 120.386726544474996, 17.6855396252828 ], [ 120.381448484040007, 17.678040104642299 ], [ 120.377281475220002, 17.676929200017501 ], [ 120.379781430959994, 17.6713745080263 ], [ 120.375615386929994, 17.665818862979101 ], [ 120.375615376149995, 17.664429944380402 ], [ 120.370337387579994, 17.6658189023529 ], [ 120.370337396563997, 17.666929837094099 ], [ 120.373670436424007, 17.671929518297102 ], [ 120.370892497916998, 17.6794291004347 ], [ 120.378392513359998, 17.681650916426399 ], [ 120.383115579340995, 17.689984391557701 ], [ 120.388392578864995, 17.689984353900801 ], [ 120.398115632683997, 17.696927874673602 ], [ 120.402281665933003, 17.701094599722101 ], [ 120.406448663074997, 17.700816584863599 ], [ 120.410059671328995, 17.701927493255798 ], [ 120.418115718779006, 17.708038076788601 ], [ 120.421170768685997, 17.7141486961272 ], [ 120.421726801592996, 17.718315447479899 ], [ 120.426448794086994, 17.717482460585401 ], [ 120.425615751289996, 17.7122047766808 ], [ 120.421726705473006, 17.706372146598699 ], [ 120.41255964234, 17.698316686792602 ], [ 120.407837628286003, 17.6963728354845 ], [ 120.401448633018006, 17.696927850711099 ], [ 120.387559541458003, 17.685261636841101 ], [ 120.386726544474996, 17.6855396252828 ] ] ], [ [ [ 120.365909675088005, 17.701558840316 ], [ 120.372348578059004, 17.6896504911482 ], [ 120.374226581618998, 17.6899844574572 ], [ 120.379206647518004, 17.698316932406701 ], [ 120.389392673271004, 17.7017886538307 ], [ 120.394965720681995, 17.7077602626625 ], [ 120.410429765548002, 17.713593807745099 ], [ 120.412559792359005, 17.717065587891799 ], [ 120.413440885141995, 17.728683901397801 ], [ 120.415337915020004, 17.732389670291099 ], [ 120.429226957172006, 17.737758252959502 ], [ 120.426449042022, 17.748313655368701 ], [ 120.428755042508996, 17.7483136382575 ], [ 120.432004944187995, 17.736275318628199 ], [ 120.426448897393001, 17.7304117039773 ], [ 120.415337883578999, 17.728406903032901 ], [ 120.415337782069003, 17.715815640867699 ], [ 120.411634750397994, 17.7117409067754 ], [ 120.396262711882997, 17.706649318487599 ], [ 120.390795662081999, 17.700260732715002 ], [ 120.379651629790999, 17.696095059787599 ], [ 120.374587564226005, 17.687992572248 ], [ 120.370831559801005, 17.6873256389399 ], [ 120.364392655931994, 17.6992339882168 ], [ 120.349742643715999, 17.697403202696901 ], [ 120.351381665765999, 17.700078034480399 ], [ 120.365909675088005, 17.701558840316 ] ] ], [ [ [ 120.380152359714003, 17.786967736798999 ], [ 120.398857356342006, 17.786967598228301 ], [ 120.403207129204006, 17.758813213132601 ], [ 120.406049062793002, 17.750552675488699 ], [ 120.399896100763002, 17.7550694563961 ], [ 120.397649155522998, 17.761832077312 ], [ 120.396952253305003, 17.774090365104001 ], [ 120.395405274436001, 17.776565232634301 ], [ 120.394588320465004, 17.7822929033644 ], [ 120.392338320953002, 17.782292919616999 ], [ 120.391841328021997, 17.783172873116399 ], [ 120.378452333970998, 17.783644944214799 ], [ 120.378452531600004, 17.808088516236101 ], [ 120.395702527861999, 17.808088387945102 ], [ 120.419230557690994, 17.812115978997099 ], [ 120.427757616997994, 17.819587478787401 ], [ 120.429646698582005, 17.829614880228601 ], [ 120.432171701149002, 17.830100831817202 ], [ 120.429393626098999, 17.8206984015339 ], [ 120.432282590984002, 17.8165596222569 ], [ 120.415707505284004, 17.8057163777234 ], [ 120.407005526025003, 17.808032308500898 ], [ 120.388671512947994, 17.806013559928001 ], [ 120.380524513769004, 17.806013621508399 ], [ 120.380152359714003, 17.786967736798999 ] ] ], [ [ [ 120.420750890733004, 16.1559759468072 ], [ 120.425603954612995, 16.165075358912102 ], [ 120.426436997411002, 16.170907996666401 ], [ 120.427269929714996, 16.161464567777401 ], [ 120.423936869193994, 16.153078102145699 ], [ 120.420750890733004, 16.1559759468072 ] ] ], [ [ [ 120.424493255138003, 16.206461839961399 ], [ 120.424493200341004, 16.1989622972044 ], [ 120.426437129462997, 16.189239876950602 ], [ 120.431993010968, 16.172851841130001 ], [ 120.430603954128998, 16.165075325263 ], [ 120.428103933710005, 16.162019528654199 ], [ 120.427270005173995, 16.172018923311001 ], [ 120.422270112557996, 16.1867400581847 ], [ 120.420048241992006, 16.204516987709098 ], [ 120.418862258306007, 16.2067918575775 ], [ 120.424493255138003, 16.206461839961399 ] ] ], [ [ [ 120.420333684368998, 17.196679237797699 ], [ 120.426444680700996, 17.19640220921 ], [ 120.427469663829996, 17.194238330995699 ], [ 120.421852670834994, 17.1949773279024 ], [ 120.422852640374998, 17.191110550472299 ], [ 120.420333684368998, 17.196679237797699 ] ] ], [ [ [ 120.414500764227, 17.2069566686447 ], [ 120.406166795095999, 17.210845496616201 ], [ 120.407833834700995, 17.2158451889376 ], [ 120.413111837643996, 17.2164011172664 ], [ 120.418666890902003, 17.2233446648601 ], [ 120.421722933447001, 17.228900313164601 ], [ 120.423111976811001, 17.234454973332799 ], [ 120.422703043032996, 17.242924474058501 ], [ 120.424076020027996, 17.239982638186099 ], [ 120.424075895162005, 17.2240415852837 ], [ 120.420611847695994, 17.217788979979499 ], [ 120.414500805550006, 17.212234355213599 ], [ 120.417555793472999, 17.210845415097602 ], [ 120.425888688219004, 17.197513147828499 ], [ 120.420055692619002, 17.1977901730375 ], [ 120.414500764227, 17.2069566686447 ] ] ], [ [ [ 120.432001343739998, 17.281674108649899 ], [ 120.423667278489006, 17.273341661570502 ], [ 120.420742149226996, 17.256648672273599 ], [ 120.420742092633006, 17.249357105685402 ], [ 120.418945133280999, 17.254453815855801 ], [ 120.423667299149997, 17.275841514356301 ], [ 120.431445348563003, 17.282230078869699 ], [ 120.436167354532003, 17.283062996170599 ], [ 120.437001388170998, 17.287507725916399 ], [ 120.436167403040997, 17.2894516172328 ], [ 120.439501429250996, 17.2927843948369 ], [ 120.440889424282005, 17.292229417985201 ], [ 120.439778323260001, 17.2791742012028 ], [ 120.438953322181007, 17.278991217488901 ], [ 120.438945342446004, 17.281674058042 ], [ 120.432001343739998, 17.281674108649899 ] ] ], [ [ [ 120.435889407697999, 17.290007586268299 ], [ 120.435056415207001, 17.2908405430057 ], [ 120.438956439335001, 17.294173316043999 ], [ 120.438953448842994, 17.295173258236701 ], [ 120.441167444776994, 17.294729267385499 ], [ 120.440889429671998, 17.292784384544301 ], [ 120.439501434641002, 17.293618345953998 ], [ 120.435889407697999, 17.290007586268299 ] ] ], [ [ [ 120.429223445657996, 17.294729354013299 ], [ 120.434631450094003, 17.2953072813322 ], [ 120.434778440524994, 17.294173346921301 ], [ 120.426445441574003, 17.294173406960599 ], [ 120.426445408337003, 17.290007653170701 ], [ 120.43047640863, 17.289979626218599 ], [ 120.424501402857999, 17.289173717429101 ], [ 120.426445465829005, 17.297229225202202 ], [ 120.425056514990999, 17.303617857958098 ], [ 120.427278577796002, 17.311672364459799 ], [ 120.429223603761002, 17.315006151934298 ], [ 120.430462604219002, 17.3149811449927 ], [ 120.429223603761002, 17.314981153568699 ], [ 120.426295538804993, 17.3066456681434 ], [ 120.430909537632004, 17.306647635581498 ], [ 120.429223445657996, 17.294729354013299 ] ] ], [ [ [ 120.436445870897998, 17.349262071896401 ], [ 120.436334894824, 17.352142901372801 ], [ 120.440973945867995, 17.3588644704556 ], [ 120.442223951586001, 17.359511423191599 ], [ 120.442995926012003, 17.356311607137599 ], [ 120.446751925046996, 17.3563115797004 ], [ 120.440798901050002, 17.3532258048735 ], [ 120.438770843803994, 17.345745261943801 ], [ 120.423945825396999, 17.343226519251498 ], [ 120.418112446216995, 17.294582442675001 ], [ 120.418112321351003, 17.278710384603599 ], [ 120.413945192156007, 17.261953407000998 ], [ 120.412556085909998, 17.248343224212402 ], [ 120.410506087312996, 17.248343238796899 ], [ 120.410078114640001, 17.251954028219899 ], [ 120.42157382389, 17.3429485524108 ], [ 120.432834868933, 17.348809124512901 ], [ 120.436445870897998, 17.349262071896401 ] ] ], [ [ [ 120.430462604219002, 17.3149811449927 ], [ 120.428389702174997, 17.327505417260401 ], [ 120.430462727288003, 17.330896201442901 ], [ 120.430462604219002, 17.3149811449927 ] ] ], [ [ [ 120.445056758291997, 17.335004853892901 ], [ 120.443945722847005, 17.3305601248946 ], [ 120.438714737726002, 17.332169067001502 ], [ 120.440334765797999, 17.335837838272099 ], [ 120.445056758291997, 17.335004853892901 ] ] ], [ [ [ 120.435056786211007, 17.3383377274099 ], [ 120.438945777230998, 17.3372267660055 ], [ 120.434778776494994, 17.337226796018101 ], [ 120.431420742808996, 17.332921075545801 ], [ 120.431167775429003, 17.336948838954001 ], [ 120.435056786211007, 17.3383377274099 ] ] ], [ [ [ 120.443581517084993, 17.374282284457099 ], [ 120.443557067637997, 17.374354535000801 ], [ 120.443722271412, 17.3745667237622 ], [ 120.443581517084993, 17.374282284457099 ] ] ], [ [ [ 120.417953047355994, 17.498284403662101 ], [ 120.424866046099993, 17.498284353113998 ], [ 120.431447024818993, 17.495550466140301 ], [ 120.435057980072003, 17.489995767904201 ], [ 120.428668964142005, 17.488050927723599 ], [ 120.428390994850005, 17.4919397013762 ], [ 120.403669050109002, 17.4983285046881 ], [ 120.409225049292999, 17.498328464421 ], [ 120.406976367609005, 17.5000480319727 ], [ 120.410614077386001, 17.5019392410573 ], [ 120.414319076368002, 17.501939214498702 ], [ 120.417953047355994, 17.498284403662101 ] ] ], [ [ [ 120.434782123618007, 17.758590992673401 ], [ 120.441449046855993, 17.7491464963719 ], [ 120.443115979561995, 17.7408139719758 ], [ 120.442281877650998, 17.728036726680799 ], [ 120.427004825197002, 17.721371229341599 ], [ 120.427004800942001, 17.718315408973201 ], [ 120.422281803233005, 17.7185934266688 ], [ 120.422281852639998, 17.7247040697439 ], [ 120.437559902223995, 17.731092581561398 ], [ 120.438392980055994, 17.740814007055199 ], [ 120.435616047663004, 17.749146540005199 ], [ 120.436171060980996, 17.7508134380973 ], [ 120.431171102787999, 17.755813181989701 ], [ 120.422560135444002, 17.7599800020398 ], [ 120.422282159863997, 17.763034824992399 ], [ 120.422838160430999, 17.763034820714999 ], [ 120.423671202329999, 17.768312506606399 ], [ 120.427560236469006, 17.772479233053801 ], [ 120.427282259991003, 17.775256073147901 ], [ 120.425616286685994, 17.778589891513899 ], [ 120.428671310542001, 17.7816446890237 ], [ 120.431449280489005, 17.778033880346101 ], [ 120.432560231492999, 17.771923229393899 ], [ 120.428393187637994, 17.766368584692401 ], [ 120.427282153990006, 17.762201837323801 ], [ 120.434782123618007, 17.758590992673401 ] ] ], [ [ [ 120.407560357883995, 17.787200520063099 ], [ 120.405060406635002, 17.793311181348201 ], [ 120.405060447957993, 17.798310890392699 ], [ 120.407838470008002, 17.8010887067861 ], [ 120.42172741604, 17.794699977327699 ], [ 120.409227419049003, 17.794978053412201 ], [ 120.412005359351994, 17.787478470968001 ], [ 120.428671310542001, 17.7816446890237 ], [ 120.415338318363993, 17.782478739167701 ], [ 120.407005313124003, 17.781644849839001 ], [ 120.406171336078998, 17.784422692864499 ], [ 120.407560357883995, 17.787200520063099 ] ] ], [ [ [ 120.450616560043997, 17.813031692289801 ], [ 120.44394957662, 17.814976629437702 ], [ 120.441441526160006, 17.808591020419399 ], [ 120.434782545825996, 17.810809940180601 ], [ 120.426449493874998, 17.804282381484501 ], [ 120.429780473898006, 17.8018964972464 ], [ 120.422282420376007, 17.795254941003101 ], [ 120.416171459077006, 17.7999777097798 ], [ 120.420893463249996, 17.800532642504798 ], [ 120.431171533980006, 17.8094210480699 ], [ 120.430616553001002, 17.811642921823601 ], [ 120.437005550066004, 17.8116428747845 ], [ 120.439782594749005, 17.817198529753199 ], [ 120.436171638597997, 17.8224762481968 ], [ 120.441171632722998, 17.8219202429039 ], [ 120.452282586349995, 17.816365485119402 ], [ 120.455060591332, 17.8169204335689 ], [ 120.454505547471001, 17.811642744785502 ], [ 120.450616560043997, 17.813031692289801 ] ] ], [ [ [ 120.438760724282005, 17.8331556051067 ], [ 120.439413724035006, 17.8330116083443 ], [ 120.439127730093006, 17.833805564066299 ], [ 120.442235774314, 17.8392892218667 ], [ 120.444274730819998, 17.834094509681801 ], [ 120.451449667519995, 17.8263089107067 ], [ 120.432332700806995, 17.830130829397699 ], [ 120.437616708090005, 17.831141731567499 ], [ 120.438760724282005, 17.8331556051067 ] ] ], [ [ [ 120.424136402984999, 17.9164508546239 ], [ 120.429397297513006, 17.903668561844 ], [ 120.421933340446003, 17.908779318371 ], [ 120.418119411752997, 17.917514838778001 ], [ 120.429511495843997, 17.927934147106999 ], [ 120.430658522290997, 17.9311169514692 ], [ 120.433369506663993, 17.929384033065102 ], [ 120.435306519657004, 17.931002924925298 ], [ 120.433283468721001, 17.924664309127401 ], [ 120.424136402984999, 17.9164508546239 ] ] ], [ [ [ 120.451445796680005, 17.340004511049901 ], [ 120.453389826413002, 17.343884266989701 ], [ 120.453389796769002, 17.340004497330099 ], [ 120.451448768307003, 17.336479719479598 ], [ 120.451445796680005, 17.340004511049901 ] ] ], [ [ [ 120.447278710605005, 17.3288941987927 ], [ 120.445056758291997, 17.335004853892901 ], [ 120.447834812680995, 17.341948421715099 ], [ 120.448112891567007, 17.351947827600998 ], [ 120.448656891539997, 17.352075816679399 ], [ 120.448656763979997, 17.335812779286101 ], [ 120.451084763767, 17.335812762135902 ], [ 120.447278710605005, 17.3288941987927 ] ] ], [ [ [ 120.449778894516996, 17.3524787840546 ], [ 120.454223913950997, 17.355058598842401 ], [ 120.457001943188004, 17.358892353144299 ], [ 120.461723953648004, 17.3602802360497 ], [ 120.462556874274995, 17.350280822359299 ], [ 120.451295861570998, 17.348312019879302 ], [ 120.45129589391, 17.352478773765402 ], [ 120.449778894516996, 17.3524787840546 ] ] ], [ [ [ 120.449226934571996, 17.357597485867 ], [ 120.447056926442002, 17.356472567542799 ], [ 120.443113059138994, 17.373335597714298 ], [ 120.443581517084993, 17.374282284457099 ], [ 120.449226934571996, 17.357597485867 ] ] ], [ [ [ 120.451296025961994, 17.3692777791351 ], [ 120.450890058420995, 17.373335541130199 ], [ 120.451296068182998, 17.3746994586383 ], [ 120.451296025961994, 17.3692777791351 ] ] ], [ [ [ 120.455463056341998, 17.3733105104169 ], [ 120.459629089591999, 17.377477234314 ], [ 120.459629142593002, 17.384420823000902 ], [ 120.455910144265999, 17.3844208495766 ], [ 120.459293190642995, 17.390434470321299 ], [ 120.459296154184997, 17.385809743507 ], [ 120.461274141133998, 17.384159826835301 ], [ 120.460057121554001, 17.3816679833688 ], [ 120.459779084887998, 17.376946264564801 ], [ 120.456168050583997, 17.3725025539139 ], [ 120.461723953648004, 17.3602802360497 ], [ 120.457556956505996, 17.3605582494977 ], [ 120.451404025019002, 17.369143786021802 ], [ 120.455463024002995, 17.369143756871701 ], [ 120.455463056341998, 17.3733105104169 ] ] ], [ [ [ 120.455463129105993, 17.382528964860501 ], [ 120.455463089579993, 17.37747726432 ], [ 120.451296068182998, 17.3746994586383 ], [ 120.455057100478996, 17.378891183453899 ], [ 120.455463129105993, 17.382528964860501 ] ] ], [ [ [ 120.453065201320996, 17.391573447219301 ], [ 120.448890120239, 17.381204091254499 ], [ 120.443722271412, 17.3745667237622 ], [ 120.453252217986005, 17.393823312924798 ], [ 120.453065201320996, 17.391573447219301 ] ] ], [ [ [ 120.464454191613001, 17.390670418910101 ], [ 120.464454360496006, 17.412136150388399 ], [ 120.466168295752993, 17.403889625304501 ], [ 120.465613210569003, 17.393056268804099 ], [ 120.464454191613001, 17.390670418910101 ] ] ], [ [ [ 120.455604482609004, 17.427507306482099 ], [ 120.453415484093995, 17.427507321909498 ], [ 120.448896546786997, 17.4354788837705 ], [ 120.454874661627997, 17.4282357155573 ], [ 120.457838500194001, 17.429715160186401 ], [ 120.461168416611997, 17.4191657583617 ], [ 120.455604482609004, 17.427507306482099 ] ] ], [ [ [ 120.465893667296001, 17.826641783072599 ], [ 120.457838557686003, 17.8130316384091 ], [ 120.456171548623999, 17.811642732811901 ], [ 120.457005603821997, 17.818587320232901 ], [ 120.460616679449004, 17.828030742835299 ], [ 120.457838725670996, 17.833586438530901 ], [ 120.459505741021999, 17.835530312452001 ], [ 120.465893667296001, 17.826641783072599 ] ] ], [ [ [ 120.447282830277999, 17.8463637716719 ], [ 120.448671895201997, 17.8544182890159 ], [ 120.448116913324995, 17.856640164964102 ], [ 120.452282916930002, 17.857196101167499 ], [ 120.452838902226006, 17.855251210377102 ], [ 120.452282856742997, 17.849696538820599 ], [ 120.45728283919, 17.8477516156319 ], [ 120.457838742739, 17.835808308614698 ], [ 120.456171709421994, 17.831641565089001 ], [ 120.451449755555004, 17.837197274714899 ], [ 120.453393761932006, 17.838030210834901 ], [ 120.453393815831006, 17.844696821703799 ], [ 120.447282830277999, 17.8463637716719 ] ] ], [ [ [ 120.451727924273001, 17.858029056546901 ], [ 120.447560920843003, 17.8574741199198 ], [ 120.445060966000995, 17.863028814486999 ], [ 120.448671985033997, 17.865528641160498 ], [ 120.451727924273001, 17.858029056546901 ] ] ], [ [ [ 120.446450134231, 17.8838615892838 ], [ 120.446450220469004, 17.894415972382799 ], [ 120.451450219085999, 17.894415935623901 ], [ 120.452839195077004, 17.891361104242801 ], [ 120.451728133580005, 17.883861549957999 ], [ 120.456172093901003, 17.8791387916398 ], [ 120.456172029222003, 17.8710842613567 ], [ 120.448671985033997, 17.865528641160498 ], [ 120.443949978166003, 17.864417741668799 ], [ 120.442282993358006, 17.866362640780999 ], [ 120.451450043015996, 17.872750199654401 ], [ 120.451450086134997, 17.878027891740299 ], [ 120.446450134231, 17.8838615892838 ] ] ], [ [ [ 120.445894462447001, 17.924136245365698 ], [ 120.444506391958001, 17.9155257578666 ], [ 120.438117369739999, 17.912747966626402 ], [ 120.440894361421996, 17.911637010434902 ], [ 120.443672369997998, 17.912747925597401 ], [ 120.452839286705, 17.902748440105999 ], [ 120.450894225705994, 17.8952488917461 ], [ 120.445894226190006, 17.895248928504799 ], [ 120.445617245045995, 17.897471801778 ], [ 120.447839285393002, 17.9024714932109 ], [ 120.443672316098997, 17.9060823139585 ], [ 120.440894302133998, 17.904415431880999 ], [ 120.433950344750002, 17.9094151925609 ], [ 120.432006388679, 17.9149708821224 ], [ 120.440339403799001, 17.9169147076774 ], [ 120.441172450189995, 17.922470378392799 ], [ 120.440339472071003, 17.925247221486199 ], [ 120.444506511434, 17.930246899578101 ], [ 120.449228507521994, 17.929691896439799 ], [ 120.450533511694999, 17.930408846247001 ], [ 120.456450497079004, 17.928580908029598 ], [ 120.445894462447001, 17.924136245365698 ] ] ], [ [ [ 120.476450760142995, 17.961356850293001 ], [ 120.475061803914997, 17.9666335546924 ], [ 120.477006805626004, 17.966911523197201 ], [ 120.477283834380998, 17.970522311391399 ], [ 120.481450724623997, 17.9571900563745 ], [ 120.480747712964003, 17.9557821436333 ], [ 120.475367738659997, 17.9586870147021 ], [ 120.476450760142995, 17.961356850293001 ] ] ], [ [ [ 120.467531875472005, 17.975381100896598 ], [ 120.466436890226007, 17.977033012702901 ], [ 120.491587055574996, 17.997884612045699 ], [ 120.491032061121004, 17.998567577501099 ], [ 120.493812058565993, 17.998298571491802 ], [ 120.492193031217994, 17.994917780694401 ], [ 120.471633892080007, 17.9774309512771 ], [ 120.465922818525002, 17.968208530306502 ], [ 120.469033757117003, 17.960800938952801 ], [ 120.465339684344997, 17.951765492358501 ], [ 120.458858622538997, 17.944134984757099 ], [ 120.448903562628999, 17.9364965022992 ], [ 120.447589560930993, 17.9363585206384 ], [ 120.457889625114007, 17.9444409739388 ], [ 120.465731707337994, 17.95458232515 ], [ 120.468889755380999, 17.9605509538444 ], [ 120.463061824481997, 17.969050502939901 ], [ 120.467531875472005, 17.975381100896598 ] ] ], [ [ [ 120.484783871383001, 17.975243980122698 ], [ 120.492283946114995, 17.984410391878399 ], [ 120.500339981886995, 17.989132056597199 ], [ 120.501450969721006, 17.987743127925 ], [ 120.487283872936999, 17.975521946186301 ], [ 120.481450821641999, 17.969133361069598 ], [ 120.481172745451005, 17.9596899117346 ], [ 120.477283850551004, 17.972467198099501 ], [ 120.480617879456005, 17.976077962447299 ], [ 120.484783871383001, 17.975243980122698 ] ] ] ] } },
{ "type": "Feature", "properties": { "tenement_no": "FTAA No. 07-2020-I-OMR", "tenement_name": "Iron Ore, Gold and Vanadium Resources (Philippines), Inc.", "tenement_type": "FTAA", "commodity": "Gold, Magnetite Sand and other associated minerals", "operation_status": "With exploration activity", "province": "Pangasinan", "municipality": "Lingayen, Binmaley, San Fabian and Dagupan", "permit_ha": 10058.1, "date_approved": "2020-11-24", "date_expiration": "2045-11-24" }, "geometry": { "type": "MultiPolygon", "coordinates": [ [ [ [ 120.159769441815001, 16.090081728455502 ], [ 120.251436435862999, 16.090081113046899 ], [ 120.251436615526003, 16.1150795860597 ], [ 120.268103613253004, 16.1150794738675 ], [ 120.268103674339002, 16.123411964427898 ], [ 120.284769672240003, 16.123411853103299 ], [ 120.284769792614995, 16.140077834344499 ], [ 120.301436791239993, 16.140077721303602 ], [ 120.301436911614005, 16.156742704440401 ], [ 120.393103900271996, 16.156742086650201 ], [ 120.393103780795997, 16.140077104324298 ], [ 120.376436782170998, 16.140077217365199 ], [ 120.376436722883, 16.131743725868901 ], [ 120.351436726204994, 16.131743895006 ], [ 120.351436666018003, 16.123411403490401 ], [ 120.343103667066998, 16.123411458721101 ], [ 120.343103606880007, 16.1150789690025 ], [ 120.318103610202002, 16.115079136427799 ], [ 120.318103489828005, 16.098413155124 ], [ 120.293103491352994, 16.098413324289499 ], [ 120.293103431166003, 16.090080831667901 ], [ 120.276436433439002, 16.090080943874302 ], [ 120.276436373251997, 16.081747454333499 ], [ 120.243103376725003, 16.081747677029298 ], [ 120.243103316537997, 16.073415187231198 ], [ 120.159769320541997, 16.073415746583599 ], [ 120.159769441815001, 16.090081728455502 ] ] ], [ [ [ 120.134769442442007, 16.0900818959019 ], [ 120.134769982329999, 16.165077320917302 ], [ 120.159769980804001, 16.165077152671401 ], [ 120.159769441815001, 16.090081728455502 ], [ 120.134769442442007, 16.0900818959019 ] ] ] ] } },
{ "type": "Feature", "properties": { "tenement_no": "GSQP-OMR-005-2021-III", "tenement_name": "Cargon Mining Corporation", "tenement_type": "GSQP", "commodity": "Basalt", "operation_status": "No development/construction activity due to other reason", "province": " ", "municipality": " ", "permit_ha": 3990.2, "date_approved": null, "date_expiration": null }, "geometry": { "type": "Polygon", "coordinates": [ [ [ 120.709758594332001, 14.5068428081983 ], [ 120.709758779384998, 14.540174730562899 ], [ 120.718092758398001, 14.540174685346599 ], [ 120.718093070112999, 14.581838109011001 ], [ 120.726426062776, 14.581838060325699 ], [ 120.726426140030995, 14.5901714953668 ], [ 120.75975905032, 14.5901712962863 ], [ 120.759758743993999, 14.540174391440701 ], [ 120.751425759415994, 14.540174487960099 ], [ 120.751425675872994, 14.515176049842101 ], [ 120.743092652667997, 14.5151761533296 ], [ 120.743092540378001, 14.5068426794864 ], [ 120.709758594332001, 14.5068428081983 ] ] ] } },
{ "type": "Feature", "properties": { "tenement_no": "IP-000010-II", "tenement_name": "Jovencio Zimara", "tenement_type": "ISGP", "commodity": "Sand and Gravel", "operation_status": "With commercial operation", "province": "Cagayan", "municipality": "Pamplona", "permit_ha": 20.1, "date_approved": null, "date_expiration": null }, "geometry": { "type": "Polygon", "coordinates": [ [ [ 121.316371140965003, 18.446710809257599 ], [ 121.315037804826005, 18.446238624245701 ], [ 121.315871185389994, 18.451932734224702 ], [ 121.318473956907994, 18.451357746657202 ], [ 121.326129556065993, 18.4569740318057 ], [ 121.326518438549002, 18.456268512661001 ], [ 121.318907284437998, 18.450599453624999 ], [ 121.316593394047999, 18.450293934225002 ], [ 121.316371140965003, 18.446710809257599 ] ] ] } },
{ "type": "Feature", "properties": { "tenement_no": "IP-000012-II", "tenement_name": "Winston Pascua", "tenement_type": "ISGP", "commodity": "Sand and Gravel", "operation_status": "With commercial operation", "province": "Cagayan", "municipality": "Gattaran", "permit_ha": 7.0, "date_approved": null, "date_expiration": null }, "geometry": { "type": "Polygon", "coordinates": [ [ [ 121.826296922115006, 18.0465457679583 ], [ 121.827278864264002, 18.046410490227199 ], [ 121.828177739197997, 18.044841021101298 ], [ 121.831651894507999, 18.043715615229399 ], [ 121.828381898415003, 18.043867020264301 ], [ 121.825227752654001, 18.0461288555999 ], [ 121.826296922115006, 18.0465457679583 ] ] ] } },
{ "type": "Feature", "properties": { "tenement_no": "IP-000018-II", "tenement_name": "Eduardo V. Interior", "tenement_type": "ISGP", "commodity": "Sand and Gravel", "operation_status": "No activity due to expiration of the mining tenement and with no application for renewal", "province": "Cagayan", "municipality": "Peñablanca", "permit_ha": 19.7, "date_approved": null, "date_expiration": null }, "geometry": { "type": "Polygon", "coordinates": [ [ [ 121.802511506092003, 17.650006530068399 ], [ 121.803419838490001, 17.650003746264201 ], [ 121.804069774089001, 17.642026436433 ], [ 121.801819713491994, 17.634232470964101 ], [ 121.800689159452006, 17.634254699685101 ], [ 121.802939220050007, 17.642051443839399 ], [ 121.802511506092003, 17.650006530068399 ] ] ] } },
{ "type": "Feature", "properties": { "tenement_no": "IP-000028-II", "tenement_name": "Red Giant Aggregates", "tenement_type": "ISGP", "commodity": "Sand and Gravel", "operation_status": "No activity due to expiration of the mining tenement and with no application for renewal", "province": "Cagayan", "municipality": "Tuguegarao City (Capital)", "permit_ha": 10.9, "date_approved": null, "date_expiration": null }, "geometry": { "type": "MultiPolygon", "coordinates": [ [ [ [ 121.751455843157004, 17.631619106787198 ], [ 121.751461397441005, 17.631477447832101 ], [ 121.753355837474999, 17.631188562254199 ], [ 121.751408613332998, 17.6307024947466 ], [ 121.751455843157004, 17.631619106787198 ] ] ], [ [ [ 121.748058633941994, 17.633005160510699 ], [ 121.747725306869, 17.633705121685502 ], [ 121.750391980942993, 17.634993913319299 ], [ 121.751280857628004, 17.633380113663101 ], [ 121.748058633941994, 17.633005160510699 ] ] ], [ [ [ 121.766242522365999, 17.634588266290901 ], [ 121.765396413573001, 17.634727152458598 ], [ 121.765522537937002, 17.636527046078399 ], [ 121.767797519596996, 17.634479927454901 ], [ 121.766242522365999, 17.634588266290901 ] ] ], [ [ [ 121.758939223596997, 17.638393650022401 ], [ 121.761003116436996, 17.638949157494601 ], [ 121.761937556571993, 17.638564450592799 ], [ 121.759315329342002, 17.637619526258099 ], [ 121.758939223596997, 17.638393650022401 ] ] ] ] } },
{ "type": "Feature", "properties": { "tenement_no": "IP-000029-II", "tenement_name": "Joseph Lara", "tenement_type": "ISGP", "commodity": "Sand and Gravel", "operation_status": "With commercial operation", "province": "Cagayan", "municipality": "Peñablanca", "permit_ha": 17.7, "date_approved": null, "date_expiration": null }, "geometry": { "type": "Polygon", "coordinates": [ [ [ 121.791169675554997, 17.628360673524099 ], [ 121.792836334274995, 17.627569043232 ], [ 121.789225167020007, 17.620125065903402 ], [ 121.786277929319994, 17.617925217977898 ], [ 121.785669602786001, 17.6186585121619 ], [ 121.787725164649999, 17.619708434981899 ], [ 121.789364077106001, 17.622816572939001 ], [ 121.789502988090007, 17.625627514770098 ], [ 121.791169675554997, 17.628360673524099 ] ] ] } },
{ "type": "Feature", "properties": { "tenement_no": "IP-000055-II", "tenement_name": "Jessie Pagulayan", "tenement_type": "ISGP", "commodity": "Sand and Gravel", "operation_status": "No activity due to expiration of the mining tenement and with no application for renewal", "province": "Cagayan", "municipality": "Peñablanca", "permit_ha": 12.3, "date_approved": "2019-02-18", "date_expiration": "2024-02-17" }, "geometry": { "type": "Polygon", "coordinates": [ [ [ 121.777114057003004, 17.619050217963501 ], [ 121.782105707575994, 17.617655820511601 ], [ 121.787300164502994, 17.6196917721565 ], [ 121.783444589913003, 17.616903077422801 ], [ 121.781475143246993, 17.616544779671301 ], [ 121.778227932920998, 17.617619740142199 ], [ 121.777114057003004, 17.619050217963501 ] ] ] } },
{ "type": "Feature", "properties": { "tenement_no": "IP-000056-II", "tenement_name": "Ma. Janet Interior", "tenement_type": "ISGP", "commodity": "Sand and Gravel", "operation_status": "With commercial operation", "province": "Cagayan", "municipality": "Peñablanca", "permit_ha": 20.0, "date_approved": null, "date_expiration": null }, "geometry": { "type": "MultiPolygon", "coordinates": [ [ [ [ 121.770505822499999, 17.6309384515571 ], [ 121.771114157118006, 17.631102325491401 ], [ 121.771919693501999, 17.6287691246912 ], [ 121.770469696749998, 17.629096894333198 ], [ 121.767891939720002, 17.631344002352598 ], [ 121.766253077569999, 17.6345771558038 ], [ 121.767808631757006, 17.634454929270898 ], [ 121.770505822499999, 17.6309384515571 ] ] ], [ [ [ 121.799780704883005, 17.653653001008198 ], [ 121.801855708985002, 17.654527934589701 ], [ 121.800975686095001, 17.651426179868199 ], [ 121.797225720146002, 17.655312089090401 ], [ 121.799780704883005, 17.653653001008198 ] ] ] ] } },
{ "type": "Feature", "properties": { "tenement_no": "IP-000057-II", "tenement_name": "Ricardo D. Interior, Jr.", "tenement_type": "ISGP", "commodity": "Sand and Gravel", "operation_status": "With commercial operation", "province": "Cagayan", "municipality": "Peñablanca", "permit_ha": 21.0, "date_approved": null, "date_expiration": null }, "geometry": { "type": "MultiPolygon", "coordinates": [ [ [ [ 121.781475145043999, 17.6165697786256 ], [ 121.783502922915005, 17.616869745259098 ], [ 121.783586249742001, 17.616014240733598 ], [ 121.779169579341001, 17.615172655575901 ], [ 121.775391845567995, 17.6203251553566 ], [ 121.773141886480005, 17.6252276590428 ], [ 121.774391881417998, 17.6246887930551 ], [ 121.778225156228999, 17.617633627416598 ], [ 121.781475145043999, 17.6165697786256 ] ] ], [ [ [ 121.792642045747002, 17.6470040027131 ], [ 121.792392055383004, 17.6482261543565 ], [ 121.793586776981996, 17.648253922476499 ], [ 121.793697602139005, 17.6471706518779 ], [ 121.792642045747002, 17.6470040027131 ] ] ] ] } },
{ "type": "Feature", "properties": { "tenement_no": "IP-000058-II", "tenement_name": "Tomas C. Nolasco IV", "tenement_type": "ISGP", "commodity": "Sand and Gravel", "operation_status": "With commercial operation", "province": "Cagayan", "municipality": "Gattaran", "permit_ha": 20.2, "date_approved": null, "date_expiration": null }, "geometry": { "type": "Polygon", "coordinates": [ [ [ 121.848095317729999, 18.0562350365574 ], [ 121.850139759349005, 18.056051698001699 ], [ 121.857056378303994, 18.051029718031199 ], [ 121.858800819449002, 18.050771387297999 ], [ 121.860784163950996, 18.052371277585301 ], [ 121.861881365339997, 18.049938080429001 ], [ 121.858661914753, 18.048846500961201 ], [ 121.853309176470006, 18.053079625420299 ], [ 121.847995309187993, 18.0552573161178 ], [ 121.848095317729999, 18.0562350365574 ] ] ] } },
{ "type": "Feature", "properties": { "tenement_no": "IP-2010-000087-VIII", "tenement_name": "Dominic Van T. Chua", "tenement_type": "ISGP", "commodity": "Sand and Gravel", "operation_status": "No activity due to expiration of the mining tenement but with application for renewal", "province": "Leyte", "municipality": "Burauen", "permit_ha": 9.5, "date_approved": null, "date_expiration": null }, "geometry": { "type": "Polygon", "coordinates": [ [ [ 124.893759994993999, 10.955474961411801 ], [ 124.894370990422004, 10.9548640013819 ], [ 124.894137979115996, 10.952277184079399 ], [ 124.890699968419995, 10.9485434603261 ], [ 124.889565968442994, 10.948225487335799 ], [ 124.893083983097995, 10.9526401622651 ], [ 124.893759994993999, 10.955474961411801 ] ] ] } },
{ "type": "Feature", "properties": { "tenement_no": "IP-2013-001-VIII", "tenement_name": "Lorenzo M. Baltonado, Jr.", "tenement_type": "ISGP", "commodity": "Sand and Gravel", "operation_status": "No activity due to expiration of the mining tenement but with application for renewal", "province": "Leyte", "municipality": "Albuera", "permit_ha": 5.1, "date_approved": null, "date_expiration": null }, "geometry": { "type": "Polygon", "coordinates": [ [ [ 124.687356607444002, 10.997126003569001 ], [ 124.687155604908, 10.996354057944099 ], [ 124.686092608669, 10.996716038437301 ], [ 124.685195599535007, 10.9944052037057 ], [ 124.683367597103, 10.9932292941764 ], [ 124.685937611553001, 10.9972140038309 ], [ 124.686513608618995, 10.996987017351 ], [ 124.686529615699001, 10.998567905987899 ], [ 124.687356607444002, 10.997126003569001 ] ] ] } },
{ "type": "Feature", "properties": { "tenement_no": "IP-2017-001-VIII (3rd Renewal)", "tenement_name": "Manuel T. Salazar", "tenement_type": "ISGP", "commodity": "Sand and Gravel", "operation_status": "No activity due to expiration of the mining tenement but with application for renewal", "province": "Leyte", "municipality": "Alangalang", "permit_ha": 6.7, "date_approved": null, "date_expiration": null }, "geometry": { "type": "Polygon", "coordinates": [ [ [ 124.818004308007005, 11.198893343797399 ], [ 124.816649299114005, 11.1964265222972 ], [ 124.814454298954999, 11.1954645991124 ], [ 124.814355287542995, 11.1929377755117 ], [ 124.813391282954001, 11.1919028527326 ], [ 124.813883302811007, 11.1960595609048 ], [ 124.817071303380004, 11.197629436852599 ], [ 124.817251312287993, 11.199527304355099 ], [ 124.818004308007005, 11.198893343797399 ] ] ] } },
{ "type": "Feature", "properties": { "tenement_no": "IP-2017-003-VIII (3rd Renewal)", "tenement_name": "Cesar L. Servacio, Jr.", "tenement_type": "ISGP", "commodity": "Sand and Gravel", "operation_status": "No activity due to expiration of the mining tenement but with application for renewal", "province": "Leyte", "municipality": "Hilongos", "permit_ha": 5.8, "date_approved": null, "date_expiration": null }, "geometry": { "type": "Polygon", "coordinates": [ [ [ 124.775034733983006, 10.409231808475599 ], [ 124.772512732687005, 10.4076909290029 ], [ 124.774066735483999, 10.4090178286447 ], [ 124.773274740304998, 10.409584792221301 ], [ 124.774043740408999, 10.4099897597675 ], [ 124.773949746087993, 10.411351664615999 ], [ 124.771095765192001, 10.414470457419499 ], [ 124.774939740734993, 10.4106527088618 ], [ 124.775034733983006, 10.409231808475599 ] ] ] } },
{ "type": "Feature", "properties": { "tenement_no": "IP-2017-005-VIII (4th Renewal)", "tenement_name": "Clarita C. Madeloso", "tenement_type": "ISGP", "commodity": "Sand and Gravel", "operation_status": "No activity due to expiration of the mining tenement but with application for renewal", "province": "Leyte", "municipality": "Dulag", "permit_ha": 9.5, "date_approved": null, "date_expiration": null }, "geometry": { "type": "Polygon", "coordinates": [ [ [ 124.991985729966999, 10.942814395128099 ], [ 124.991769727361998, 10.942049450842701 ], [ 124.983145748818998, 10.9427474412711 ], [ 124.981492759763, 10.9443483366323 ], [ 124.983195750844004, 10.9431534126856 ], [ 124.987903743993002, 10.9437553486565 ], [ 124.991985729966999, 10.942814395128099 ] ] ] } },
{ "type": "Feature", "properties": { "tenement_no": "IP-2018-005-VIII", "tenement_name": "Luz G. Ortega", "tenement_type": "ISGP", "commodity": "Sand and Gravel", "operation_status": "No activity due to expiration of the mining tenement but with application for renewal", "province": "Leyte", "municipality": "Dagami", "permit_ha": 11.1, "date_approved": null, "date_expiration": null }, "geometry": { "type": "MultiPolygon", "coordinates": [ [ [ [ 124.871862605931994, 11.0808502514955 ], [ 124.871260643064005, 11.0806982664964 ], [ 124.870041689410002, 11.0816991499522 ], [ 124.871039647621998, 11.0811911932944 ], [ 124.871715604721004, 11.0825001665008 ], [ 124.871862605931994, 11.0808502514955 ] ] ], [ [ [ 124.874885656052001, 11.0821231341132 ], [ 124.872921619040994, 11.082965077763101 ], [ 124.873073630156995, 11.0870588042192 ], [ 124.874065660385995, 11.0880117097894 ], [ 124.872255687141006, 11.0906795619323 ], [ 124.874926638991994, 11.0884006680625 ], [ 124.873661639494003, 11.0868898534958 ], [ 124.873795621422005, 11.0833040732561 ], [ 124.874455633424006, 11.0824981556556 ], [ 124.875600597339002, 11.0834480302965 ], [ 124.875975657444997, 11.083010085886 ], [ 124.874885656052001, 11.0821231341132 ] ] ] ] } },
{ "type": "Feature", "properties": { "tenement_no": "IP-2018-006-VIII", "tenement_name": "Marc S. Echevarre", "tenement_type": "ISGP", "commodity": "Sand and Gravel", "operation_status": "No activity due to expiration of the mining tenement but with application for renewal", "province": "Leyte", "municipality": "Bato", "permit_ha": 9.6, "date_approved": null, "date_expiration": null }, "geometry": { "type": "MultiPolygon", "coordinates": [ [ [ [ 124.853202189097999, 10.319230730414001 ], [ 124.851223131357003, 10.3183358314219 ], [ 124.848799244955003, 10.3194207352952 ], [ 124.848646153166001, 10.320597653853 ], [ 124.850436282626006, 10.321094615984 ], [ 124.851318220723996, 10.3229724691735 ], [ 124.851958213770999, 10.3218506029437 ], [ 124.850610174905995, 10.320193694013801 ], [ 124.849562164362993, 10.320024721862501 ], [ 124.851295172649003, 10.319198739162699 ], [ 124.852481187775993, 10.3203496276408 ], [ 124.853519175816004, 10.320104702426001 ], [ 124.853202189097999, 10.319230730414001 ] ] ], [ [ [ 124.815045331123002, 10.346972915006001 ], [ 124.814717372383001, 10.347021943065901 ], [ 124.814796393584999, 10.3475409277632 ], [ 124.815124346936003, 10.3474909056157 ], [ 124.815045331123002, 10.346972915006001 ] ] ] ] } },
{ "type": "Feature", "properties": { "tenement_no": "IP-2018-007-VIII", "tenement_name": "Adelfa A. Lagat", "tenement_type": "ISGP", "commodity": "Sand and Gravel", "operation_status": "No activity due to expiration of the mining tenement but with application for renewal", "province": "Leyte", "municipality": "Burauen", "permit_ha": 5.8, "date_approved": null, "date_expiration": null }, "geometry": { "type": "MultiPolygon", "coordinates": [ [ [ [ 124.918117954958007, 10.9639201929417 ], [ 124.914703917601997, 10.963363263552999 ], [ 124.911050974195007, 10.965223151402901 ], [ 124.910027008857, 10.965041139170401 ], [ 124.911470963539998, 10.965513151231599 ], [ 124.914070989806007, 10.963883187640601 ], [ 124.918221079755995, 10.9644831200797 ], [ 124.918117954958007, 10.9639201929417 ] ] ], [ [ [ 124.924329943488004, 10.965108044771601 ], [ 124.924519903933003, 10.965741000607 ], [ 124.925296933178998, 10.965251053415001 ], [ 124.924329943488004, 10.965108044771601 ] ] ] ] } },
{ "type": "Feature", "properties": { "tenement_no": "IP-2018-008-VIII", "tenement_name": "Marisse G. Serafica", "tenement_type": "ISGP", "commodity": "Sand and Gravel", "operation_status": "No activity due to expiration of the mining tenement but with application for renewal", "province": "Leyte", "municipality": "Albuera", "permit_ha": 7.4, "date_approved": null, "date_expiration": null }, "geometry": { "type": "Polygon", "coordinates": [ [ [ 124.676925394619005, 10.9573678101341 ], [ 124.680723421335003, 10.9609756121605 ], [ 124.681908445619996, 10.960174588310201 ], [ 124.684772452611995, 10.9611045675339 ], [ 124.685500412284, 10.963814363589 ], [ 124.687951462841994, 10.965882190440499 ], [ 124.685566425881007, 10.963375358205401 ], [ 124.684905458969993, 10.960798601372399 ], [ 124.684058449166997, 10.9600585969024 ], [ 124.682224440598006, 10.959809675589399 ], [ 124.680871514898001, 10.96036161995 ], [ 124.679681464539001, 10.958641723613701 ], [ 124.676925394619005, 10.9573678101341 ] ] ] } },
{ "type": "Feature", "properties": { "tenement_no": "IP-2019-001-VIII", "tenement_name": "Pantaleon E. Larrazabal", "tenement_type": "ISGP", "commodity": "Sand and Gravel", "operation_status": "No activity due to expiration of the mining tenement but with application for renewal", "province": "Leyte", "municipality": "Ormoc City", "permit_ha": 9.7, "date_approved": null, "date_expiration": null }, "geometry": { "type": "MultiPolygon", "coordinates": [ [ [ [ 124.632942634141997, 10.980335347656601 ], [ 124.632121635955997, 10.9801193865608 ], [ 124.631245641112002, 10.9787085232726 ], [ 124.632122611526995, 10.980585329328299 ], [ 124.633117660994003, 10.980978328576301 ], [ 124.632942634141997, 10.980335347656601 ] ] ], [ [ [ 124.683613615116002, 10.992273307629199 ], [ 124.679405585626995, 10.985092767647 ], [ 124.680560539705994, 10.9893874703268 ], [ 124.683184606685998, 10.9926312578647 ], [ 124.683613615116002, 10.992273307629199 ] ] ] ] } },
{ "type": "Feature", "properties": { "tenement_no": "IP-2019-002-VIII", "tenement_name": "Alvin G. Basal", "tenement_type": "ISGP", "commodity": "Sand and Gravel", "operation_status": "No activity due to expiration of the mining tenement but with application for renewal", "province": "Leyte", "municipality": "Hindang", "permit_ha": 18.3, "date_approved": null, "date_expiration": null }, "geometry": { "type": "MultiPolygon", "coordinates": [ [ [ [ 124.789994916500007, 10.444806151033299 ], [ 124.788981878268999, 10.4435192573621 ], [ 124.786634849028005, 10.4424593690348 ], [ 124.786292782245994, 10.4430763421809 ], [ 124.790393883470998, 10.4462100969048 ], [ 124.791767966291999, 10.4463000906365 ], [ 124.791830836683999, 10.4455751345509 ], [ 124.789994916500007, 10.444806151033299 ] ] ], [ [ [ 124.791493852569999, 10.4470120419143 ], [ 124.792934834727006, 10.4472240326654 ], [ 124.793075826209005, 10.4466220108876 ], [ 124.791658867698004, 10.446462037590001 ], [ 124.791493852569999, 10.4470120419143 ] ] ], [ [ [ 124.795561838300003, 10.446054075846099 ], [ 124.793076843102, 10.445578079899899 ], [ 124.793078920007005, 10.446413027789999 ], [ 124.798471857001005, 10.4486988355044 ], [ 124.798792821457994, 10.4482528843217 ], [ 124.795561838300003, 10.446054075846099 ] ] ], [ [ [ 124.802547889839005, 10.4525735919081 ], [ 124.800460848311999, 10.4502007177271 ], [ 124.799158872359996, 10.4479339384729 ], [ 124.798481852555, 10.448917867717199 ], [ 124.802437875861003, 10.452915588153701 ], [ 124.802283876773004, 10.455450338806299 ], [ 124.802547889839005, 10.4525735919081 ] ] ] ] } },
{ "type": "Feature", "properties": { "tenement_no": "IP-2019-005-VIII", "tenement_name": "Rainier D. Mancera", "tenement_type": "ISGP", "commodity": "Sand and Gravel", "operation_status": "No activity due to expiration of the mining tenement but with application for renewal", "province": "Leyte", "municipality": "Dagami", "permit_ha": 19.7, "date_approved": null, "date_expiration": null }, "geometry": { "type": "MultiPolygon", "coordinates": [ [ [ [ 124.859985807084001, 11.110074248270699 ], [ 124.858867777357005, 11.1110181820062 ], [ 124.846152860230006, 11.112933098835301 ], [ 124.855318853469001, 11.113063076133001 ], [ 124.859346800387996, 11.111852109991499 ], [ 124.860985786506006, 11.1105462485757 ], [ 124.859985807084001, 11.110074248270699 ] ] ], [ [ [ 124.857585754783997, 11.114897926642101 ], [ 124.857585824851995, 11.114300988101901 ], [ 124.856479785836996, 11.114232982033201 ], [ 124.856423839659001, 11.115052955174299 ], [ 124.857585754783997, 11.114897926642101 ] ] ] ] } },
{ "type": "Feature", "properties": { "tenement_no": "IP-2019-006-VIII", "tenement_name": "Maria Josephine T. Maat", "tenement_type": "ISGP", "commodity": "Sand and Gravel", "operation_status": "No activity due to expiration of the mining tenement but with application for renewal", "province": "Leyte", "municipality": "Julita", "permit_ha": 6.9, "date_approved": null, "date_expiration": null }, "geometry": { "type": "MultiPolygon", "coordinates": [ [ [ [ 124.962056859683003, 10.953866707243501 ], [ 124.961797830470999, 10.9532926993713 ], [ 124.959573829101004, 10.954426621375699 ], [ 124.960326867939003, 10.95586457916 ], [ 124.962804726919998, 10.954770589232099 ], [ 124.962056859683003, 10.953866707243501 ] ] ], [ [ [ 124.963621812943003, 10.9558645280073 ], [ 124.963125821633, 10.956875463428 ], [ 124.963666840995998, 10.957545434157201 ], [ 124.964318918179998, 10.956801447531101 ], [ 124.963621812943003, 10.9558645280073 ] ] ] ] } },
{ "type": "Feature", "properties": { "tenement_no": "IP-2019-007-VIII", "tenement_name": "Josephine S. Echevarre", "tenement_type": "ISGP", "commodity": "Sand and Gravel", "operation_status": "With commercial operation", "province": "Leyte", "municipality": "Hindang", "permit_ha": 18.8, "date_approved": null, "date_expiration": null }, "geometry": { "type": "MultiPolygon", "coordinates": [ [ [ [ 124.77206390293, 10.446972117334001 ], [ 124.771786897531001, 10.447222120937401 ], [ 124.772315898334, 10.4477970090232 ], [ 124.772592984582005, 10.4475480889582 ], [ 124.77206390293, 10.446972117334001 ] ] ], [ [ [ 124.816199919588001, 10.4673144681796 ], [ 124.814691917721007, 10.467586437065901 ], [ 124.814937914175005, 10.46542761353 ], [ 124.814312876282003, 10.4649326264983 ], [ 124.810344916161995, 10.464799650574401 ], [ 124.809036818191004, 10.4637367722093 ], [ 124.809594898358, 10.4570331957508 ], [ 124.808905877959006, 10.456279249523501 ], [ 124.807982850919998, 10.4567322386839 ], [ 124.807435876624993, 10.457619190254301 ], [ 124.804756879462005, 10.4554003798859 ], [ 124.801343845524002, 10.4560383495621 ], [ 124.804007771651001, 10.4557543095067 ], [ 124.807371894119001, 10.4580931580299 ], [ 124.808315905802999, 10.456815218736001 ], [ 124.808978834634999, 10.4570431993205 ], [ 124.808208862553997, 10.460712937275201 ], [ 124.808891906461, 10.4648136882595 ], [ 124.813788989588005, 10.465384627784999 ], [ 124.814464909855005, 10.4658225669233 ], [ 124.814156918866999, 10.468135392512901 ], [ 124.814846944481005, 10.468420412367999 ], [ 124.816340864357997, 10.4678893976761 ], [ 124.816199919588001, 10.4673144681796 ] ] ] ] } },
{ "type": "Feature", "properties": { "tenement_no": "IP-2019-008-VIII  (3rd Renewal)", "tenement_name": "Familia Homes, Inc.", "tenement_type": "ISGP", "commodity": "Sand and Gravel", "operation_status": "No activity due to expiration of the mining tenement but with application for renewal", "province": "Leyte", "municipality": "Ormoc City", "permit_ha": 15.0, "date_approved": null, "date_expiration": null }, "geometry": { "type": "MultiPolygon", "coordinates": [ [ [ [ 124.678097496638998, 10.9678560418586 ], [ 124.676577504058997, 10.9684899698438 ], [ 124.676147472447994, 10.969532947465099 ], [ 124.673035554692007, 10.9710557902721 ], [ 124.673496487451004, 10.972659685265 ], [ 124.669683528937995, 10.9742695983728 ], [ 124.673616488, 10.972707744869 ], [ 124.673143477392003, 10.9711028315457 ], [ 124.674068507673994, 10.970649887997499 ], [ 124.674569484632997, 10.9716067594308 ], [ 124.675800420914001, 10.971659734009 ], [ 124.676794461574005, 10.968513993812399 ], [ 124.678097496638998, 10.9678560418586 ] ] ], [ [ [ 124.683471546554003, 10.9892535078483 ], [ 124.682180597422004, 10.9887415676552 ], [ 124.678749567533998, 10.9806861172067 ], [ 124.676748482204005, 10.9791562549436 ], [ 124.676119539333996, 10.9794721813676 ], [ 124.678693548593003, 10.9817210700114 ], [ 124.678784550626006, 10.9831519124607 ], [ 124.680311521318998, 10.9844338270174 ], [ 124.682335542435993, 10.9893494558606 ], [ 124.683341528891006, 10.990407453380501 ], [ 124.684631553656999, 10.990409438401 ], [ 124.683471546554003, 10.9892535078483 ] ] ] ] } },
{ "type": "Feature", "properties": { "tenement_no": "IP-2020-001-VIII", "tenement_name": "Rogelio F. Villahermosa", "tenement_type": "ISGP", "commodity": "Sand and Gravel", "operation_status": "With commercial operation", "province": "Leyte", "municipality": "Hilongos", "permit_ha": 13.3, "date_approved": null, "date_expiration": null }, "geometry": { "type": "MultiPolygon", "coordinates": [ [ [ [ 124.755975675368006, 10.394810801503899 ], [ 124.752958594552993, 10.3929160207327 ], [ 124.751988629642, 10.3931769312894 ], [ 124.753304692973998, 10.395404786612801 ], [ 124.753672734543002, 10.3949698285134 ], [ 124.755378685573007, 10.395776763297601 ], [ 124.756161681429006, 10.3955418124301 ], [ 124.755975675368006, 10.394810801503899 ] ] ], [ [ [ 124.760488665828007, 10.3977796068788 ], [ 124.758909697952006, 10.3975866241658 ], [ 124.756159729390006, 10.3955428179327 ], [ 124.755376807196001, 10.3957777670322 ], [ 124.754092716700995, 10.3952067810991 ], [ 124.754303674366994, 10.396361744782901 ], [ 124.755376699397999, 10.3968367203118 ], [ 124.760501779435003, 10.398547534888399 ], [ 124.760488665828007, 10.3977796068788 ] ] ] ] } },
{ "type": "Feature", "properties": { "tenement_no": "IP-2020-003-VIII", "tenement_name": "Ma. Sheryl A. Azores", "tenement_type": "ISGP", "commodity": "Sand and Gravel", "operation_status": "With commercial operation", "province": "Leyte", "municipality": "Jaro", "permit_ha": 13.0, "date_approved": null, "date_expiration": null }, "geometry": { "type": "MultiPolygon", "coordinates": [ [ [ [ 124.764285165407998, 11.155143574371101 ], [ 124.763214210095995, 11.154953567260799 ], [ 124.762828207612003, 11.1552355663305 ], [ 124.762403167040006, 11.153161744603899 ], [ 124.761132164100999, 11.152505725575001 ], [ 124.761922194663995, 11.151550819488801 ], [ 124.758726176631001, 11.1488040078616 ], [ 124.758586156228006, 11.147474148574601 ], [ 124.756285146780002, 11.144208324144101 ], [ 124.757525184792001, 11.1485640347701 ], [ 124.759113203195, 11.149834974606 ], [ 124.758802198357998, 11.150499924288299 ], [ 124.760268206681005, 11.150158903104399 ], [ 124.761218219111996, 11.1516408163187 ], [ 124.760569189014006, 11.1522058033215 ], [ 124.762639206567002, 11.155376586474199 ], [ 124.765158217370995, 11.1557625146999 ], [ 124.764285165407998, 11.155143574371101 ] ] ], [ [ [ 124.766843225079, 11.1577063473365 ], [ 124.766000175049996, 11.156794404198401 ], [ 124.765783192382997, 11.156939477739799 ], [ 124.765572225732996, 11.1579553351034 ], [ 124.766843225079, 11.1577063473365 ] ] ] ] } },
{ "type": "Feature", "properties": { "tenement_no": "IP-2020-004-VIII", "tenement_name": "Hannah Marie O. Lanoy", "tenement_type": "ISGP", "commodity": "Sand and Gravel", "operation_status": "With commercial operation", "province": "Leyte", "municipality": "Mahaplag", "permit_ha": 18.5, "date_approved": null, "date_expiration": null }, "geometry": { "type": "MultiPolygon", "coordinates": [ [ [ [ 124.980516273980996, 10.6314241671472 ], [ 124.979929251892003, 10.6314482048478 ], [ 124.980377289334996, 10.633333091594899 ], [ 124.977667379346997, 10.6418854867141 ], [ 124.978769448706998, 10.651998788725701 ], [ 124.979547411303002, 10.6520267684303 ], [ 124.978041292303999, 10.6426844668431 ], [ 124.978880365492003, 10.638475735163601 ], [ 124.980799302584003, 10.6354458813821 ], [ 124.980516273980996, 10.6314241671472 ] ] ], [ [ [ 124.997665962561001, 10.7900170197259 ], [ 124.998898988323006, 10.7904199762927 ], [ 124.998774889659998, 10.7911479066259 ], [ 124.999708028135998, 10.791275897724301 ], [ 124.999819970797006, 10.7904199895292 ], [ 124.997665962561001, 10.7900170197259 ] ] ] ] } },
{ "type": "Feature", "properties": { "tenement_no": "IP-2020-005-VIII", "tenement_name": "Daryl Dexter L. Julio", "tenement_type": "ISGP", "commodity": "Sand and Gravel", "operation_status": "With commercial operation", "province": "Leyte", "municipality": "Burauen", "permit_ha": 13.2, "date_approved": null, "date_expiration": null }, "geometry": { "type": "MultiPolygon", "coordinates": [ [ [ [ 124.941257891923001, 10.965072974540799 ], [ 124.941000897395, 10.964067037621 ], [ 124.940559828184007, 10.966885882017101 ], [ 124.938547929833007, 10.969957652509899 ], [ 124.939140977820998, 10.9706276130071 ], [ 124.942031910915006, 10.967212872757299 ], [ 124.941257891923001, 10.965072974540799 ] ] ], [ [ [ 124.944472951546004, 10.969932629465299 ], [ 124.943480010423997, 10.9685677317923 ], [ 124.942141970706999, 10.9685767175182 ], [ 124.941927926429003, 10.9701066583734 ], [ 124.944472951546004, 10.969932629465299 ] ] ] ] } },
{ "type": "Feature", "properties": { "tenement_no": "IP-2020-006-VIII", "tenement_name": "Jerry M. Lanoy", "tenement_type": "ISGP", "commodity": "Sand and Gravel", "operation_status": "With commercial operation", "province": "Leyte", "municipality": "Abuyog", "permit_ha": 11.3, "date_approved": null, "date_expiration": null }, "geometry": { "type": "MultiPolygon", "coordinates": [ [ [ [ 124.992956575226998, 10.7027741487752 ], [ 124.991873623811998, 10.702882105913901 ], [ 124.992012638103006, 10.703881094902099 ], [ 124.993062549480996, 10.703664089416 ], [ 124.992956575226998, 10.7027741487752 ] ] ], [ [ [ 124.996859596134001, 10.709012676321599 ], [ 124.993621598031993, 10.701277222717501 ], [ 124.986652591126997, 10.700075367581899 ], [ 124.986414558237996, 10.6978474853256 ], [ 124.985328574110994, 10.697742517873699 ], [ 124.986258609806001, 10.7002403672287 ], [ 124.993424657676997, 10.702324177040101 ], [ 124.995520591626004, 10.7079087738587 ], [ 124.996813635630005, 10.709267638047599 ], [ 124.998195627219005, 10.70950061582 ], [ 124.996859596134001, 10.709012676321599 ] ] ] ] } },
{ "type": "Feature", "properties": { "tenement_no": "IP-2020-007-VIII", "tenement_name": "Garry Marlon L. Balhon", "tenement_type": "ISGP", "commodity": "Sand and Gravel", "operation_status": "No commercial operation due to force majeure reason", "province": "Eastern Samar", "municipality": "Can-avid", "permit_ha": 7.3, "date_approved": null, "date_expiration": null }, "geometry": { "type": "MultiPolygon", "coordinates": [ [ [ [ 125.300632955669002, 11.9481050982046 ], [ 125.297334061672004, 11.95290775842 ], [ 125.298160061676995, 11.9531817123467 ], [ 125.300595014424999, 11.9491320412513 ], [ 125.301327041668998, 11.9491049937497 ], [ 125.300632955669002, 11.9481050982046 ] ] ], [ [ [ 125.444609869198004, 11.9904444227222 ], [ 125.443831888635998, 11.991111419244 ], [ 125.444579920264999, 11.9924963021927 ], [ 125.445435952747005, 11.9920753394342 ], [ 125.444609869198004, 11.9904444227222 ] ] ] ] } },
{ "type": "Feature", "properties": { "tenement_no": "IP-2021-001-VIII", "tenement_name": "Jerry M. Lanoy", "tenement_type": "ISGP", "commodity": "Sand and Gravel", "operation_status": "With commercial operation", "province": "Leyte", "municipality": "Javier (Bugho)", "permit_ha": 12.1, "date_approved": null, "date_expiration": null }, "geometry": { "type": "Polygon", "coordinates": [ [ [ 124.937200005951993, 10.770476614582201 ], [ 124.935388997847994, 10.7679137857507 ], [ 124.933675013184001, 10.7686797425454 ], [ 124.929536024613995, 10.763986148196 ], [ 124.929132001924998, 10.7616552680271 ], [ 124.930104001521002, 10.761542308592 ], [ 124.929368096250002, 10.759664463974 ], [ 124.928347062114995, 10.759865390323 ], [ 124.929081992714003, 10.7641151357249 ], [ 124.933486012139994, 10.7690907707373 ], [ 124.935008031319001, 10.7686247913086 ], [ 124.937092094931003, 10.7713195804628 ], [ 124.937200005951993, 10.770476614582201 ] ] ] } },
{ "type": "Feature", "properties": { "tenement_no": "IP-2021-002-VIII", "tenement_name": "Leigh L. Molina", "tenement_type": "ISGP", "commodity": "Sand and Gravel", "operation_status": "With commercial operation", "province": "Leyte", "municipality": "Mahaplag", "permit_ha": 7.4, "date_approved": null, "date_expiration": null }, "geometry": { "type": "MultiPolygon", "coordinates": [ [ [ [ 124.969897157852998, 10.5865513737862 ], [ 124.969653145777997, 10.5869173775554 ], [ 124.970399048399003, 10.5866813558643 ], [ 124.969897157852998, 10.5865513737862 ] ] ], [ [ [ 124.978832407134007, 10.652926703939601 ], [ 124.979231514240993, 10.655301535286201 ], [ 124.974341361616993, 10.660857197415 ], [ 124.974998418162002, 10.6612961513342 ], [ 124.979578483129998, 10.655413483774799 ], [ 124.979721453601002, 10.6534116294992 ], [ 124.978832407134007, 10.652926703939601 ] ] ] ] } },
{ "type": "Feature", "properties": { "tenement_no": "IP-2021-003-VIII", "tenement_name": "Concrete Solutions, Inc.", "tenement_type": "ISGP", "commodity": "Sand and Gravel", "operation_status": "With commercial operation", "province": "Leyte", "municipality": "Hindang", "permit_ha": 24.2, "date_approved": null, "date_expiration": null }, "geometry": { "type": "MultiPolygon", "coordinates": [ [ [ [ 124.785111869549993, 10.4429452942715 ], [ 124.782608880199007, 10.4484629262857 ], [ 124.783598921559005, 10.4504318233866 ], [ 124.783360987484002, 10.452010710249199 ], [ 124.782258928904, 10.4518337508649 ], [ 124.778789853567005, 10.447436055958701 ], [ 124.773493861860999, 10.446661114811 ], [ 124.771160897542003, 10.444160304578901 ], [ 124.771604844056995, 10.441766455154299 ], [ 124.774635872114999, 10.440583577770299 ], [ 124.771157901660999, 10.4413304804315 ], [ 124.770382900811001, 10.4447902607739 ], [ 124.774518891702002, 10.4476669949411 ], [ 124.778366003263002, 10.4481369963282 ], [ 124.781319005452005, 10.452222680804701 ], [ 124.783642863549005, 10.4528266528937 ], [ 124.784150906655995, 10.451664733242 ], [ 124.783244878437003, 10.448423940967199 ], [ 124.784479828391, 10.4468430967593 ], [ 124.784863847395002, 10.444035261816399 ], [ 124.785739868291003, 10.443578263670799 ], [ 124.785111869549993, 10.4429452942715 ] ] ], [ [ [ 124.734836969260002, 10.451250986681501 ], [ 124.734761961730001, 10.450831009740901 ], [ 124.733696979317003, 10.450779042962701 ], [ 124.733811961876, 10.451752958572699 ], [ 124.734836969260002, 10.451250986681501 ] ] ] ] } },
{ "type": "Feature", "properties": { "tenement_no": "IP-2021-004-VIII", "tenement_name": "RAS Construction", "tenement_type": "ISGP", "commodity": "Sand and Gravel", "operation_status": "With commercial operation", "province": "Leyte", "municipality": "Burauen", "permit_ha": 16.0, "date_approved": null, "date_expiration": null }, "geometry": { "type": "MultiPolygon", "coordinates": [ [ [ [ 124.931891941787001, 10.969983673863601 ], [ 124.929806986147995, 10.9698827474033 ], [ 124.929804910141996, 10.9705856893153 ], [ 124.931300946449994, 10.9706147064229 ], [ 124.931891941787001, 10.969983673863601 ] ] ], [ [ [ 124.932940927900006, 10.9688128235627 ], [ 124.926385016669002, 10.969835724455301 ], [ 124.923386018041995, 10.971249692941299 ], [ 124.923609973431994, 10.972099604576099 ], [ 124.928918988014999, 10.969720728975499 ], [ 124.932096992132003, 10.969371717266201 ], [ 124.934451995718007, 10.971571558568399 ], [ 124.934802008098998, 10.9710616160848 ], [ 124.932940927900006, 10.9688128235627 ] ] ], [ [ [ 124.932231992750005, 10.975183342737701 ], [ 124.931658997854001, 10.9753003071037 ], [ 124.931488907244997, 10.9760803188147 ], [ 124.932870011299002, 10.976040284006499 ], [ 124.932231992750005, 10.975183342737701 ] ] ] ] } },
{ "type": "Feature", "properties": { "tenement_no": "IP-2021-005-VIII", "tenement_name": "Alberto V. Barola", "tenement_type": "ISGP", "commodity": "Sand and Gravel", "operation_status": "With commercial operation", "province": "Leyte", "municipality": "Mahaplag", "permit_ha": 7.7, "date_approved": null, "date_expiration": null }, "geometry": { "type": "MultiPolygon", "coordinates": [ [ [ [ 124.981201767594001, 10.5061590342691 ], [ 124.980222723411003, 10.5067839341185 ], [ 124.980164722786, 10.505506049111901 ], [ 124.979314714406001, 10.505034087345701 ], [ 124.978817737645002, 10.505903057058701 ], [ 124.979189770427993, 10.511799617224799 ], [ 124.979729743253998, 10.5094387575694 ], [ 124.979195755903007, 10.5057030524961 ], [ 124.979752765277993, 10.505533019368601 ], [ 124.980015734500995, 10.5069109353499 ], [ 124.980431776648999, 10.507264953612401 ], [ 124.981520709945002, 10.5067229640051 ], [ 124.981201767594001, 10.5061590342691 ] ] ], [ [ [ 124.977526805580993, 10.517887179025999 ], [ 124.977727817998996, 10.518949083555 ], [ 124.978625857500006, 10.519553050889799 ], [ 124.977893682933001, 10.5174022042253 ], [ 124.977526805580993, 10.517887179025999 ] ] ], [ [ [ 124.857204628355007, 10.6485275947818 ], [ 124.856560729433994, 10.647497652153501 ], [ 124.855703667482004, 10.6472296924904 ], [ 124.856398602390001, 10.64760363369 ], [ 124.855659629371999, 10.6487935156978 ], [ 124.857922737101006, 10.648882503792301 ], [ 124.857204628355007, 10.6485275947818 ] ] ] ] } },
{ "type": "Feature", "properties": { "tenement_no": "IP-2021-006-VIII", "tenement_name": "Richard Benedict V. Ogario", "tenement_type": "ISGP", "commodity": "Sand and Gravel", "operation_status": "With commercial operation", "province": "Leyte", "municipality": "Hilongos", "permit_ha": 8.7, "date_approved": null, "date_expiration": null }, "geometry": { "type": "MultiPolygon", "coordinates": [ [ [ [ 124.809693584580003, 10.3913848914525 ], [ 124.809036548696994, 10.3918938367239 ], [ 124.810743582197006, 10.3919867884656 ], [ 124.809693584580003, 10.3913848914525 ] ] ], [ [ [ 124.808088622154997, 10.3925037529986 ], [ 124.806231570899996, 10.3924327813152 ], [ 124.803394598707001, 10.3909539021118 ], [ 124.800998601401005, 10.394604651725601 ], [ 124.802171703246003, 10.3938137163367 ], [ 124.802725581093995, 10.3920277971758 ], [ 124.804071588867998, 10.3913228348557 ], [ 124.805044568525005, 10.3924128018331 ], [ 124.810063544949998, 10.3936007049375 ], [ 124.810241553309993, 10.3928047845123 ], [ 124.808088622154997, 10.3925037529986 ] ] ] ] } },
{ "type": "Feature", "properties": { "tenement_no": "IP-2021-007-VIII", "tenement_name": "Jocelyn C. Yu", "tenement_type": "ISGP", "commodity": "Sand and Gravel", "operation_status": "With commercial operation", "province": "Leyte", "municipality": "Jaro", "permit_ha": 19.8, "date_approved": null, "date_expiration": null }, "geometry": { "type": "MultiPolygon", "coordinates": [ [ [ [ 124.746625270577994, 11.167095818638201 ], [ 124.744598247292004, 11.1643270409155 ], [ 124.747099291789993, 11.161923140776601 ], [ 124.745318290111001, 11.1609932794284 ], [ 124.745586255763996, 11.1595993891526 ], [ 124.743126219358004, 11.158753453185099 ], [ 124.744235247966998, 11.1581744330921 ], [ 124.744856225475004, 11.1565566031547 ], [ 124.743989204800002, 11.155652589365101 ], [ 124.742674214057004, 11.1558076490741 ], [ 124.743918168722999, 11.1567025149679 ], [ 124.743573249790003, 11.157877494721101 ], [ 124.742283225921994, 11.158613473771901 ], [ 124.742550269004994, 11.1592274210188 ], [ 124.743631252211003, 11.1600583395324 ], [ 124.744931248276004, 11.1598672983125 ], [ 124.745530281737999, 11.1621711625248 ], [ 124.743885308350002, 11.1635801198029 ], [ 124.743884247438999, 11.1647680138284 ], [ 124.746570264935997, 11.168690740332201 ], [ 124.747221357566005, 11.1683967271857 ], [ 124.746625270577994, 11.167095818638201 ] ] ], [ [ [ 124.760593274643, 11.1703975365853 ], [ 124.760008278255995, 11.1715474577351 ], [ 124.761367262194, 11.172019387402001 ], [ 124.761756344103006, 11.1703425224936 ], [ 124.760593274643, 11.1703975365853 ] ] ] ] } },
{ "type": "Feature", "properties": { "tenement_no": "IP-2021-008-VIII", "tenement_name": "Marie Kathryn M. Veloso", "tenement_type": "ISGP", "commodity": "Sand and Gravel", "operation_status": "With commercial operation", "province": "Leyte", "municipality": "San Miguel", "permit_ha": 20.1, "date_approved": null, "date_expiration": null }, "geometry": { "type": "MultiPolygon", "coordinates": [ [ [ [ 124.877010717874995, 11.3056735540729 ], [ 124.876830697288995, 11.306315542276201 ], [ 124.877686680362999, 11.3072334724194 ], [ 124.878104610769, 11.3068025355639 ], [ 124.877010717874995, 11.3056735540729 ] ] ], [ [ [ 124.904040704973994, 11.313353923693199 ], [ 124.904170649872995, 11.312355003710801 ], [ 124.902614649222997, 11.3115200217353 ], [ 124.903678665049995, 11.310876044743001 ], [ 124.903622633531995, 11.309825182616001 ], [ 124.904738691457993, 11.3094691590259 ], [ 124.903787639677006, 11.3076393432542 ], [ 124.904828544546007, 11.307706300518999 ], [ 124.903926634203998, 11.3074273370644 ], [ 124.902759648987995, 11.307824261437 ], [ 124.902396630799004, 11.306304434357401 ], [ 124.901207582061005, 11.3062414010942 ], [ 124.902398608889001, 11.305917441596799 ], [ 124.902666692221004, 11.305056537539301 ], [ 124.901709663049999, 11.3045945523108 ], [ 124.899526666179995, 11.3046085672229 ], [ 124.898509633141003, 11.3062274496854 ], [ 124.897200657515995, 11.305533457413899 ], [ 124.895753685391995, 11.305938473557401 ], [ 124.895045631488998, 11.3040596164333 ], [ 124.895651621504996, 11.3062434165521 ], [ 124.898683765269993, 11.306476395639001 ], [ 124.899628677964998, 11.3048924998572 ], [ 124.902401621837996, 11.3052294993742 ], [ 124.900927643662001, 11.305992413535 ], [ 124.900938614786995, 11.306499428920599 ], [ 124.902194670658005, 11.3065653752003 ], [ 124.902603669116004, 11.3080832797048 ], [ 124.903607689159003, 11.3079052950708 ], [ 124.904447670544002, 11.309178222701499 ], [ 124.903474686395001, 11.309562153552299 ], [ 124.903411633645007, 11.310787117610699 ], [ 124.902322670705004, 11.311748013478001 ], [ 124.903766660421994, 11.3122839479945 ], [ 124.903682680518997, 11.313255913017199 ], [ 124.903882688620001, 11.3136479308559 ], [ 124.904803663009005, 11.313528854525201 ], [ 124.904903672450004, 11.3148107885781 ], [ 124.905008689100001, 11.313228940189999 ], [ 124.904040704973994, 11.313353923693199 ] ] ], [ [ [ 124.885466707866001, 11.319074647611799 ], [ 124.884828721657001, 11.3176517055779 ], [ 124.885711757495997, 11.317466682753301 ], [ 124.886156715514005, 11.3168037518024 ], [ 124.884842697645993, 11.3162557853904 ], [ 124.885275813174005, 11.3151798307238 ], [ 124.884920754057006, 11.314645902050801 ], [ 124.883899803465994, 11.3148518628721 ], [ 124.882806739716003, 11.314181918645399 ], [ 124.881175709977001, 11.3142389295014 ], [ 124.880324759264994, 11.3151159115121 ], [ 124.880985749532002, 11.3178336981717 ], [ 124.880150670253997, 11.316063871641299 ], [ 124.878792755310997, 11.3158708743153 ], [ 124.878163728, 11.3141709475645 ], [ 124.879881792812, 11.312648067614701 ], [ 124.879321673468993, 11.310952222172199 ], [ 124.877623684206995, 11.309481309774499 ], [ 124.876907788010996, 11.3093753232364 ], [ 124.877606691674998, 11.3079623987872 ], [ 124.877461676639001, 11.307334492475499 ], [ 124.876747746855003, 11.3095712758599 ], [ 124.879158660686002, 11.3111091539546 ], [ 124.879639753437004, 11.3125461262883 ], [ 124.877930717591994, 11.3141449525755 ], [ 124.878649725551995, 11.316069884335301 ], [ 124.879944737764006, 11.316252798424101 ], [ 124.881114762878994, 11.3181367161871 ], [ 124.880590709996, 11.3151548884475 ], [ 124.881272714553006, 11.314451957728901 ], [ 124.883857729073, 11.315081862072899 ], [ 124.884818718915994, 11.3148879427102 ], [ 124.884663699341999, 11.316416797890399 ], [ 124.885827765932007, 11.3169017366003 ], [ 124.884655760032004, 11.317465734080599 ], [ 124.884514763159999, 11.3179287150469 ], [ 124.886623780172997, 11.320507471741299 ], [ 124.886271722328004, 11.321344413790699 ], [ 124.884503751611007, 11.3215433962229 ], [ 124.884402725277994, 11.3220324230036 ], [ 124.884914785651006, 11.3222273487225 ], [ 124.884696652241999, 11.321694447034799 ], [ 124.886373745792, 11.3215613837516 ], [ 124.886855707213002, 11.3204595382908 ], [ 124.885466707866001, 11.319074647611799 ] ] ] ] } },
{ "type": "Feature", "properties": { "tenement_no": "IP-2022-001-VIII", "tenement_name": "Kinjap Rock Industry Corporation", "tenement_type": "ISGP", "commodity": "Sand and Gravel", "operation_status": "With commercial operation", "province": "Leyte", "municipality": "Pastrana", "permit_ha": 17.4, "date_approved": null, "date_expiration": null }, "geometry": { "type": "MultiPolygon", "coordinates": [ [ [ [ 124.843700818830001, 11.1139930782929 ], [ 124.842835827450003, 11.1138271119372 ], [ 124.838154857421998, 11.1149109961263 ], [ 124.839458822243998, 11.1160179238701 ], [ 124.842645831970998, 11.1152529850156 ], [ 124.843700818830001, 11.1139930782929 ] ] ], [ [ [ 124.841829878723999, 11.1191236957216 ], [ 124.841297838919999, 11.1193857038114 ], [ 124.841885815020007, 11.1161319506295 ], [ 124.840649842782994, 11.1162999368636 ], [ 124.840128881902004, 11.1214315952326 ], [ 124.841856854233001, 11.1210876127072 ], [ 124.842351843920994, 11.119456702087399 ], [ 124.841829878723999, 11.1191236957216 ] ] ] ] } },
{ "type": "Feature", "properties": { "tenement_no": "IP-2022-002-VIII", "tenement_name": "Rodolfo P. Padillo, Jr.", "tenement_type": "ISGP", "commodity": "Sand and Gravel", "operation_status": "With commercial operation", "province": "Leyte", "municipality": "Carigara", "permit_ha": 19.1, "date_approved": null, "date_expiration": null }, "geometry": { "type": "Polygon", "coordinates": [ [ [ 124.713046629735999, 11.224554982967099 ], [ 124.712623649899996, 11.2236990481651 ], [ 124.711163660289003, 11.222766095884401 ], [ 124.711366601389997, 11.2216471670249 ], [ 124.708419669117006, 11.219223367875699 ], [ 124.709090582174994, 11.220681285053701 ], [ 124.711141620123996, 11.2218701669902 ], [ 124.710853524124005, 11.222851118602099 ], [ 124.712436549691006, 11.2239180356235 ], [ 124.712412638334001, 11.225202964179999 ], [ 124.709348652884998, 11.227557762626899 ], [ 124.709191707323996, 11.2305786249854 ], [ 124.707298701897997, 11.2335974238921 ], [ 124.708100718682005, 11.235154279433001 ], [ 124.707386733202995, 11.237330094284699 ], [ 124.708172768957994, 11.236157206263099 ], [ 124.708135610146002, 11.234616300547501 ], [ 124.708414658314993, 11.234892266670199 ], [ 124.708258672154003, 11.2361012178475 ], [ 124.708086728319998, 11.2364592169857 ], [ 124.707520687282994, 11.237214087776399 ], [ 124.706835677862003, 11.2378091195566 ], [ 124.704073723977004, 11.2384420757383 ], [ 124.702312750237994, 11.2406858783408 ], [ 124.701602699378995, 11.2399889268385 ], [ 124.700653767622001, 11.240894927514701 ], [ 124.702044752245996, 11.2413798351268 ], [ 124.701769735715999, 11.2418688442283 ], [ 124.702469751495002, 11.2421288497225 ], [ 124.703904716736005, 11.238980008719199 ], [ 124.705953709221006, 11.2386440707776 ], [ 124.708952698863996, 11.2362051537807 ], [ 124.708902600719, 11.2352632908402 ], [ 124.707614703163998, 11.233737331805299 ], [ 124.709807691096998, 11.230485611077301 ], [ 124.709699615684002, 11.227698825095599 ], [ 124.711906621826003, 11.2273868062136 ], [ 124.713046629735999, 11.224554982967099 ] ] ] } },
{ "type": "Feature", "properties": { "tenement_no": "IP-2022-003-VIII", "tenement_name": "Mr. Daryl Dexter L. Julio", "tenement_type": "ISGP", "commodity": "Sand and Gravel", "operation_status": "With commercial operation", "province": "Leyte", "municipality": "Babatngon", "permit_ha": 7.6, "date_approved": null, "date_expiration": null }, "geometry": { "type": "MultiPolygon", "coordinates": [ [ [ [ 124.893866870257995, 11.3612046201435 ], [ 124.894569906171995, 11.3591827813097 ], [ 124.892396921924004, 11.358499871097999 ], [ 124.894471897279999, 11.3593827748753 ], [ 124.893666960073006, 11.361232654985701 ], [ 124.8945469632, 11.3615996089039 ], [ 124.893733919596002, 11.3626795580552 ], [ 124.893121967460999, 11.3623545316843 ], [ 124.892805836837994, 11.3629025092101 ], [ 124.893416924793001, 11.3631995276121 ], [ 124.893052957983002, 11.363904430084901 ], [ 124.893010949167007, 11.3658713203872 ], [ 124.894313964470001, 11.3657902838127 ], [ 124.892502990501001, 11.367238233793101 ], [ 124.891122013110007, 11.3695181053174 ], [ 124.888350016060997, 11.370465029766001 ], [ 124.887991974537996, 11.370857018417601 ], [ 124.891103028114998, 11.3701099950044 ], [ 124.891377981762005, 11.3691240592977 ], [ 124.892361053990996, 11.368760134068699 ], [ 124.893094951527004, 11.3669932219853 ], [ 124.894559059913007, 11.3660383192091 ], [ 124.893835947550997, 11.3652273478615 ], [ 124.893191957002003, 11.3655883730561 ], [ 124.893608926211002, 11.3631745243552 ], [ 124.892952928778996, 11.362768534213901 ], [ 124.893691910780007, 11.3629185046168 ], [ 124.894783954043007, 11.361524610154699 ], [ 124.893866870257995, 11.3612046201435 ] ] ], [ [ [ 124.892752991644997, 11.3678401425658 ], [ 124.892369944617997, 11.3687681210395 ], [ 124.891385945327002, 11.3691290695324 ], [ 124.891192031396002, 11.370021037870499 ], [ 124.892624982615004, 11.3699040141369 ], [ 124.893314000320004, 11.368513163153301 ], [ 124.892752991644997, 11.3678401425658 ] ] ] ] } },
{ "type": "Feature", "properties": { "tenement_no": "IP-2022-004-VIII", "tenement_name": "Ronald G. Ortega", "tenement_type": "ISGP", "commodity": "Sand and Gravel", "operation_status": "With commercial operation", "province": "Leyte", "municipality": "Dagami", "permit_ha": 20.3, "date_approved": null, "date_expiration": null }, "geometry": { "type": "MultiPolygon", "coordinates": [ [ [ [ 124.872150693847004, 11.088530708291101 ], [ 124.871805597945993, 11.089101677248401 ], [ 124.872372679232001, 11.089864635919399 ], [ 124.872889623744996, 11.088904704315 ], [ 124.872150693847004, 11.088530708291101 ] ] ], [ [ [ 124.872209644888997, 11.0907495278573 ], [ 124.871261686905996, 11.0919914881173 ], [ 124.872067653581993, 11.0929364270749 ], [ 124.871845723893003, 11.094658295467299 ], [ 124.868845702984004, 11.0959362175749 ], [ 124.861645750896997, 11.101098903457 ], [ 124.860465757178005, 11.105277617255901 ], [ 124.861944860243, 11.105007648053199 ], [ 124.862634738533004, 11.1013778359016 ], [ 124.871963703233007, 11.0951832800608 ], [ 124.872474694611, 11.094152347406601 ], [ 124.871864687328994, 11.091662479914101 ], [ 124.872867663530002, 11.0907415525819 ], [ 124.872209644888997, 11.0907495278573 ] ] ] ] } },
{ "type": "Feature", "properties": { "tenement_no": "IP-2023-001-VIII", "tenement_name": "Jeralyn P. Tiu", "tenement_type": "ISGP", "commodity": "Sand and Gravel", "operation_status": "With commercial operation", "province": "Leyte", "municipality": "Tunga", "permit_ha": 18.3, "date_approved": null, "date_expiration": null }, "geometry": { "type": "MultiPolygon", "coordinates": [ [ [ [ 124.741124604920003, 11.2274226873228 ], [ 124.740148616805001, 11.227009651623501 ], [ 124.739314562505001, 11.224562831211101 ], [ 124.739991567936997, 11.2235189494503 ], [ 124.738955553495998, 11.222737953228901 ], [ 124.740642573429994, 11.2218160667303 ], [ 124.738025537563999, 11.218267316735201 ], [ 124.738565505897995, 11.215621501466799 ], [ 124.736420516747998, 11.211260784264701 ], [ 124.735990510289, 11.211599778252699 ], [ 124.737685566552003, 11.2158214910982 ], [ 124.737574518613002, 11.218376323946201 ], [ 124.738471580747003, 11.220318186542601 ], [ 124.740263560737006, 11.221707020285001 ], [ 124.738177571137996, 11.222515993677 ], [ 124.738988570176005, 11.2261217365341 ], [ 124.740799614213003, 11.2278496512095 ], [ 124.742213584029997, 11.2276266400024 ], [ 124.744848662558994, 11.2287125186884 ], [ 124.742417604007002, 11.227198666898801 ], [ 124.741124604920003, 11.2274226873228 ] ], [ [ 124.738820578930003, 11.224117872361299 ], [ 124.738620567235003, 11.2233239523775 ], [ 124.738560595707, 11.222714950247299 ], [ 124.739713487253994, 11.223570915281799 ], [ 124.738820578930003, 11.224117872361299 ] ] ], [ [ [ 125.015831088772003, 11.431274160224 ], [ 125.015261027774002, 11.430905227074 ], [ 125.015868996779005, 11.4338780086323 ], [ 125.016768993708993, 11.433681047046001 ], [ 125.015831088772003, 11.431274160224 ] ] ] ] } },
{ "type": "Feature", "properties": { "tenement_no": "IP-2023-002-VIII", "tenement_name": "Romeo N. Villeza", "tenement_type": "ISGP", "commodity": "Sand and Gravel", "operation_status": "With commercial operation", "province": "Leyte", "municipality": "Burauen", "permit_ha": 7.7, "date_approved": null, "date_expiration": null }, "geometry": { "type": "MultiPolygon", "coordinates": [ [ [ [ 124.938544968087001, 10.969931644382401 ], [ 124.938263935541002, 10.971255597239001 ], [ 124.936598010745001, 10.972394508922299 ], [ 124.934862992926995, 10.9711016259925 ], [ 124.934425990389002, 10.9717136116384 ], [ 124.93682003296, 10.9728954837953 ], [ 124.938346963228994, 10.9724785453938 ], [ 124.939137925344994, 10.9706106417527 ], [ 124.938544968087001, 10.969931644382401 ] ] ], [ [ [ 124.941370966462003, 10.975692298336 ], [ 124.940188879667005, 10.975676247176899 ], [ 124.939977012008001, 10.977368121505499 ], [ 124.940878969061998, 10.9771341802546 ], [ 124.941370966462003, 10.975692298336 ] ] ] ] } },
{ "type": "Feature", "properties": { "tenement_no": "IP-2023-003-VIII", "tenement_name": "Cesar L. Servacio, Jr.", "tenement_type": "ISGP", "commodity": "Sand and Gravel", "operation_status": "With commercial operation", "province": "Leyte", "municipality": "Hilongos", "permit_ha": 5.8, "date_approved": null, "date_expiration": null }, "geometry": { "type": "MultiPolygon", "coordinates": [ [ [ [ 124.774022743187999, 10.4091057100015 ], [ 124.773264728580997, 10.409592742225399 ], [ 124.773278748587998, 10.409901688701 ], [ 124.774034713239004, 10.409997738034299 ], [ 124.774022743187999, 10.4091057100015 ] ] ], [ [ [ 124.772526709575004, 10.4077408752613 ], [ 124.774066748959001, 10.409017794186999 ], [ 124.774043708967994, 10.4099907281153 ], [ 124.773791752191997, 10.4114426111464 ], [ 124.771367747213006, 10.4145554030827 ], [ 124.774255717662996, 10.411541541178799 ], [ 124.775026693162999, 10.409351776962 ], [ 124.772526709575004, 10.4077408752613 ] ] ] ] } },
{ "type": "Feature", "properties": { "tenement_no": "IP-SAG-IVA-035", "tenement_name": "Unilime Minerals", "tenement_type": "ISGP", "commodity": "Sand and Gravel", "operation_status": "With commercial operation", "province": "Quezon", "municipality": "Sariaya", "permit_ha": 5.5, "date_approved": null, "date_expiration": null }, "geometry": { "type": "MultiPolygon", "coordinates": [ [ [ [ 121.515765701988002, 13.942382380282501 ], [ 121.516940684904, 13.9396105515447 ], [ 121.516925676751001, 13.938296638139899 ], [ 121.520485644527, 13.9334449303753 ], [ 121.520255643474002, 13.933252944200699 ], [ 121.520715640188996, 13.932740975056801 ], [ 121.520828618606998, 13.9291722056441 ], [ 121.522683595651003, 13.9255564294556 ], [ 121.520694617814002, 13.9291532078259 ], [ 121.520586639418994, 13.932701979080599 ], [ 121.516636677045994, 13.9383076384605 ], [ 121.515765701988002, 13.942382380282501 ] ] ], [ [ [ 121.513834731063994, 13.946999091509101 ], [ 121.513934727028996, 13.9461681450566 ], [ 121.513823724006002, 13.9456301810855 ], [ 121.513569730750007, 13.9468211051654 ], [ 121.513834731063994, 13.946999091509101 ] ] ] ] } },
{ "type": "Feature", "properties": { "tenement_no": "IP-SAG-IVA-036", "tenement_name": "Vedasto Doromal", "tenement_type": "ISGP", "commodity": "Sand and Gravel", "operation_status": "With commercial operation", "province": "Quezon", "municipality": "Sariaya", "permit_ha": 11.0, "date_approved": null, "date_expiration": null }, "geometry": { "type": "MultiPolygon", "coordinates": [ [ [ [ 121.535809533342999, 13.916918911961 ], [ 121.535431525863999, 13.9156739951265 ], [ 121.535203526258996, 13.915743991805 ], [ 121.535541534451994, 13.917008907202099 ], [ 121.534545537263, 13.9174208870621 ], [ 121.534220538471004, 13.9176848713838 ], [ 121.533983542238005, 13.918033850531801 ], [ 121.532723566119003, 13.9219606030475 ], [ 121.532859571950993, 13.9229255396142 ], [ 121.533394580685993, 13.924214453630499 ], [ 121.533040589666996, 13.925748356633299 ], [ 121.533046601193007, 13.927656231688101 ], [ 121.531707604770006, 13.9280562143579 ], [ 121.531439619354003, 13.930436061439 ], [ 121.530209620015995, 13.9304830670209 ], [ 121.527690636162006, 13.9328849242613 ], [ 121.526674667625997, 13.937907606410899 ], [ 121.524650688731001, 13.9410344158086 ], [ 121.524993699643005, 13.9429612876796 ], [ 121.524195709108, 13.9443172051785 ], [ 121.523498726940005, 13.947297016411 ], [ 121.523588732741999, 13.9482509536258 ], [ 121.524762741884999, 13.9497728497627 ], [ 121.523700755353005, 13.951809723912699 ], [ 121.524919741345002, 13.9496788551635 ], [ 121.523656729818995, 13.9478019829972 ], [ 121.525170699195002, 13.9428582937082 ], [ 121.524940686465001, 13.940916420710399 ], [ 121.526897667208999, 13.9378046119283 ], [ 121.527425658306001, 13.936513691710701 ], [ 121.527976635493999, 13.932763930942 ], [ 121.530218621135006, 13.930640056806499 ], [ 121.531591619690005, 13.930449060516599 ], [ 121.531910604261, 13.928059213706501 ], [ 121.532878603659, 13.9279012168614 ], [ 121.533220600372005, 13.9275402386246 ], [ 121.533540579377998, 13.924202453420399 ], [ 121.532953565374001, 13.921815611187199 ], [ 121.534154540144996, 13.9178348620639 ], [ 121.535809533342999, 13.916918911961 ] ] ], [ [ [ 121.522904769857007, 13.954210573719299 ], [ 121.522691769421996, 13.9541125810862 ], [ 121.521850773840001, 13.954695547803199 ], [ 121.521093774329003, 13.954733550566701 ], [ 121.515895812177007, 13.9602302250169 ], [ 121.521185774391, 13.9548025450382 ], [ 121.522059774076993, 13.9547615424126 ], [ 121.522904769857007, 13.954210573719299 ] ] ], [ [ [ 121.522563792732001, 13.957778343950499 ], [ 121.522965783431005, 13.9563484333797 ], [ 121.522822782418004, 13.95622544287 ], [ 121.522122795385997, 13.958247315805901 ], [ 121.522563792732001, 13.957778343950499 ] ] ], [ [ [ 121.521675797293994, 13.9584363066405 ], [ 121.521078813787, 13.9611401353443 ], [ 121.521234820608996, 13.962207065309 ], [ 121.522122795385997, 13.958247315805901 ], [ 121.521675797293994, 13.9584363066405 ] ] ], [ [ [ 121.515959814446006, 13.9607441905653 ], [ 121.515811813409002, 13.960394214149099 ], [ 121.515748817254007, 13.9610561717094 ], [ 121.514157829019993, 13.9629410591567 ], [ 121.513916835283993, 13.9637940061428 ], [ 121.515959814446006, 13.9607441905653 ] ] ] ] } },
{ "type": "Feature", "properties": { "tenement_no": "ISAG-2019-001-V", "tenement_name": "Peter's Built Aggregates Concrete Products Corporation", "tenement_type": "ISGP", "commodity": "Sand and Gravel", "operation_status": "With commercial operation", "province": "Albay", "municipality": "Santo Domingo (Libog)", "permit_ha": 8.3, "date_approved": null, "date_expiration": null }, "geometry": { "type": "MultiPolygon", "coordinates": [ [ [ [ 123.754620935011005, 13.222050965150601 ], [ 123.754745934683996, 13.2220399647923 ], [ 123.755014936993007, 13.2223089447932 ], [ 123.754775933025002, 13.2217429837878 ], [ 123.754620935011005, 13.222050965150601 ] ] ], [ [ [ 123.755872935886998, 13.2222899418885 ], [ 123.755020936841007, 13.2223539422314 ], [ 123.754683935657994, 13.2220679628415 ], [ 123.754500937157005, 13.222217953835001 ], [ 123.754975944720002, 13.223669854118601 ], [ 123.756172941751004, 13.223431863416501 ], [ 123.755872935886998, 13.2222899418885 ] ] ], [ [ [ 123.753356941625995, 13.222794921933399 ], [ 123.750247952376995, 13.2238728674039 ], [ 123.747822964641003, 13.225406777990599 ], [ 123.744847974389003, 13.226350732767401 ], [ 123.741118005836, 13.230647467084999 ], [ 123.745025974664003, 13.2265197202049 ], [ 123.747925965470998, 13.2255727674591 ], [ 123.749470956368995, 13.224381837982101 ], [ 123.753397942532004, 13.222903914233401 ], [ 123.754131937983999, 13.2224589400111 ], [ 123.754450935131999, 13.2220569651074 ], [ 123.753356941625995, 13.222794921933399 ] ] ], [ [ [ 123.754475996330996, 13.232550265614099 ], [ 123.753320998234997, 13.2326612648188 ], [ 123.752271004210996, 13.233272230001001 ], [ 123.745482016994004, 13.2338362308074 ], [ 123.752296005223997, 13.2334282198984 ], [ 123.755747991909004, 13.2321532856838 ], [ 123.754475996330996, 13.232550265614099 ] ] ] ] } },
{ "type": "Feature", "properties": { "tenement_no": "ISGP-III-01-13", "tenement_name": "Baltazar Oluya & Rolando Huang", "tenement_type": "ISGP", "commodity": "Sand and Gravel", "operation_status": "No activity due to expiration of the mining tenement but with application for renewal", "province": "Bataan", "municipality": "Dinalupihan", "permit_ha": 11.5, "date_approved": null, "date_expiration": null }, "geometry": { "type": "Polygon", "coordinates": [ [ [ 120.384030941953995, 14.8560647472454 ], [ 120.386421979660994, 14.856095772015699 ], [ 120.388066921608996, 14.8549587938931 ], [ 120.384735870618997, 14.8518260432612 ], [ 120.383794869189003, 14.8534119257939 ], [ 120.385280890179999, 14.854042833624501 ], [ 120.384030941953995, 14.8560647472454 ] ] ] } },
{ "type": "Feature", "properties": { "tenement_no": "ISGP-III-01-17 (R-1)", "tenement_name": "Powerzun Quarrying & Trading Inc.", "tenement_type": "ISGP", "commodity": "Sand and Gravel", "operation_status": "With commercial operation", "province": "Pampanga", "municipality": "Porac", "permit_ha": 5.6, "date_approved": null, "date_expiration": null }, "geometry": { "type": "Polygon", "coordinates": [ [ [ 120.541198537452004, 15.1128756715169 ], [ 120.542921625641995, 15.112483632505301 ], [ 120.540087597227995, 15.109880865360999 ], [ 120.538910578729002, 15.110255790398 ], [ 120.541198537452004, 15.1128756715169 ] ] ] } },
{ "type": "Feature", "properties": { "tenement_no": "ISGP-III-01-21", "tenement_name": "Theresa Inez F. Tanjangco", "tenement_type": "ISGP", "commodity": "Sand and Gravel", "operation_status": "No commercial operation due to suspension issued by DENR/MGB or other Government agency", "province": "Tarlac", "municipality": "Mayantoc", "permit_ha": 16.3, "date_approved": null, "date_expiration": null }, "geometry": { "type": "Polygon", "coordinates": [ [ [ 120.373114736792004, 15.5769758416213 ], [ 120.376108851279, 15.5835283233464 ], [ 120.377088802760994, 15.5835313440845 ], [ 120.377200801116999, 15.5812424642012 ], [ 120.374883772912, 15.576750821782699 ], [ 120.373114736792004, 15.5769758416213 ] ] ] } },
{ "type": "Feature", "properties": { "tenement_no": "ISGP-III-01-22", "tenement_name": "FYS Gravel and Sand", "tenement_type": "ISGP", "commodity": "Sand and Gravel", "operation_status": "No activity due to expiration of the mining tenement and with no application for renewal", "province": "Tarlac", "municipality": "Capas", "permit_ha": 6.8, "date_approved": null, "date_expiration": null }, "geometry": { "type": "Polygon", "coordinates": [ [ [ 120.499209251777998, 15.389714010913201 ], [ 120.495856403166997, 15.387217016810601 ], [ 120.494573133732999, 15.3872586622062 ], [ 120.496042632010997, 15.38803357009 ], [ 120.498484274511995, 15.391250037155601 ], [ 120.499612094979, 15.3915028302388 ], [ 120.499209251777998, 15.389714010913201 ] ] ] } },
{ "type": "Feature", "properties": { "tenement_no": "ISGP-III-01-97(R-4)", "tenement_name": "Huang Construction Corporation", "tenement_type": "ISGP", "commodity": "Sand and Gravel", "operation_status": "No commercial operation due to suspension issued by DENR/MGB or other Government agency", "province": "Zambales", "municipality": "Iba (Capital)", "permit_ha": 20.7, "date_approved": null, "date_expiration": null }, "geometry": { "type": "Polygon", "coordinates": [ [ [ 120.013859906259, 15.3395523281583 ], [ 120.014468145655997, 15.3424103552003 ], [ 120.015907124571001, 15.3425519823674 ], [ 120.016498849339996, 15.3443545923604 ], [ 120.018187771007007, 15.344393533955699 ], [ 120.017596037255004, 15.3418632602946 ], [ 120.018498845912006, 15.338477390570599 ], [ 120.013859906259, 15.3395523281583 ] ] ] } },
{ "type": "Feature", "properties": { "tenement_no": "ISGP-III-02-03 (R-3)", "tenement_name": "Augusto T. Ayson", "tenement_type": "ISGP", "commodity": "Sand and Gravel", "operation_status": "With commercial operation", "province": "Pampanga", "municipality": "Bacolor", "permit_ha": 12.4, "date_approved": "2022-12-20", "date_expiration": "2027-12-20" }, "geometry": { "type": "Polygon", "coordinates": [ [ [ 120.566643907168995, 15.0942774095617 ], [ 120.563629925542003, 15.095457803160301 ], [ 120.564904920594003, 15.098093748162199 ], [ 120.568277317443005, 15.0970021133662 ], [ 120.566643907168995, 15.0942774095617 ] ] ] } },
{ "type": "Feature", "properties": { "tenement_no": "ISGP-III-02-04", "tenement_name": "Patricia Cua", "tenement_type": "ISGP", "commodity": "Sand and Gravel", "operation_status": "With commercial operation", "province": "Bataan", "municipality": "City of Balanga (Capital)", "permit_ha": 20.0, "date_approved": null, "date_expiration": null }, "geometry": { "type": "MultiPolygon", "coordinates": [ [ [ [ 120.518265539089995, 14.637478000872299 ], [ 120.518471067338993, 14.6379474352279 ], [ 120.519393459268997, 14.6370474465791 ], [ 120.518990539710998, 14.6357558881445 ], [ 120.518085054074007, 14.6359947601632 ], [ 120.518265539089995, 14.637478000872299 ] ] ], [ [ [ 120.512476586090997, 14.6377057362236 ], [ 120.512720980848997, 14.6401582876845 ], [ 120.515596027238004, 14.6404499964982 ], [ 120.515743428199997, 14.6368363237109 ], [ 120.516729420852002, 14.6361141852105 ], [ 120.515821076776007, 14.6351975635834 ], [ 120.511129406015996, 14.6377001849067 ], [ 120.512476586090997, 14.6377057362236 ] ] ] ] } },
{ "type": "Feature", "properties": { "tenement_no": "ISGP-III-02-09", "tenement_name": "Catherine Nichole Colette Dizon", "tenement_type": "ISGP", "commodity": "Sand and Gravel", "operation_status": "With commercial operation", "province": "Pampanga", "municipality": "Porac", "permit_ha": 14.1, "date_approved": null, "date_expiration": null }, "geometry": { "type": "Polygon", "coordinates": [ [ [ 120.543985551636993, 15.105501135503699 ], [ 120.541346571725995, 15.108372887486301 ], [ 120.541707619011007, 15.1094168850515 ], [ 120.540373620813995, 15.1103338651877 ], [ 120.542068526159994, 15.1116117110369 ], [ 120.545123565287, 15.108061960752799 ], [ 120.543985551636993, 15.105501135503699 ] ] ] } },
{ "type": "Feature", "properties": { "tenement_no": "ISGP-III-02-10", "tenement_name": "Rhoi Realty & Development", "tenement_type": "ISGP", "commodity": "Sand and Gravel", "operation_status": "No commercial operation due to suspension issued by DENR/MGB or other Government agency", "province": "Zambales", "municipality": "Cabangan", "permit_ha": 18.6, "date_approved": null, "date_expiration": null }, "geometry": { "type": "Polygon", "coordinates": [ [ [ 120.079376863335, 15.1456830637925 ], [ 120.080957446382001, 15.142116714984599 ], [ 120.081018655788995, 15.1401139986641 ], [ 120.084007557351995, 15.1384364036122 ], [ 120.086399242743994, 15.1380170118778 ], [ 120.087152122579994, 15.137664227317 ], [ 120.088210392782003, 15.137972474523201 ], [ 120.090846631036001, 15.139441858892299 ], [ 120.091474362976001, 15.139586319618401 ], [ 120.093569001554997, 15.1367837127824 ], [ 120.095632727308995, 15.136175489682101 ], [ 120.097855147643003, 15.138439168926899 ], [ 120.098963414481005, 15.1388807681444 ], [ 120.102055186618003, 15.138072476961 ], [ 120.099027326020007, 15.138564058095801 ], [ 120.095577215915995, 15.135978259587899 ], [ 120.093216178345997, 15.1366198624265 ], [ 120.091207676525002, 15.1393918762125 ], [ 120.087357589742993, 15.1375419824106 ], [ 120.082299229379004, 15.1387391650317 ], [ 120.080654686282998, 15.139705787640899 ], [ 120.080271355389002, 15.141211249081101 ], [ 120.079813079847, 15.140222393950999 ], [ 120.077765795060003, 15.1421751003426 ], [ 120.079376863335, 15.1456830637925 ] ] ] } },
{ "type": "Feature", "properties": { "tenement_no": "ISGP-III-02-12", "tenement_name": "Norman S.  Bengco", "tenement_type": "ISGP", "commodity": "Sand and Gravel", "operation_status": "No activity due to expiration of the mining tenement but with application for renewal", "province": "Pampanga", "municipality": "Porac", "permit_ha": 11.6, "date_approved": null, "date_expiration": null }, "geometry": { "type": "MultiPolygon", "coordinates": [ [ [ [ 120.526429687106997, 15.123536065816101 ], [ 120.525515690831, 15.1258388899158 ], [ 120.528373660246004, 15.125171955726699 ], [ 120.527387694542995, 15.122608119694 ], [ 120.526429687106997, 15.123536065816101 ] ] ], [ [ [ 120.521962724524997, 15.1265639272287 ], [ 120.519476683687998, 15.129390677969401 ], [ 120.519918753623003, 15.1297776604313 ], [ 120.523760739397005, 15.1269778809486 ], [ 120.522904680864002, 15.1262438947681 ], [ 120.521962724524997, 15.1265639272287 ] ] ] ] } },
{ "type": "Feature", "properties": { "tenement_no": "ISGP-III-02-13(r1)", "tenement_name": "Lerma D. Ayson", "tenement_type": "ISGP", "commodity": "Sand and Gravel", "operation_status": "No activity due to expiration of the mining tenement but with application for renewal", "province": "Pampanga", "municipality": "Porac", "permit_ha": 13.7, "date_approved": null, "date_expiration": null }, "geometry": { "type": "Polygon", "coordinates": [ [ [ 120.527551677507006, 15.115530566134799 ], [ 120.526201636297003, 15.118055379365501 ], [ 120.529710645340998, 15.120261248426001 ], [ 120.530726639928005, 15.1192782706727 ], [ 120.530729625028997, 15.118000375610601 ], [ 120.530021583701995, 15.1184253597898 ], [ 120.530423589673006, 15.1175663896305 ], [ 120.527551677507006, 15.115530566134799 ] ] ] } },
{ "type": "Feature", "properties": { "tenement_no": "ISGP-III-02-17", "tenement_name": "Bryant Benson Terry Wong", "tenement_type": "ISGP", "commodity": "Sand and Gravel", "operation_status": "With commercial operation", "province": "Pampanga", "municipality": "Porac", "permit_ha": 14.2, "date_approved": null, "date_expiration": null }, "geometry": { "type": "Polygon", "coordinates": [ [ [ 120.487360757047995, 15.1426651328077 ], [ 120.486465781700005, 15.139043369805099 ], [ 120.487618766672, 15.1356155028384 ], [ 120.485960844068003, 15.1347135636149 ], [ 120.485082791183999, 15.1419881677676 ], [ 120.487360757047995, 15.1426651328077 ] ] ] } },
{ "type": "Feature", "properties": { "tenement_no": "ISGP-III-02-2000(R-2)", "tenement_name": "29 A.D. Inc.", "tenement_type": "ISGP", "commodity": "Sand and Gravel", "operation_status": "No commercial operation due to suspension issued by DENR/MGB or other Government agency", "province": "Tarlac", "municipality": "San Jose", "permit_ha": 20.1, "date_approved": null, "date_expiration": null }, "geometry": { "type": "Polygon", "coordinates": [ [ [ 120.478820892255996, 15.447994120974201 ], [ 120.488228839531004, 15.4451491974477 ], [ 120.495712839809002, 15.4442632347707 ], [ 120.498187880773997, 15.442099309188 ], [ 120.506550886151004, 15.441430371249901 ], [ 120.500120848652998, 15.441216413452601 ], [ 120.497925796391996, 15.4419134250016 ], [ 120.495820850542998, 15.4436992337069 ], [ 120.489312909348001, 15.4440912948887 ], [ 120.477223810750004, 15.4477161480728 ], [ 120.478009893218001, 15.448985059869701 ], [ 120.478820892255996, 15.447994120974201 ] ] ] } },
{ "type": "Feature", "properties": { "tenement_no": "ISGP-III-02-21", "tenement_name": "ADCA Industrial Sand and Gravel Quarrying", "tenement_type": "ISGP", "commodity": "Sand and Gravel", "operation_status": "No commercial operation due to suspension issued by DENR/MGB or other Government agency", "province": "Nueva Ecija", "municipality": "Carranglan", "permit_ha": 19.8, "date_approved": null, "date_expiration": null }, "geometry": { "type": "Polygon", "coordinates": [ [ [ 120.991048945884998, 15.9109871054502 ], [ 120.991434947471006, 15.914530808092699 ], [ 120.994602065802994, 15.923641270611 ], [ 120.994935065888995, 15.928391021160101 ], [ 120.995824071932006, 15.928362959807499 ], [ 120.995296126650004, 15.9233912857199 ], [ 120.993017943393994, 15.9150028322882 ], [ 120.991048945884998, 15.9109871054502 ] ] ] } },
{ "type": "Feature", "properties": { "tenement_no": "ISGP-III-02-98(R)", "tenement_name": "Elvira G. Sumadchat", "tenement_type": "ISGP", "commodity": "Sand and Gravel", "operation_status": "No activity due to expiration of the mining tenement but with application for renewal", "province": "Pampanga", "municipality": "Floridablanca", "permit_ha": 19.6, "date_approved": null, "date_expiration": null }, "geometry": { "type": "MultiPolygon", "coordinates": [ [ [ [ 120.476479642775999, 15.001740208336299 ], [ 120.479651996488997, 14.9977460151636 ], [ 120.477126977753002, 14.996462826446001 ], [ 120.476571309562004, 14.9998291763316 ], [ 120.474224057539004, 15.0029234252737 ], [ 120.474501830997994, 15.0037955375974 ], [ 120.476479642775999, 15.001740208336299 ] ] ], [ [ [ 120.470701734564003, 15.009772924615 ], [ 120.475757378422998, 15.0055426522368 ], [ 120.476079525063, 15.003934453938299 ], [ 120.472232273364995, 15.007278609028299 ], [ 120.470162844208005, 15.0103422769138 ], [ 120.470701734564003, 15.009772924615 ] ] ] ] } },
{ "type": "Feature", "properties": { "tenement_no": "ISGP-III-03-04", "tenement_name": "Benjamin Cua", "tenement_type": "ISGP", "commodity": "Sand and Gravel", "operation_status": "With commercial operation", "province": "Bataan", "municipality": "City of Balanga (Capital)", "permit_ha": 20.8, "date_approved": null, "date_expiration": null }, "geometry": { "type": "Polygon", "coordinates": [ [ [ 120.515326603619997, 14.6421276331876 ], [ 120.515715461848004, 14.6443774692874 ], [ 120.516732175984998, 14.6446384773822 ], [ 120.516998838182005, 14.6422415176 ], [ 120.518276568605003, 14.6423859652703 ], [ 120.518812710115995, 14.641197107772999 ], [ 120.518818415316005, 14.639155649863699 ], [ 120.515779496457, 14.6392445555049 ], [ 120.515607257076994, 14.640441623996701 ], [ 120.512732208892004, 14.640150005563401 ], [ 120.513857134985997, 14.642086007403501 ], [ 120.515326603619997, 14.6421276331876 ] ] ] } },
{ "type": "Feature", "properties": { "tenement_no": "ISGP-III-03-05", "tenement_name": "29 A.D. Inc.", "tenement_type": "ISGP", "commodity": "Sand and Gravel", "operation_status": "With commercial operation", "province": "Pampanga", "municipality": "Porac", "permit_ha": 7.9, "date_approved": null, "date_expiration": null }, "geometry": { "type": "Polygon", "coordinates": [ [ [ 120.546221231106003, 15.1100094840866 ], [ 120.545637913668997, 15.1091595652814 ], [ 120.540671164396002, 15.112587083002699 ], [ 120.541615529118005, 15.113414831729999 ], [ 120.546221231106003, 15.1100094840866 ] ] ] } },
{ "type": "Feature", "properties": { "tenement_no": "ISGP-III-03-19", "tenement_name": "Danilo Cortez", "tenement_type": "ISGP", "commodity": "Sand and Gravel", "operation_status": "With commercial operation", "province": "Zambales", "municipality": "San Marcelino", "permit_ha": 18.3, "date_approved": null, "date_expiration": null }, "geometry": { "type": "Polygon", "coordinates": [ [ [ 120.181131756564, 14.989038724956799 ], [ 120.181122869530995, 14.990149604851 ], [ 120.188928818820003, 14.9901495571249 ], [ 120.188936786875999, 14.9880106664853 ], [ 120.184061867883003, 14.9879826822664 ], [ 120.181131756564, 14.989038724956799 ] ] ] } },
{ "type": "Feature", "properties": { "tenement_no": "ISGP-III-03-20", "tenement_name": "Paolo Antonio F. Tanjangco", "tenement_type": "ISGP", "commodity": "Sand and Gravel", "operation_status": "No activity due to expiration of the mining tenement but with application for renewal", "province": "Tarlac", "municipality": "San Jose", "permit_ha": 18.1, "date_approved": null, "date_expiration": null }, "geometry": { "type": "Polygon", "coordinates": [ [ [ 120.501962767785997, 15.441791374744 ], [ 120.505320860761003, 15.4423412930458 ], [ 120.506058815987004, 15.4434512266371 ], [ 120.505686909866995, 15.4487159062 ], [ 120.507808910231006, 15.455053457099501 ], [ 120.509745940290998, 15.453363572088699 ], [ 120.508436842495996, 15.453855543867601 ], [ 120.507253897810998, 15.4508938007507 ], [ 120.506292784897994, 15.442071286513499 ], [ 120.504153776731002, 15.441299336239201 ], [ 120.501962767785997, 15.441791374744 ] ] ] } },
{ "type": "Feature", "properties": { "tenement_no": "ISGP-III-04-04(R-1)", "tenement_name": "Robert V. Gozun", "tenement_type": "ISGP", "commodity": "Sand and Gravel", "operation_status": "No activity due to expiration of the mining tenement but with application for renewal", "province": "Pampanga", "municipality": "Floridablanca", "permit_ha": 10.1, "date_approved": null, "date_expiration": null }, "geometry": { "type": "Polygon", "coordinates": [ [ [ 120.470261975095994, 15.008537575996501 ], [ 120.468261925524004, 15.0133214341146 ], [ 120.468400960474995, 15.016098169232301 ], [ 120.467400924459994, 15.017710085763699 ], [ 120.467790009962002, 15.021042820783 ], [ 120.464318080677998, 15.0210428702373 ], [ 120.463096013463996, 15.0234347633128 ], [ 120.461456968956, 15.0243786176245 ], [ 120.460234998760001, 15.023709767116801 ], [ 120.459346007988003, 15.0248206134433 ], [ 120.461235081487004, 15.0248205865476 ], [ 120.463539966267007, 15.023486782645 ], [ 120.464929050953998, 15.021236949042899 ], [ 120.467095959896, 15.0219817992526 ], [ 120.467818047281, 15.0214868598091 ], [ 120.468289992486007, 15.0195430424079 ], [ 120.467679017718993, 15.0177651267239 ], [ 120.468595967655006, 15.016460146837799 ], [ 120.468511989549, 15.013404342571301 ], [ 120.470650935733005, 15.0089876149231 ], [ 120.470261975095994, 15.008537575996501 ] ] ] } },
{ "type": "Feature", "properties": { "tenement_no": "ISGP-III-05-19", "tenement_name": "Pinagpala PT Aggregates Corporation", "tenement_type": "ISGP", "commodity": "Sand and Gravel", "operation_status": "With commercial operation", "province": "Tarlac", "municipality": "Mayantoc", "permit_ha": 16.2, "date_approved": null, "date_expiration": null }, "geometry": { "type": "Polygon", "coordinates": [ [ [ 120.373114736792004, 15.5769758416213 ], [ 120.374883772912, 15.576750821782699 ], [ 120.373258754698995, 15.5721841504888 ], [ 120.373475706823001, 15.569263253970099 ], [ 120.370958754957002, 15.5692682461922 ], [ 120.373114736792004, 15.5769758416213 ] ] ] } },
{ "type": "Feature", "properties": { "tenement_no": "ISGP-III-08-21", "tenement_name": "Huang Construction Corporation", "tenement_type": "ISGP", "commodity": "Sand and Gravel", "operation_status": "With commercial operation", "province": "Zambales", "municipality": "Cabangan", "permit_ha": 19.9, "date_approved": "2021-12-16", "date_expiration": "2026-12-16" }, "geometry": { "type": "MultiPolygon", "coordinates": [ [ [ [ 120.077315863069998, 15.149692274915701 ], [ 120.079346864095996, 15.145748512526 ], [ 120.075215846277004, 15.144642617930099 ], [ 120.075048818024996, 15.144801653055399 ], [ 120.077315863069998, 15.149692274915701 ] ] ], [ [ [ 120.072151909336995, 15.155936860869 ], [ 120.070048916426003, 15.1551199718891 ], [ 120.069812917323006, 15.15660590832 ], [ 120.072554942083002, 15.1581476990517 ], [ 120.072626950137007, 15.1574287847065 ], [ 120.074312970245998, 15.1576977590063 ], [ 120.072151909336995, 15.155936860869 ] ] ] ] } },
{ "type": "Feature", "properties": { "tenement_no": "ISGP-III-10-20", "tenement_name": "Electa Tarlac Aggregates Corporation", "tenement_type": "ISGP", "commodity": "Sand and Gravel", "operation_status": "No activity due to expiration of the mining tenement but with application for renewal", "province": "Tarlac", "municipality": "Mayantoc", "permit_ha": 20.1, "date_approved": null, "date_expiration": null }, "geometry": { "type": "MultiPolygon", "coordinates": [ [ [ [ 120.374179983310995, 15.5931747620753 ], [ 120.371899936049999, 15.598799451360801 ], [ 120.373840936665005, 15.600382315435899 ], [ 120.375715873375995, 15.593310713087099 ], [ 120.374179983310995, 15.5931747620753 ] ] ], [ [ [ 120.373388916091997, 15.604629082371201 ], [ 120.372729919186, 15.6027762082026 ], [ 120.371036001088996, 15.6030492265165 ], [ 120.371335967427001, 15.6049321302779 ], [ 120.373388916091997, 15.604629082371201 ] ] ] ] } },
{ "type": "Feature", "properties": { "tenement_no": "MLC-MRD-343 (Renewal)", "tenement_name": "Chromerock Development Corporation", "tenement_type": "MPSA", "commodity": "Chromite", "operation_status": "With exploration activity", "province": "Eastern Samar", "municipality": "Guiuan", "permit_ha": 1030.8, "date_approved": "2016-06-14", "date_expiration": "1941-06-14" }, "geometry": { "type": "Polygon", "coordinates": [ [ [ 125.718065456203007, 10.8070646106806 ], [ 125.718065378947998, 10.7903997827231 ], [ 125.701398418951001, 10.7903998586123 ], [ 125.701398380322999, 10.782066445976699 ], [ 125.684731420326003, 10.782066520102999 ], [ 125.684731458952996, 10.790399933619 ], [ 125.676398478867, 10.7903999715636 ], [ 125.676398516595995, 10.798732385506201 ], [ 125.684731497580998, 10.7987323475627 ], [ 125.684731536208005, 10.807064761568 ], [ 125.693065517017999, 10.807064723625601 ], [ 125.693065554746994, 10.815398136334201 ], [ 125.701398533935006, 10.8153980992751 ], [ 125.701398496205996, 10.8070646856831 ], [ 125.718065456203007, 10.8070646106806 ] ] ] } },
{ "type": "Feature", "properties": { "tenement_no": "MLC-MRD-459 (Renewal)-Amended I", "tenement_name": "Mt. Labo Exploration And Development Corporation", "tenement_type": "MPSA", "commodity": "Gold", "operation_status": "With development/construction activity", "province": "Camarines Norte", "municipality": "Labo", "permit_ha": 3517.8, "date_approved": "2016-06-27", "date_expiration": "2041-06-27" }, "geometry": { "type": "MultiPolygon", "coordinates": [ [ [ [ 122.643088577845006, 14.081858717534899 ], [ 122.626421596287003, 14.081858815994099 ], [ 122.626421750798002, 14.106857191846199 ], [ 122.643088732354997, 14.106857094269101 ], [ 122.643088577845006, 14.081858717534899 ] ] ], [ [ [ 122.776421527845002, 14.0985238489151 ], [ 122.768088537877006, 14.098523898576699 ], [ 122.768088848694006, 14.148520647980099 ], [ 122.776421838662003, 14.1485205983294 ], [ 122.776421734457003, 14.1318546816234 ], [ 122.793088715115999, 14.131854583185801 ], [ 122.793088612262096, 14.115189666529897 ], [ 122.818088583334998, 14.115189518427099 ], [ 122.818088737845002, 14.140187893247299 ], [ 122.834754717780996, 14.1401877939423 ], [ 122.834754356657996, 14.081857589175399 ], [ 122.809754386031003, 14.0818577355572 ], [ 122.809754439032005, 14.0901911948321 ], [ 122.801421448165996, 14.090191243624201 ], [ 122.801421499369994, 14.0985237016728 ], [ 122.784754518710997, 14.098523800124701 ], [ 122.784754569016997, 14.1068562578934 ], [ 122.793088560605995, 14.1068562091048 ], [ 122.776421579946998, 14.106856306683886 ], [ 122.776421527845002, 14.0985238489151 ] ] ] ] } },
{ "type": "Feature", "properties": { "tenement_no": "MPSA No. 001-90-CAR", "tenement_name": "Lepanto Consolidated Mining Company", "tenement_type": "MPSA", "commodity": "Gold", "operation_status": "No activity due to expiration of the mining tenement but with application for renewal", "province": "Benguet", "municipality": "Mankayan", "permit_ha": 980.6, "date_approved": "1990-03-18", "date_expiration": "2015-03-18" }, "geometry": { "type": "Polygon", "coordinates": [ [ [ 120.795933525888003, 16.8435079963878 ], [ 120.793314520017006, 16.8424941863769 ], [ 120.791397567302994, 16.8486077218218 ], [ 120.793464571008997, 16.8492965564574 ], [ 120.793078579303995, 16.850374273652001 ], [ 120.794553579763004, 16.850577031771401 ], [ 120.794278595573005, 16.852440811778099 ], [ 120.795206595685997, 16.8527491156993 ], [ 120.794289617003002, 16.855310077973702 ], [ 120.791631610774004, 16.8544268198617 ], [ 120.790739630409007, 16.856987782629901 ], [ 120.793397634841995, 16.857871039956599 ], [ 120.790653694873996, 16.865553928393901 ], [ 120.793314700577994, 16.866434417094499 ], [ 120.794075680522994, 16.863817898782401 ], [ 120.796736686228002, 16.8646956076254 ], [ 120.797647667757005, 16.862131864994002 ], [ 120.795145662061998, 16.861306932193301 ], [ 120.795781647723004, 16.859573701460601 ], [ 120.796514646944004, 16.859365379517499 ], [ 120.797278654210999, 16.8604125311461 ], [ 120.801922628922, 16.857343232762702 ], [ 120.803258661803, 16.8617846270668 ], [ 120.805950655790994, 16.860995764816099 ], [ 120.806767676237001, 16.863590053748901 ], [ 120.809458668603995, 16.862803962074999 ], [ 120.808375643527995, 16.8595069471288 ], [ 120.809803639639, 16.859079182561899 ], [ 120.809733685132997, 16.865081602286899 ], [ 120.827086680427996, 16.865248140998698 ], [ 120.824372617527999, 16.856887552606 ], [ 120.810383622529002, 16.856737659251699 ], [ 120.809795608700995, 16.8548877752064 ], [ 120.809925520362, 16.843374576095101 ], [ 120.811645516552005, 16.842913482646001 ], [ 120.809931515718006, 16.8427690533026 ], [ 120.809964495567002, 16.8399914503761 ], [ 120.818214492880998, 16.840080267003401 ], [ 120.818386403477007, 16.828286534940698 ], [ 120.815583404668999, 16.828258776515799 ], [ 120.815614383970001, 16.825539499087402 ], [ 120.809981384793005, 16.825483983148199 ], [ 120.809953405865002, 16.828206038678701 ], [ 120.798542411339994, 16.828483882495501 ], [ 120.795945405210006, 16.827625622273601 ], [ 120.795961393425003, 16.825986831561799 ], [ 120.793158394616995, 16.825961851857802 ], [ 120.793128415140998, 16.828681129242899 ], [ 120.791186415599995, 16.8286617044912 ], [ 120.791153464497, 16.8350807572054 ], [ 120.792706466571005, 16.835530718811398 ], [ 120.791756486479997, 16.838080572473501 ], [ 120.793358489854995, 16.8385277644132 ], [ 120.793320518965999, 16.842483077134201 ], [ 120.795933525888003, 16.8435079963878 ] ], [ [ 120.796858507661995, 16.841030358985901 ], [ 120.799572512170997, 16.841749747024899 ], [ 120.798620531531995, 16.844299601175301 ], [ 120.795933525888003, 16.8435079963878 ], [ 120.796858507661995, 16.841030358985901 ] ] ] } },
{ "type": "Feature", "properties": { "tenement_no": "MPSA No. 002-90-X-SMR", "tenement_name": "Sinosteel Philippines H.Y. Mining Corporation", "tenement_type": "MPSA", "commodity": "Nickel", "operation_status": "With commercial operation", "province": "Dinagat Islands", "municipality": "Loreto and Dinagat", "permit_ha": 1031.8, "date_approved": "1991-01-21", "date_expiration": "2041-01-21" }, "geometry": { "type": "Polygon", "coordinates": [ [ [ 125.668063759641996, 10.407093063806 ], [ 125.618063879473993, 10.4070932820397 ], [ 125.618063953136001, 10.4237591022488 ], [ 125.668063834202002, 10.4237588849102 ], [ 125.668063759641996, 10.407093063806 ] ] ] } },
{ "type": "Feature", "properties": { "tenement_no": "MPSA No. 003-90-X-SMR", "tenement_name": "Comet Mining Exploration Corporation", "tenement_type": "MPSA", "commodity": "Nickel", "operation_status": "With commercial operation", "province": "Dinagat Islands", "municipality": "Loreto", "permit_ha": 1399.3, "date_approved": "1991-11-13", "date_expiration": "2041-11-13" }, "geometry": { "type": "Polygon", "coordinates": [ [ [ 125.615979662250993, 10.357096830295999 ], [ 125.626396637677004, 10.3570967861121 ], [ 125.626396600845993, 10.3487643748384 ], [ 125.618063619861005, 10.348764411070199 ], [ 125.618063583029993, 10.340432001209599 ], [ 125.626396528081997, 10.3320985563119 ], [ 125.626396489455004, 10.3237661471611 ], [ 125.634679470210997, 10.323762110973099 ], [ 125.634679507041994, 10.3320945202309 ], [ 125.643012524856999, 10.3404278945376 ], [ 125.651346504768, 10.340427858304899 ], [ 125.651346540700999, 10.348760268275401 ], [ 125.643063561741997, 10.3487643032585 ], [ 125.643063597674001, 10.3570967136504 ], [ 125.663896547803006, 10.3570966226316 ], [ 125.651396431335002, 10.3237660375734 ], [ 125.643063450350994, 10.3237660746918 ], [ 125.643063413519997, 10.315433664864001 ], [ 125.618063474333994, 10.3154337735709 ], [ 125.618012509314994, 10.323762182558699 ], [ 125.609729529456999, 10.3237662187467 ], [ 125.609729640848002, 10.348764447302001 ], [ 125.615979625419996, 10.3487644199072 ], [ 125.615979662250993, 10.357096830295999 ] ] ] } },
{ "type": "Feature", "properties": { "tenement_no": "MPSA No. 004-91-X", "tenement_name": "San Manuel Mining Corporation", "tenement_type": "MPSA", "commodity": "Gold", "operation_status": "No activity due to expiration of the mining tenement but with application for renewal", "province": "Surigao del Norte", "municipality": "Tagana-an & Placer", "permit_ha": 1535.7, "date_approved": "1991-01-06", "date_expiration": "2016-01-06" }, "geometry": { "type": "Polygon", "coordinates": [ [ [ 125.664066451561993, 9.72137420549489 ], [ 125.662123448602998, 9.719703331079771 ], [ 125.660903453802007, 9.72021130079882 ], [ 125.658533440265998, 9.715915614023039 ], [ 125.655247434398007, 9.71289384065258 ], [ 125.653266441686, 9.71329981922916 ], [ 125.651122440682002, 9.71204891706876 ], [ 125.650254436352, 9.71050502909871 ], [ 125.650866426215998, 9.70872115338946 ], [ 125.653338420994999, 9.708460161751709 ], [ 125.653688410019001, 9.70619232148333 ], [ 125.655113398571004, 9.704105462239379 ], [ 125.659012387839994, 9.703712474651001 ], [ 125.658650383847998, 9.70254255858069 ], [ 125.657521386588996, 9.70256456151898 ], [ 125.655428383841993, 9.70078769629745 ], [ 125.657346380399005, 9.700880682188821 ], [ 125.660758366002995, 9.699088793928169 ], [ 125.660366360077006, 9.69752790613429 ], [ 125.657650360410003, 9.696106017730759 ], [ 125.658185353874003, 9.695010092868801 ], [ 125.657743343228006, 9.6922232923013 ], [ 125.656008343376001, 9.691171372752359 ], [ 125.655987338968004, 9.690133446981109 ], [ 125.655149342860994, 9.690800402935301 ], [ 125.655231334792006, 9.688966533201191 ], [ 125.657267329551999, 9.6886685449485 ], [ 125.656850325308994, 9.68732364208115 ], [ 125.659082307312005, 9.684070862754741 ], [ 125.657098297158001, 9.680635114301859 ], [ 125.657040279466003, 9.676443410843261 ], [ 125.661408250397997, 9.6715977356421 ], [ 125.661083243522, 9.670036846667539 ], [ 125.662402234463997, 9.668179973714119 ], [ 125.661308232872997, 9.667393033713401 ], [ 125.656202242934, 9.66718906916455 ], [ 125.656993231100998, 9.66474923805707 ], [ 125.658102229167, 9.664923221512851 ], [ 125.658441224609007, 9.66398428664146 ], [ 125.654454230984996, 9.663360347112061 ], [ 125.650341243252996, 9.664240302325201 ], [ 125.643906275801001, 9.668939995448209 ], [ 125.644608286738006, 9.671886783506579 ], [ 125.644086300878996, 9.67486257547022 ], [ 125.643369304247003, 9.67536754297163 ], [ 125.644117309825006, 9.677134414955249 ], [ 125.643203317141996, 9.678502322176509 ], [ 125.643911324333004, 9.68055917356063 ], [ 125.643926343266997, 9.68523084228994 ], [ 125.643041351795006, 9.686773737118351 ], [ 125.643528365340998, 9.69009350125396 ], [ 125.643008376436995, 9.69276831370231 ], [ 125.641328387616994, 9.6943062116015 ], [ 125.643930400057997, 9.69883188125708 ], [ 125.639024410136003, 9.69888389763033 ], [ 125.638874422026007, 9.70146171569654 ], [ 125.641120425832, 9.70350356294775 ], [ 125.640268450142003, 9.70883318928878 ], [ 125.639378452358997, 9.70911417317596 ], [ 125.637848443563996, 9.70609039307103 ], [ 125.636433446073994, 9.706040401969959 ], [ 125.636699456993, 9.708677214728869 ], [ 125.638340459828001, 9.71014410481037 ], [ 125.637325461472997, 9.71022810260432 ], [ 125.635226478641997, 9.713247898065299 ], [ 125.632951484404998, 9.713432894235989 ], [ 125.631961483469993, 9.712677951219391 ], [ 125.632436473065994, 9.71037111175521 ], [ 125.631850465175006, 9.708164270749929 ], [ 125.62963145754, 9.705481469465379 ], [ 125.631305452801001, 9.705164485088719 ], [ 125.631124447660994, 9.70359459652512 ], [ 125.629265452452003, 9.70389858291691 ], [ 125.627410451154006, 9.70258568341751 ], [ 125.622677463279999, 9.703109666167091 ], [ 125.621287462311997, 9.70232672622868 ], [ 125.619350468183995, 9.70249372336875 ], [ 125.616935481390996, 9.70446459377883 ], [ 125.618399479285003, 9.704834562075 ], [ 125.618841484539999, 9.70632545509855 ], [ 125.620940484439998, 9.70731637604711 ], [ 125.620250495657004, 9.70960921638738 ], [ 125.622772492460996, 9.71027415904666 ], [ 125.623049495165006, 9.7110541026631 ], [ 125.623248507035001, 9.71396489622787 ], [ 125.622424512069003, 9.714671850265621 ], [ 125.622902520004999, 9.716797698118249 ], [ 125.620858532932999, 9.718821562772311 ], [ 125.623742519356, 9.717283658769 ], [ 125.624696519408005, 9.717613632380409 ], [ 125.624249524909004, 9.718742554722519 ], [ 125.625186529733995, 9.720460429291951 ], [ 125.623805536172995, 9.72113138716122 ], [ 125.624131527602998, 9.71925551879286 ], [ 125.622379532525002, 9.719592502105799 ], [ 125.621627538427006, 9.72074342394041 ], [ 125.623047539533005, 9.721609356840901 ], [ 125.622082549492006, 9.72349022785659 ], [ 125.624221551370994, 9.724991112814511 ], [ 125.625573545517994, 9.72439714892085 ], [ 125.627626554369996, 9.72766090965316 ], [ 125.635042531519005, 9.72587300563351 ], [ 125.633576521400002, 9.722581243976959 ], [ 125.633922516515, 9.721527317786711 ], [ 125.638096497160006, 9.718974481439719 ], [ 125.640461495401993, 9.71974541687911 ], [ 125.641286498276997, 9.721013323918831 ], [ 125.642032495221997, 9.720765338911621 ], [ 125.641908509746003, 9.724163099212751 ], [ 125.642579511736997, 9.724899043818439 ], [ 125.643489508713998, 9.72467705636447 ], [ 125.643826500014001, 9.72261220066224 ], [ 125.644852493748004, 9.72166026379225 ], [ 125.645978496921998, 9.723162152166401 ], [ 125.646848494614005, 9.72303415797953 ], [ 125.648663506508996, 9.72674088907053 ], [ 125.652016489866995, 9.72435004432854 ], [ 125.654517484059994, 9.72419604437906 ], [ 125.654807479097997, 9.723048124461361 ], [ 125.656404470772003, 9.72209218587534 ], [ 125.657802474831996, 9.72360507352977 ], [ 125.658485486399996, 9.72677384637843 ], [ 125.659768474662002, 9.724789981182379 ], [ 125.664066451561993, 9.72137420549489 ] ] ] } },
{ "type": "Feature", "properties": { "tenement_no": "MPSA No. 005-91-III", "tenement_name": "Zambales Chromite Mining Co., Inc.", "tenement_type": "MPSA", "commodity": "Chromite", "operation_status": "With commercial operation", "province": "Zambales", "municipality": "Santa Cruz", "permit_ha": 792.2, "date_approved": "1991-09-04", "date_expiration": "2046-08-24" }, "geometry": { "type": "MultiPolygon", "coordinates": [ [ [ [ 120.032992059890006, 15.7564419601854 ], [ 120.041392031838996, 15.7564418789167 ], [ 120.041406057234994, 15.7537300974726 ], [ 120.030206075172998, 15.753717122834599 ], [ 120.030192098285994, 15.7564279776426 ], [ 120.032992059890006, 15.7564419601854 ] ] ], [ [ [ 120.035812068298, 15.7591598307471 ], [ 120.032973070403003, 15.759159795300601 ], [ 120.032992111094003, 15.761852593332399 ], [ 120.035792101444002, 15.7618636602803 ], [ 120.035812068298, 15.7591598307471 ] ] ], [ [ [ 120.041412078641997, 15.7618716027884 ], [ 120.038612099071997, 15.761871623537299 ], [ 120.03861219696681, 15.764514369118499 ], [ 120.024828148129998, 15.764514469574101 ], [ 120.024828194842001, 15.7811745493808 ], [ 120.058162214551004, 15.781109268288199 ], [ 120.058206118811995, 15.764574241195101 ], [ 120.055406131712402, 15.764514246727407 ], [ 120.055406091630999, 15.756441723295699 ], [ 120.047006109801004, 15.7564298848639 ], [ 120.046995104003841, 15.764514308025422 ], [ 120.041392543494752, 15.764514348855847 ], [ 120.041412078641997, 15.7618716027884 ] ] ] ] } },
{ "type": "Feature", "properties": { "tenement_no": "MPSA No. 006-91-III", "tenement_name": "Consolidated Mines Inc.", "tenement_type": "MPSA", "commodity": "Chromite", "operation_status": "No activity due to expiration of the mining tenement but with application for renewal", "province": "Zambales", "municipality": "Masinloc", "permit_ha": 619.7, "date_approved": "1991-11-17", "date_expiration": "2016-11-17" }, "geometry": { "type": "Polygon", "coordinates": [ [ [ 120.088860457739003, 15.5692946429216 ], [ 120.088860437975995, 15.5942926383431 ], [ 120.109694139096007, 15.5942927032367 ], [ 120.109694139096007, 15.569295122327199 ], [ 120.088860457739003, 15.5692946429216 ] ] ] } },
{ "type": "Feature", "properties": { "tenement_no": "MPSA No. 007-92-X-SMR-Amended I", "tenement_name": "Surigao Integrated Resources Corporation", "tenement_type": "MPSA", "commodity": "Nickel", "operation_status": "With commercial operation", "province": "Surigao del Norte", "municipality": "Claver", "permit_ha": 5351.1, "date_approved": "1992-02-13", "date_expiration": "2042-02-13" }, "geometry": { "type": "Polygon", "coordinates": [ [ [ 125.784725622783995, 9.498824331062879 ], [ 125.859725439442997, 9.4988240333674 ], [ 125.859725238219994, 9.44882762422346 ], [ 125.834675299704003, 9.448823724376339 ], [ 125.834675233229007, 9.432158921718489 ], [ 125.793059334098999, 9.432162086232861 ], [ 125.793059467947998, 9.465493691728661 ], [ 125.784725488036997, 9.46549372451379 ], [ 125.784725622783995, 9.498824331062879 ] ] ] } },
{ "type": "Feature", "properties": { "tenement_no": "MPSA No. 008-92-X-SMR", "tenement_name": "Naredico, Incorporated", "tenement_type": "MPSA", "commodity": "Chromite", "operation_status": "With exploration activity", "province": "Dinagat Islands", "municipality": "Loreto and Dinagat", "permit_ha": 1202.3, "date_approved": "1992-05-14", "date_expiration": "2030-06-08" }, "geometry": { "type": "Polygon", "coordinates": [ [ [ 125.626396822730001, 10.3987608344886 ], [ 125.643012782674006, 10.398756763040399 ], [ 125.643012672181001, 10.3737585326879 ], [ 125.659729632406993, 10.3737624595461 ], [ 125.659729557847001, 10.3570966403051 ], [ 125.626396637677004, 10.3570967861121 ], [ 125.626396822730001, 10.3987608344886 ] ] ] } },
{ "type": "Feature", "properties": { "tenement_no": "MPSA No. 009-92-XI Amended II", "tenement_name": "Kingking Mining Corporation", "tenement_type": "MPSA", "commodity": "Gold", "operation_status": "With development/construction activity", "province": "Davao de Oro (Compostela Valley)", "municipality": "Pantukan", "permit_ha": 3049.8, "date_approved": "1992-05-26", "date_expiration": "2042-05-26" }, "geometry": { "type": "MultiPolygon", "coordinates": [ [ [ [ 125.968050968189999, 7.17399319728734 ], [ 125.976383947377997, 7.17399317233143 ], [ 125.976383921326004, 7.16566078810083 ], [ 125.984716900514996, 7.16566076403575 ], [ 125.984716925667001, 7.17399314648422 ], [ 125.993050904680004, 7.17399312152828 ], [ 125.993050855272998, 7.15732735486127 ], [ 125.968050917884, 7.15732742973177 ], [ 125.968050968189999, 7.17399319728734 ] ] ], [ [ [ 125.959712013407994, 7.1823256063604 ], [ 125.926384096853994, 7.18232570618225 ], [ 125.926384122905006, 7.19065908998593 ], [ 125.934717101195005, 7.19065906503094 ], [ 125.934717151501005, 7.20732383280932 ], [ 125.959717089788001, 7.20732375705586 ], [ 125.959717063737003, 7.19899137260303 ], [ 125.971801035648994, 7.19941630554121 ], [ 125.971801067089999, 7.21026550463815 ], [ 125.982690040722005, 7.21026546988091 ], [ 125.982690098213993, 7.22925306659885 ], [ 126.001703050797005, 7.22922501154298 ], [ 126.001703001389998, 7.21297621200638 ], [ 125.996245014691993, 7.21297622893929 ], [ 125.996244965284006, 7.19656044306577 ], [ 125.988161985443, 7.19669945665214 ], [ 125.988161920764, 7.17499306220415 ], [ 125.971855961339998, 7.17499911132728 ], [ 125.971855970323006, 7.17771191078591 ], [ 125.968050979867996, 7.17771192237248 ], [ 125.968050968189999, 7.17399319728734 ], [ 125.959716989176997, 7.17399322224326 ], [ 125.959712013407994, 7.1823256063604 ] ] ], [ [ [ 126.00138411204, 7.24898755140168 ], [ 126.001384086887001, 7.24065516676306 ], [ 125.993051107699998, 7.24065519171529 ], [ 125.993051131954005, 7.24898757635345 ], [ 126.00138411204, 7.24898755140168 ] ] ] ] } },
{ "type": "Feature", "properties": { "tenement_no": "MPSA No. 010-92-X-SMR", "tenement_name": "Century Peak Corporation", "tenement_type": "MPSA", "commodity": "Nickel", "operation_status": "With commercial operation", "province": "Dinagat Islands", "municipality": "Loreto and Dinagat", "permit_ha": 1225.1, "date_approved": "1992-06-10", "date_expiration": "2042-06-10" }, "geometry": { "type": "Polygon", "coordinates": [ [ [ 125.609729973225001, 10.4237591384718 ], [ 125.609730084616004, 10.448757370850799 ], [ 125.618064065425997, 10.448757333747199 ], [ 125.618064139986004, 10.4654231560373 ], [ 125.636814094599998, 10.4654230730003 ], [ 125.636813908647994, 10.4237590200842 ], [ 125.609729973225001, 10.4237591384718 ] ] ] } },
{ "type": "Feature", "properties": { "tenement_no": "MPSA No. 011-92-X-SMR", "tenement_name": "Oriental Synergy Mining Corporation", "tenement_type": "MPSA", "commodity": "Nickel", "operation_status": "With commercial operation", "province": "Dinagat Islands", "municipality": "Loreto, Dinagat, and San Jose", "permit_ha": 689.5, "date_approved": "1992-06-10", "date_expiration": "2042-06-10" }, "geometry": { "type": "Polygon", "coordinates": [ [ [ 125.643012672181001, 10.3737585326879 ], [ 125.643012782674006, 10.398756763040399 ], [ 125.668063722810999, 10.3987606533586 ], [ 125.668063685980002, 10.390428244078601 ], [ 125.659729632406993, 10.3737624595461 ], [ 125.643012672181001, 10.3737585326879 ] ] ] } },
{ "type": "Feature", "properties": { "tenement_no": "MPSA No. 012-92-VIII", "tenement_name": "Hinatuan Mining Corporation", "tenement_type": "MPSA", "commodity": "Nickel", "operation_status": "With commercial operation", "province": "Eastern Samar", "municipality": "Manicani, Guiuan", "permit_ha": 1190.4, "date_approved": "1992-10-27", "date_expiration": "2037-03-01" }, "geometry": { "type": "Polygon", "coordinates": [ [ [ 125.654741464603006, 10.9904020177225 ], [ 125.653421428919998, 10.9820686085283 ], [ 125.651407424018998, 10.9799897639703 ], [ 125.640893423356999, 10.974589191616399 ], [ 125.634741442286995, 10.975650145191199 ], [ 125.623075500493997, 10.982069747897 ], [ 125.618081537658, 10.9873803989357 ], [ 125.618081543946005, 10.988736304808 ], [ 125.616399547390998, 10.988719312548101 ], [ 125.616397615115005, 11.0031603000517 ], [ 125.626397603366001, 11.005812069045099 ], [ 125.634742575960999, 11.004082151268801 ], [ 125.643075563234007, 11.0054220180977 ], [ 125.651409540450004, 11.004701030305901 ], [ 125.654384522618003, 11.0025951645544 ], [ 125.654741464603006, 10.9904020177225 ] ] ] } },
{ "type": "Feature", "properties": { "tenement_no": "MPSA No. 013-1993-VII", "tenement_name": "Apo Land and Quarry Corporation", "tenement_type": "MPSA", "commodity": "Limestone", "operation_status": "With commercial operation", "province": "Cebu", "municipality": "Naga", "permit_ha": 193.7, "date_approved": "1993-04-22", "date_expiration": "2043-04-22" }, "geometry": { "type": "Polygon", "coordinates": [ [ [ 123.731080644974, 10.1925305601749 ], [ 123.728199658026995, 10.1947584174311 ], [ 123.738357698562993, 10.207657466451501 ], [ 123.739880694210996, 10.2070385044531 ], [ 123.743541690116999, 10.207404463517401 ], [ 123.746535666262005, 10.2028657695482 ], [ 123.744435671028995, 10.2031407594672 ], [ 123.743074666780004, 10.2017468636058 ], [ 123.743155662478998, 10.2008439264507 ], [ 123.742571664120007, 10.2012409003027 ], [ 123.741860661946006, 10.2005639507837 ], [ 123.743868654422002, 10.1991610406447 ], [ 123.742335654236996, 10.1987190783322 ], [ 123.743541641608005, 10.196341239675901 ], [ 123.743118637517, 10.1948943439336 ], [ 123.741238645086995, 10.1962142594027 ], [ 123.735688622393994, 10.188969791960499 ], [ 123.731080644974, 10.1925305601749 ] ], [ [ 123.738646690183003, 10.205574611825201 ], [ 123.737413685082004, 10.2041107213049 ], [ 123.739116677062, 10.2027938056384 ], [ 123.741260685252001, 10.2055046059312 ], [ 123.739880694210996, 10.2070385044531 ], [ 123.738646690183003, 10.205574611825201 ] ] ] } },
{ "type": "Feature", "properties": { "tenement_no": "MPSA No. 014-93-VI", "tenement_name": "Dorilag Cement Corporation", "tenement_type": "MPSA", "commodity": "Limestone", "operation_status": "With exploration activity", "province": "Guimaras", "municipality": "Jordan and Buenavista", "permit_ha": 1794.8, "date_approved": "1993-06-17", "date_expiration": "2028-06-17" }, "geometry": { "type": "MultiPolygon", "coordinates": [ [ [ [ 122.551403153959996, 10.631258128086699 ], [ 122.551403158450995, 10.6320910709325 ], [ 122.559736186148996, 10.6404244567261 ], [ 122.563903221019999, 10.6487568599794 ], [ 122.563903258748994, 10.6570892834688 ], [ 122.568070254095005, 10.657089265812401 ], [ 122.568070292721998, 10.665422688369199 ], [ 122.576403244961, 10.6570892269682 ], [ 122.584736274454002, 10.665422613331501 ], [ 122.584736160367996, 10.6404243446017 ], [ 122.568070178636006, 10.640424419645599 ], [ 122.568070101380997, 10.623758572725601 ], [ 122.551403119824002, 10.623758647773499 ], [ 122.551403151265006, 10.630702167360299 ], [ 122.552792137137004, 10.627925352184601 ], [ 122.551403153959996, 10.631258128086699 ] ], [ [ 122.561959185896995, 10.640701426744 ], [ 122.561125182799998, 10.639868487981801 ], [ 122.561125153155999, 10.633479931102899 ], [ 122.561959153556998, 10.6334799266885 ], [ 122.561959185896995, 10.640701426744 ] ] ], [ [ [ 122.618070276195994, 10.673754886018701 ], [ 122.618070314823996, 10.682087310793399 ], [ 122.626403305690005, 10.6820872728353 ], [ 122.626403190706, 10.6570890027317 ], [ 122.618070200738003, 10.657089040693 ], [ 122.601403180553007, 10.6487566922389 ], [ 122.593070188789, 10.6487567302012 ], [ 122.593070265145002, 10.6654225753713 ], [ 122.584736274454002, 10.665422613331501 ], [ 122.593070303773004, 10.6737549998963 ], [ 122.618070276195994, 10.673754886018701 ] ] ] ] } },
{ "type": "Feature", "properties": { "tenement_no": "MPSA No. 015-93-X", "tenement_name": "BrightGreen Resources Corporation", "tenement_type": "MPSA", "commodity": "Copper", "operation_status": "With exploration activity", "province": "Surigao del Sur", "municipality": "Cantilan", "permit_ha": 5181.8, "date_approved": "1993-06-30", "date_expiration": "2027-06-30" }, "geometry": { "type": "Polygon", "coordinates": [ [ [ 125.759724950573997, 9.315504606115191 ], [ 125.784724889759005, 9.315504508603681 ], [ 125.784724658892003, 9.257174707458789 ], [ 125.826391557177004, 9.25717454520808 ], [ 125.826391590415, 9.26550794544579 ], [ 125.859724507889993, 9.26550781600293 ], [ 125.859724443210993, 9.248842016698481 ], [ 125.851391464022996, 9.248842049504031 ], [ 125.851391366106995, 9.2238438508095 ], [ 125.843058386918997, 9.223843883617389 ], [ 125.843058418360002, 9.232176282728499 ], [ 125.759724621789999, 9.2321766054796 ], [ 125.759724950573997, 9.315504606115191 ] ] ] } },
{ "type": "Feature", "properties": { "tenement_no": "MPSA No. 016-93-X", "tenement_name": "Marcventures Mining & Development Corporation", "tenement_type": "MPSA", "commodity": "Nickel", "operation_status": "With commercial operation", "province": "Surigao del Sur", "municipality": "Cantilan", "permit_ha": 5097.4, "date_approved": "1993-06-30", "date_expiration": "2027-06-30" }, "geometry": { "type": "Polygon", "coordinates": [ [ [ 125.876391730196005, 9.332168949924529 ], [ 125.918058627581999, 9.33216878859499 ], [ 125.918058562902999, 9.31550398736035 ], [ 125.901391602006996, 9.315504052959019 ], [ 125.901391372936999, 9.25717425528472 ], [ 125.893058392851003, 9.2571742880895 ], [ 125.893058295833001, 9.23217608943253 ], [ 125.851391398445998, 9.23217625080809 ], [ 125.851391464022996, 9.248842049504031 ], [ 125.859724443210993, 9.248842016698481 ], [ 125.859724706418007, 9.315504215182679 ], [ 125.876391664619007, 9.315504150470529 ], [ 125.876391730196005, 9.332168949924529 ] ] ] } },
{ "type": "Feature", "properties": { "tenement_no": "MPSA No. 017-93-IV as Amended-2000", "tenement_name": "Celestial Nickel Mining Exploration Corporation", "tenement_type": "MPSA", "commodity": "Nickel", "operation_status": "With commercial operation", "province": "Palawan", "municipality": "Brooke's Point", "permit_ha": 2962.2, "date_approved": "2000-04-09", "date_expiration": "2043-09-17" }, "geometry": { "type": "Polygon", "coordinates": [ [ [ 117.909880274022001, 8.90840642222507 ], [ 117.902474268172, 8.90840644973693 ], [ 117.902474239425999, 8.90099996182262 ], [ 117.872843212762007, 8.90100007187227 ], [ 117.872843229829996, 8.90562975243571 ], [ 117.876746233668996, 8.905629738235939 ], [ 117.876746244448995, 8.90840754577356 ], [ 117.873968241263995, 8.90840755642331 ], [ 117.873968252043994, 8.9111853650383 ], [ 117.871191248683004, 8.91118537568796 ], [ 117.871191261259995, 8.913963183598501 ], [ 117.872843261271001, 8.913963177386229 ], [ 117.872843282830004, 8.91951779268339 ], [ 117.873768283467996, 8.9195177909085 ], [ 117.873768293349997, 8.92229559844745 ], [ 117.879324299719997, 8.922295578036239 ], [ 117.879324309601998, 8.925073386618511 ], [ 117.882101312063995, 8.92507337419436 ], [ 117.882101323742006, 8.92785118292556 ], [ 117.884879325130001, 8.9278511731638 ], [ 117.88487933591, 8.93062798190906 ], [ 117.887657338197002, 8.93062797125998 ], [ 117.887657507978005, 8.9750699022098 ], [ 117.902471522023006, 8.97506984719619 ], [ 117.902471578616002, 8.98988282573726 ], [ 117.924693599058998, 8.989882740558359 ], [ 117.924693541566, 8.97506976378841 ], [ 117.917296535039, 8.97506979129523 ], [ 117.917296507190997, 8.96766130179557 ], [ 117.909877499125997, 8.9676613301903 ], [ 117.909877443431, 8.952849351580999 ], [ 117.902496436796994, 8.952849379976859 ], [ 117.902496408050993, 8.945440890894179 ], [ 117.909879415232993, 8.94544086427249 ], [ 117.909879387385004, 8.938036374801429 ], [ 117.917285394133003, 8.93803634729181 ], [ 117.917285310590003, 8.91581488199064 ], [ 117.909880302768002, 8.91581490950194 ], [ 117.909880274022001, 8.90840642222507 ] ] ] } },
{ "type": "Feature", "properties": { "tenement_no": "MPSA No. 018-93-X-SMR", "tenement_name": "CTP Construction & Mining Corporation", "tenement_type": "MPSA", "commodity": "Nickel", "operation_status": "With commercial operation", "province": "Surigao del Sur", "municipality": "Carrascal", "permit_ha": 3799.7, "date_approved": "1993-10-21", "date_expiration": "2043-10-21" }, "geometry": { "type": "Polygon", "coordinates": [ [ [ 125.859725088201998, 9.411330321087281 ], [ 125.859725372968001, 9.48215823068076 ], [ 125.868059351081996, 9.48215819701117 ], [ 125.868059317844001, 9.473825795601821 ], [ 125.893059256132005, 9.47382569724884 ], [ 125.893059289369006, 9.482158096888501 ], [ 125.901392269455997, 9.48215806410494 ], [ 125.901392302692997, 9.490491466345921 ], [ 125.918059260893997, 9.49049139989445 ], [ 125.918059194419001, 9.473825597123691 ], [ 125.926392173606999, 9.473825564339361 ], [ 125.926392039757999, 9.440494959967751 ], [ 125.876392163183993, 9.44049515846514 ], [ 125.876392129048, 9.432161756577489 ], [ 125.872225140889, 9.432161773414711 ], [ 125.872225074412995, 9.41549697120371 ], [ 125.876392062571995, 9.41549695436567 ], [ 125.876392046402998, 9.41133025462049 ], [ 125.859725088201998, 9.411330321087281 ] ] ] } },
{ "type": "Feature", "properties": { "tenement_no": "MPSA No. 022-94-X-Amended I", "tenement_name": "Stagno Mining Corporation", "tenement_type": "MPSA", "commodity": "Nickel", "operation_status": "With commercial operation", "province": "Dinagat Islands", "municipality": "Libjo (Albor)", "permit_ha": 1290.6, "date_approved": "1994-11-04", "date_expiration": "2029-11-04" }, "geometry": { "type": "MultiPolygon", "coordinates": [ [ [ [ 125.609728872789006, 10.173776858637501 ], [ 125.601395893600994, 10.173776894005099 ], [ 125.601395929532998, 10.1821093017543 ], [ 125.609728909620003, 10.1821092663876 ], [ 125.609728945552007, 10.1904426748542 ], [ 125.626395906447996, 10.1904426032385 ], [ 125.626379869724005, 10.182065199472 ], [ 125.618046889637, 10.182065233954599 ], [ 125.618062816766994, 10.1654444138029 ], [ 125.609728836855993, 10.165444450055601 ], [ 125.609728872789006, 10.173776858637501 ] ] ], [ [ [ 125.559729099520993, 10.198775296077701 ], [ 125.584728895873994, 10.1654445570455 ], [ 125.551395973907006, 10.1654446985197 ], [ 125.551396118536005, 10.198775333210801 ], [ 125.559729099520993, 10.198775296077701 ] ] ] ] } },
{ "type": "Feature", "properties": { "tenement_no": "MPSA No. 026-94-III", "tenement_name": "Republic Cement & Building Materials, Inc. (formerly Lafarge Republic, Inc.)", "tenement_type": "MPSA", "commodity": "Limestone, shale, volcani", "operation_status": "With commercial operation", "province": "Bulacan", "municipality": "Norzagaray", "permit_ha": 577.1, "date_approved": "1994-11-04", "date_expiration": "2044-05-10" }, "geometry": { "type": "MultiPolygon", "coordinates": [ [ [ [ 121.079998995238, 14.871031529189001 ], [ 121.079660137237994, 14.880269817060499 ], [ 121.085615645974997, 14.8804697133496 ], [ 121.086296392891001, 14.861498761860201 ], [ 121.083790762492995, 14.861412705452199 ], [ 121.081904621095006, 14.8632681388831 ], [ 121.080293499819007, 14.8627764384341 ], [ 121.079998995238, 14.871031529189001 ] ] ], [ [ [ 121.085907497831002, 14.8723397367899 ], [ 121.085615645974997, 14.8804697133496 ], [ 121.094797014822589, 14.880782951253325 ], [ 121.093458811567999, 14.8820946298917 ], [ 121.094899032851998, 14.880786412868799 ], [ 121.095190818232993, 14.8726563857348 ], [ 121.089621395303297, 14.872466656293847 ], [ 121.090010380414995, 14.861623763392201 ], [ 121.086296392891001, 14.861498761860201 ], [ 121.085907497831002, 14.8723397367899 ] ] ], [ [ [ 121.081348782225007, 14.895702057088 ], [ 121.081090451902, 14.9029293969093 ], [ 121.088518314661002, 14.903182104601401 ], [ 121.088859285758375, 14.893666286379709 ], [ 121.094412883485006, 14.8943382484194 ], [ 121.094801903410996, 14.883497324425401 ], [ 121.093458811567999, 14.8820946298917 ], [ 121.092018522909996, 14.8834028780447 ], [ 121.093433736893999, 14.8820684429 ], [ 121.092115778115996, 14.8806919731142 ], [ 121.079660137237994, 14.880269817060499 ], [ 121.079373857632007, 14.8883997082081 ], [ 121.081610102696743, 14.8884755910309 ], [ 121.081348782225007, 14.895702057088 ] ] ] ] } },
{ "type": "Feature", "properties": { "tenement_no": "MPSA No. 027-94-III", "tenement_name": "Helix Mining and Development Corporation (formerly Holcim Mining and Development Corporation)", "tenement_type": "MPSA", "commodity": "Limestone and Shale", "operation_status": "With commercial operation", "province": "Bulacan", "municipality": "Norzagaray", "permit_ha": 556.9, "date_approved": "1994-11-04", "date_expiration": "2044-05-10" }, "geometry": { "type": "MultiPolygon", "coordinates": [ [ [ [ 121.068419965448996, 14.895016058861501 ], [ 121.070664028894001, 14.8956000390341 ], [ 121.068131048389006, 14.903457536159101 ], [ 121.068564067796999, 14.9090132271272 ], [ 121.070425023129999, 14.9128178796069 ], [ 121.072500038011, 14.9122958649266 ], [ 121.071839122303999, 14.9107180709417 ], [ 121.074628108292004, 14.9108130305254 ], [ 121.076481029091994, 14.9037074783473 ], [ 121.088461099163993, 14.9068211518873 ], [ 121.088589064176006, 14.903210348153999 ], [ 121.081159037375002, 14.902960516505299 ], [ 121.081671908927007, 14.888508329399 ], [ 121.068419962754007, 14.8884164653768 ], [ 121.068419965448996, 14.895016058861501 ] ] ], [ [ [ 121.074186148850004, 14.9157286942617 ], [ 121.074189098917003, 14.917537621867099 ], [ 121.086825153842994, 14.9175314813545 ], [ 121.086242102308006, 14.91515360891 ], [ 121.085059045334006, 14.9153736992203 ], [ 121.087434049010994, 14.9110569345867 ], [ 121.090856076880996, 14.9128646914037 ], [ 121.092003074581996, 14.9157206136124 ], [ 121.096495141483004, 14.91571753899 ], [ 121.096489023955996, 14.9012574750674 ], [ 121.092772008211, 14.901260532534399 ], [ 121.089056047087993, 14.9084950531342 ], [ 121.085336063309001, 14.9066881337677 ], [ 121.081620117458002, 14.906688204082499 ], [ 121.081620080627005, 14.908496122603999 ], [ 121.077903088238003, 14.908496121735901 ], [ 121.074186148850004, 14.9157286942617 ] ] ] ] } },
{ "type": "Feature", "properties": { "tenement_no": "MPSA No. 028-94-X", "tenement_name": "MInahang Bayan ng Albor Cooperative, Inc.", "tenement_type": "MPSA", "commodity": "Chromite  \r\n", "operation_status": "With exploration activity", "province": "Dinagat Island", "municipality": "Albor", "permit_ha": 623.7, "date_approved": "1994-05-10", "date_expiration": "2044-05-10" }, "geometry": { "type": "Polygon", "coordinates": [ [ [ 125.605562955422002, 10.1904426934212 ], [ 125.593063093178003, 10.2154409717376 ], [ 125.605563063218995, 10.215440917809101 ], [ 125.605563027287005, 10.2071075100946 ], [ 125.618062997329005, 10.2071074570487 ], [ 125.634728885635994, 10.190442567872701 ], [ 125.605562955422002, 10.1904426934212 ] ] ] } },
{ "type": "Feature", "properties": { "tenement_no": "MPSA No. 029-95-IV", "tenement_name": "Republic Cement & Building Materials, Inc. (formerly Lafarge Republic, Inc.", "tenement_type": "MPSA", "commodity": "Limestone and Shale", "operation_status": "With commercial operation", "province": "Batangas", "municipality": "Taysan", "permit_ha": 365.0, "date_approved": "1995-09-28", "date_expiration": "2045-09-28" }, "geometry": { "type": "Polygon", "coordinates": [ [ [ 121.180114627465997, 13.734728785556801 ], [ 121.180078743362998, 13.753730553144999 ], [ 121.199498732482994, 13.7537304405851 ], [ 121.199498666905995, 13.7428841440378 ], [ 121.197464668202002, 13.742884157126801 ], [ 121.197373647304005, 13.739403382597301 ], [ 121.190623646969996, 13.738817458548899 ], [ 121.190623651462005, 13.739450418065401 ], [ 121.188126652077003, 13.739448432875999 ], [ 121.188126640399005, 13.7374625622596 ], [ 121.185628642088005, 13.737459576160299 ], [ 121.185631624495002, 13.734748753036801 ], [ 121.180114627465997, 13.734728785556801 ] ] ] } },
{ "type": "Feature", "properties": { "tenement_no": "MPSA No. 030-1995-VII", "tenement_name": "Lazi Bay Resources Development, Inc.", "tenement_type": "MPSA", "commodity": "Limestone", "operation_status": "Under care and maintenance", "province": "Siquijor", "municipality": "Lazi and Maria", "permit_ha": 398.0, "date_approved": "1995-09-10", "date_expiration": "2045-09-10" }, "geometry": { "type": "Polygon", "coordinates": [ [ [ 123.651395354133996, 9.12244559427401 ], [ 123.651395425101001, 9.14052530679197 ], [ 123.668062398573994, 9.14052524293459 ], [ 123.668062365335999, 9.131875859247311 ], [ 123.660639375936995, 9.13187588762905 ], [ 123.660639341801996, 9.122926524803191 ], [ 123.668062330302007, 9.12292649730767 ], [ 123.668062316827005, 9.119309753951541 ], [ 123.665456310476003, 9.116787943789349 ], [ 123.656314319323002, 9.11552706972471 ], [ 123.651395354133996, 9.12244559427401 ] ] ] } },
{ "type": "Feature", "properties": { "tenement_no": "MPSA No. 031-94-X", "tenement_name": "Vista Buena Mining Corporation", "tenement_type": "MPSA", "commodity": "Nickel", "operation_status": "With commercial operation", "province": "Dinagat Islands", "municipality": "Libjo, Tubajon and Loreto", "permit_ha": 3607.3, "date_approved": "1994-06-18", "date_expiration": "2027-05-31" }, "geometry": { "type": "MultiPolygon", "coordinates": [ [ [ [ 125.509729071131005, 10.1654448753624 ], [ 125.543062992922003, 10.165444733888201 ], [ 125.543062776428997, 10.115448284799299 ], [ 125.509728854637004, 10.1154484262956 ], [ 125.509729071131005, 10.1654448753624 ] ] ], [ [ [ 125.653479279525996, 10.290435392898701 ], [ 125.653479105252998, 10.2508541995263 ], [ 125.626396168756003, 10.2508543162112 ], [ 125.626396252299998, 10.2696029857394 ], [ 125.618063270416997, 10.2696030219803 ], [ 125.618063362943005, 10.290435544923699 ], [ 125.653479279525996, 10.290435392898701 ] ] ] ] } },
{ "type": "Feature", "properties": { "tenement_no": "MPSA No. 031-95-XII", "tenement_name": "Republic Cement Mindanao, Inc.", "tenement_type": "MPSA", "commodity": "Basalt and rock aggregates", "operation_status": "With commercial operation", "province": "Lanao del  Norte", "municipality": "Iligan City", "permit_ha": 335.4, "date_approved": "1995-12-25", "date_expiration": "2045-12-25" }, "geometry": { "type": "MultiPolygon", "coordinates": [ [ [ [ 124.270851250030006, 8.29877147870231 ], [ 124.276679246506006, 8.300162358250221 ], [ 124.279361200921997, 8.289007156019951 ], [ 124.277525203482995, 8.288568193644791 ], [ 124.277525207077005, 8.289591120141949 ], [ 124.273059215573994, 8.28959213529963 ], [ 124.270851250030006, 8.29877147870231 ] ] ], [ [ [ 124.268801285568998, 8.30729586983149 ], [ 124.272184229537999, 8.2932278755569 ], [ 124.271936203788997, 8.28573041912869 ], [ 124.266814207669, 8.2845085251633 ], [ 124.263625955571001, 8.291186527900599 ], [ 124.265048310262998, 8.29184955952408 ], [ 124.263431264597997, 8.298576519593791 ], [ 124.255486271373996, 8.296680684688701 ], [ 124.255559297220998, 8.304136145177869 ], [ 124.268801285568998, 8.30729586983149 ] ] ] ] } },
{ "type": "Feature", "properties": { "tenement_no": "MPSA No. 032-95-IV", "tenement_name": "Concrete Aggregates Corporation", "tenement_type": "MPSA", "commodity": "Basalt and Rock Aggregate", "operation_status": "With commercial operation", "province": "Rizal", "municipality": "Angono", "permit_ha": 194.7, "date_approved": "1995-12-28", "date_expiration": "2045-12-28" }, "geometry": { "type": "Polygon", "coordinates": [ [ [ 121.168092741715995, 14.555726049504299 ], [ 121.175592737396002, 14.5557260034218 ], [ 121.175592598156996, 14.534061384558999 ], [ 121.168092602477003, 14.534061430646201 ], [ 121.168092741715995, 14.555726049504299 ] ] ] } },
{ "type": "Feature", "properties": { "tenement_no": "MPSA No. 033-95-X", "tenement_name": "Estrella F. Bautista", "tenement_type": "MPSA", "commodity": "Gold", "operation_status": "No activity due to expiration of the mining tenement but with application for renewal", "province": "Surigao del Norte", "municipality": "Malimono & Mainit", "permit_ha": 516.7, "date_approved": "1995-12-28", "date_expiration": "2020-12-28" }, "geometry": { "type": "MultiPolygon", "coordinates": [ [ [ [ 125.451438043623, 9.51530764950159 ], [ 125.451403975016007, 9.49864082921208 ], [ 125.443070992233999, 9.498640862880039 ], [ 125.443071059608002, 9.51530668292382 ], [ 125.451438043623, 9.51530764950159 ] ] ], [ [ [ 125.468071043709003, 9.52363899199543 ], [ 125.468070974539003, 9.50697617216224 ], [ 125.459753991650999, 9.506976205829391 ], [ 125.459754026685999, 9.515307615835249 ], [ 125.451438043623, 9.51530764950159 ], [ 125.451438076860001, 9.52363905932641 ], [ 125.468071043709003, 9.52363899199543 ] ] ], [ [ [ 125.468071111083006, 9.540304811761899 ], [ 125.468071076946998, 9.5319714016509 ], [ 125.459737094340994, 9.531971435315549 ], [ 125.459737128477002, 9.54030484542578 ], [ 125.468071111083006, 9.540304811761899 ] ] ] ] } },
{ "type": "Feature", "properties": { "tenement_no": "MPSA No. 034-95-X", "tenement_name": "Diotrepis  M. Bautista", "tenement_type": "MPSA", "commodity": "Gold", "operation_status": "No activity due to expiration of the mining tenement but with application for renewal", "province": "Surigao del Norte", "municipality": "Alegria", "permit_ha": 431.5, "date_approved": "1995-12-28", "date_expiration": "2020-12-28" }, "geometry": { "type": "Polygon", "coordinates": [ [ [ 125.584736564791996, 9.465309658118439 ], [ 125.584736598028996, 9.473642067717069 ], [ 125.609686545968998, 9.473637967901061 ], [ 125.609686580105006, 9.4819713759841 ], [ 125.618070562042007, 9.48197434245284 ], [ 125.618070494668004, 9.465309524319609 ], [ 125.584736564791996, 9.465309658118439 ] ] ] } },
{ "type": "Feature", "properties": { "tenement_no": "MPSA No. 035-96-IV", "tenement_name": "Ionic Cementworks Industries, Inc.", "tenement_type": "MPSA", "commodity": "Marble", "operation_status": "Under care and maintenance", "province": "Quezon", "municipality": "Pagbilao", "permit_ha": 35.5, "date_approved": "1996-02-20", "date_expiration": "2046-02-20" }, "geometry": { "type": "MultiPolygon", "coordinates": [ [ [ [ 121.794329672941998, 13.9687660421903 ], [ 121.795493671260004, 13.9686820421057 ], [ 121.795404666181, 13.967869094437299 ], [ 121.792785662105999, 13.9669771679969 ], [ 121.792565671879998, 13.968527070159499 ], [ 121.794329672941998, 13.9687660421903 ] ] ], [ [ [ 121.783765701695003, 13.9722298800604 ], [ 121.785865704114002, 13.972934822819999 ], [ 121.788046689656994, 13.9708709439995 ], [ 121.789863693116999, 13.971620883989299 ], [ 121.792343668529, 13.967905110918601 ], [ 121.791199659523002, 13.9664162137412 ], [ 121.789765677038005, 13.968902060403 ], [ 121.786621675952006, 13.9683691141043 ], [ 121.783765701695003, 13.9722298800604 ] ] ], [ [ [ 121.794674688892997, 13.9715068639848 ], [ 121.795974692144995, 13.9720798183825 ], [ 121.796143685013007, 13.9711738758382 ], [ 121.794574684842999, 13.9709548996988 ], [ 121.794674680808001, 13.970134952097601 ], [ 121.793574677573005, 13.9696049926404 ], [ 121.792613681442006, 13.969981974810301 ], [ 121.794674688892997, 13.9715068639848 ] ] ], [ [ [ 121.789743697958002, 13.972315840257901 ], [ 121.788910700974995, 13.9728488105495 ], [ 121.789538704207004, 13.9734047706753 ], [ 121.793268685336002, 13.9707379222563 ], [ 121.790407691294007, 13.9713319005808 ], [ 121.789743697958002, 13.972315840257901 ] ] ] ] } },
{ "type": "Feature", "properties": { "tenement_no": "MPSA No. 038-1996-VII", "tenement_name": "Republic Cement & Building Materials, Inc. (formerly Lafarge Republic, Inc.)", "tenement_type": "MPSA", "commodity": "Limestone", "operation_status": "With commercial operation", "province": "Cebu", "municipality": "Asturias", "permit_ha": 2416.0, "date_approved": "1996-07-02", "date_expiration": "2046-07-02" }, "geometry": { "type": "Polygon", "coordinates": [ [ [ 123.743068587880998, 10.6320857470867 ], [ 123.773161540841002, 10.632085613769901 ], [ 123.772781515746004, 10.6263830135505 ], [ 123.768820501400995, 10.621885344140701 ], [ 123.769129495806993, 10.620844415395601 ], [ 123.772028484993001, 10.6196474863423 ], [ 123.774624472433999, 10.617376632742999 ], [ 123.776401476610005, 10.6190365084855 ], [ 123.776401459542001, 10.6154207605867 ], [ 123.784734446814994, 10.615420723503201 ], [ 123.784734371355995, 10.5987548867573 ], [ 123.776401384083002, 10.5987549229599 ], [ 123.776401307726999, 10.5820890877075 ], [ 123.759734335152999, 10.5820891618826 ], [ 123.759734296524996, 10.573756742563299 ], [ 123.734734335780004, 10.573756853829 ], [ 123.734734411237994, 10.5902776999793 ], [ 123.739833441030001, 10.5987550854299 ], [ 123.743068435167004, 10.598755072185099 ], [ 123.743068455827995, 10.6032297597595 ], [ 123.744444463739001, 10.6049976299556 ], [ 123.744442478463, 10.6082224047524 ], [ 123.747531504449995, 10.6154208894961 ], [ 123.751401499695007, 10.6154208718373 ], [ 123.751401537424002, 10.623753291997399 ], [ 123.745025547964005, 10.6237533193679 ], [ 123.743068562727998, 10.626734120917099 ], [ 123.743068587880998, 10.6320857470867 ] ] ] } },
{ "type": "Feature", "properties": { "tenement_no": "MPSA No. 042-95-I", "tenement_name": "Helix Mining and DevelopmentCorporation (formerly Holcim Mining and Development Corporation)", "tenement_type": "MPSA", "commodity": "Silica", "operation_status": "With commercial operation", "province": "Pangasinan", "municipality": "Agno", "permit_ha": 412.0, "date_approved": "1996-05-19", "date_expiration": "2046-05-19" }, "geometry": { "type": "MultiPolygon", "coordinates": [ [ [ [ 119.801436129151, 16.0484196749582 ], [ 119.818103131369995, 16.048419562728299 ], [ 119.818103011893996, 16.0317535786495 ], [ 119.809769011320995, 16.031753635632398 ], [ 119.809769069712004, 16.040087126935301 ], [ 119.801436069862007, 16.040087183052599 ], [ 119.801436129151, 16.0484196749582 ] ] ], [ [ [ 119.801436248626999, 16.0650856570395 ], [ 119.818103249947001, 16.0650855465455 ], [ 119.818103190657993, 16.056752054830898 ], [ 119.801436189338006, 16.056752166192801 ], [ 119.801436248626999, 16.0650856570395 ] ] ] ] } },
{ "type": "Feature", "properties": { "tenement_no": "MPSA No. 043-95-I", "tenement_name": "Helix Mining and Development Corporation (formerly Holcim Mining and Development Corporation)", "tenement_type": "MPSA", "commodity": "Limestone", "operation_status": "With commercial operation", "province": "La Union", "municipality": "Balaoan", "permit_ha": 218.8, "date_approved": "1996-05-19", "date_expiration": "2046-05-19" }, "geometry": { "type": "MultiPolygon", "coordinates": [ [ [ [ 120.329247710765003, 16.806703174753 ], [ 120.329247773646998, 16.8150366737074 ], [ 120.343108772191997, 16.815036577397901 ], [ 120.343108709310002, 16.806703076719401 ], [ 120.329247710765003, 16.806703174753 ] ] ], [ [ [ 120.334774835399998, 16.823369135683802 ], [ 120.334774898282006, 16.8317016362593 ], [ 120.343108897956995, 16.8317015769309 ], [ 120.343108835075, 16.823369078072702 ], [ 120.334774835399998, 16.823369135683802 ] ] ] ] } },
{ "type": "Feature", "properties": { "tenement_no": "MPSA No. 047-96-XII", "tenement_name": "Helix Mining and Development Corporation (formerly Holcim Mining and Development Corporation)", "tenement_type": "MPSA", "commodity": "Limestone", "operation_status": "With commercial operation", "province": "Lanao del Norte", "municipality": "City of Iligan and Lugait", "permit_ha": 429.7, "date_approved": "1996-07-17", "date_expiration": "2046-07-17" }, "geometry": { "type": "MultiPolygon", "coordinates": [ [ [ [ 124.293057937129007, 8.315581854025011 ], [ 124.293057908381996, 8.307249122234669 ], [ 124.276391270879998, 8.307256759575131 ], [ 124.276391300523997, 8.315582245128191 ], [ 124.293057937129007, 8.315581854025011 ] ] ], [ [ [ 124.293057996417005, 8.332247315805819 ], [ 124.293057966773006, 8.32391458379524 ], [ 124.268058012316004, 8.323914671791581 ], [ 124.268058041062005, 8.33224740291144 ], [ 124.293057996417005, 8.332247315805819 ] ] ] ] } },
{ "type": "Feature", "properties": { "tenement_no": "MPSA No. 054-96-IX-Amended", "tenement_name": "TVI Resource Development Philippines, Inc.", "tenement_type": "MPSA", "commodity": "Gold, silver and copper", "operation_status": "With rehabilitation and decommissioning activity", "province": "Zamboanga del Norte", "municipality": "Siocon", "permit_ha": 1025.1, "date_approved": "1996-10-22", "date_expiration": "2046-10-22" }, "geometry": { "type": "Polygon", "coordinates": [ [ [ 122.301392126226006, 7.75729516654516 ], [ 122.301392071429007, 7.74063036455815 ], [ 122.293059079664999, 7.74063039215218 ], [ 122.293059025765999, 7.72396459213983 ], [ 122.268059049748999, 7.72396467403501 ], [ 122.268059103648, 7.74063047493425 ], [ 122.276392096311, 7.74063044645008 ], [ 122.27639215021, 7.75729524843386 ], [ 122.301392126226006, 7.75729516654516 ] ] ] } },
{ "type": "Feature", "properties": { "tenement_no": "MPSA No. 055-96-IV", "tenement_name": "Concrete Aggregates Corporation", "tenement_type": "MPSA", "commodity": "Basalt and Rock Aggregate", "operation_status": "With commercial operation", "province": "Rizal", "municipality": "Angono", "permit_ha": 20.1, "date_approved": "1995-12-28", "date_expiration": "2045-12-28" }, "geometry": { "type": "Polygon", "coordinates": [ [ [ 121.175506645553995, 14.541283924062499 ], [ 121.175514662118999, 14.5439917518272 ], [ 121.177767652122995, 14.542386840904699 ], [ 121.178761627206001, 14.5387930635943 ], [ 121.177236615737996, 14.536815198687799 ], [ 121.175514616304994, 14.536725216029 ], [ 121.175506645553995, 14.541283924062499 ] ] ] } },
{ "type": "Feature", "properties": { "tenement_no": "MPSA No. 056-96-III", "tenement_name": "Republic Cement Land and Resources, Inc. (formerly Luzon Continental Land Corporation)", "tenement_type": "MPSA", "commodity": "Limestone", "operation_status": "With commercial operation", "province": "Bulacan", "municipality": "Norzagaray and San Jose Del Monte", "permit_ha": 351.6, "date_approved": "1996-10-22", "date_expiration": "2046-10-22" }, "geometry": { "type": "MultiPolygon", "coordinates": [ [ [ [ 121.123177856960993, 14.8814003223562 ], [ 121.091722688822003, 14.856720647849 ], [ 121.092491736536999, 14.856635296320899 ], [ 121.088921616901004, 14.8522886674861 ], [ 121.090152696912, 14.8517546095906 ], [ 121.089085636695003, 14.8494417654654 ], [ 121.091038632513005, 14.849441734206099 ], [ 121.090269564137003, 14.834203815795901 ], [ 121.080869564257995, 14.8342447622825 ], [ 121.081533572864998, 14.840886386818701 ], [ 121.083244613749997, 14.8407333855387 ], [ 121.085027607892002, 14.8432972051096 ], [ 121.085280597730005, 14.8459970187265 ], [ 121.082505664986996, 14.8462439953045 ], [ 121.085999704504999, 14.8528636696267 ], [ 121.089138700179006, 14.8562134118676 ], [ 121.091719760315002, 14.8567183494996 ], [ 121.091716760840001, 14.8567213068771 ], [ 121.123177856960993, 14.8814003223562 ] ] ], [ [ [ 121.091952662924996, 14.8586991972455 ], [ 121.088430784615994, 14.858382260395899 ], [ 121.089021732342005, 14.858716213731199 ], [ 121.091952662924996, 14.8586991972455 ] ] ], [ [ [ 121.122346900950006, 14.8951356681112 ], [ 121.122353000510998, 14.9017762455082 ], [ 121.123189067037003, 14.903946121127699 ], [ 121.128905990421003, 14.9039431097079 ], [ 121.128903066405002, 14.900624302413799 ], [ 121.130435957893994, 14.9006243484235 ], [ 121.130430966853993, 14.8905079914909 ], [ 121.125349944690001, 14.8892829903189 ], [ 121.124652873589, 14.886655176683901 ], [ 121.126352884061006, 14.8878861032213 ], [ 121.129388907649997, 14.888180114690201 ], [ 121.130258965528995, 14.889139092076601 ], [ 121.129116875324002, 14.8828644355617 ], [ 121.123177856960993, 14.8814003223562 ], [ 121.123183987063996, 14.890072003321601 ], [ 121.122346900950006, 14.8951356681112 ] ] ] ] } },
{ "type": "Feature", "properties": { "tenement_no": "MPSA No. 057-96-CAR", "tenement_name": "Crescent Mining and Development Corporation", "tenement_type": "MPSA", "commodity": "Gold", "operation_status": "With exploration activity", "province": "Benguet", "municipality": "Mankayan", "permit_ha": 535.3, "date_approved": "1996-11-11", "date_expiration": "2046-11-11" }, "geometry": { "type": "Polygon", "coordinates": [ [ [ 120.818027818472999, 16.822196375963099 ], [ 120.817852934453995, 16.837551003356801 ], [ 120.819166834642999, 16.837567662925899 ], [ 120.821522489507004, 16.8448199905474 ], [ 120.837466885113997, 16.844986527328199 ], [ 120.837700032067005, 16.824662750513699 ], [ 120.832072332950005, 16.824604463838501 ], [ 120.832127794936, 16.8196353122582 ], [ 120.818058398023993, 16.8194854195023 ], [ 120.818027818472999, 16.822196375963099 ] ] ] } },
{ "type": "Feature", "properties": { "tenement_no": "MPSA No. 059-1996-VII", "tenement_name": "South Western Cement Corporation", "tenement_type": "MPSA", "commodity": "Limestone", "operation_status": "With development/construction activity", "province": "Cebu", "municipality": "Malabuyoc", "permit_ha": 511.9, "date_approved": "1996-11-17", "date_expiration": "2030-11-17" }, "geometry": { "type": "Polygon", "coordinates": [ [ [ 123.326397764385007, 9.60715947875658 ], [ 123.326397865893995, 9.63215771144154 ], [ 123.343064843858002, 9.63215764501772 ], [ 123.343064740551995, 9.60715941055641 ], [ 123.326397764385007, 9.60715947875658 ] ] ] } },
{ "type": "Feature", "properties": { "tenement_no": "MPSA No. 060-1996-VII", "tenement_name": "South Western Cement Corporation", "tenement_type": "MPSA", "commodity": "Limestone", "operation_status": "With development/construction activity", "province": "Cebu", "municipality": "Malabuyoc", "permit_ha": 298.6, "date_approved": "1996-11-17", "date_expiration": "2030-11-17" }, "geometry": { "type": "MultiPolygon", "coordinates": [ [ [ [ 123.326397865893995, 9.63215771144154 ], [ 123.326397764385007, 9.60715947875658 ], [ 123.318064774416996, 9.607159511528099 ], [ 123.326397865893995, 9.63215771144154 ] ] ], [ [ [ 123.326397900030003, 9.640491123873399 ], [ 123.343064877993996, 9.640491056565599 ], [ 123.343064843858002, 9.63215764501772 ], [ 123.326397865893995, 9.63215771144154 ], [ 123.326397900030003, 9.640491123873399 ] ] ] ] } },
{ "type": "Feature", "properties": { "tenement_no": "MPSA No. 064-96-IV-Amended II", "tenement_name": "Supreme Elite Resources, Incorporated", "tenement_type": "MPSA", "commodity": "Basalt, Silica Aggregate", "operation_status": "With commercial operation", "province": "Rizal", "municipality": "Antipolo City, San Isidro", "permit_ha": 62.3, "date_approved": "1996-07-02", "date_expiration": "2046-07-02" }, "geometry": { "type": "Polygon", "coordinates": [ [ [ 121.193101165490006, 14.623511578688101 ], [ 121.193093219890997, 14.631832048885901 ], [ 121.201426215249001, 14.6318319976042 ], [ 121.201426189198003, 14.6276662633916 ], [ 121.197259190259004, 14.6276662885983 ], [ 121.197259163308999, 14.6234995539682 ], [ 121.193101165490006, 14.623511578688101 ] ] ] } },
{ "type": "Feature", "properties": { "tenement_no": "MPSA No. 066-97-VIII", "tenement_name": "Cosco Capital, Incorporated (formerly Alcorn Gold Resources Corporation)", "tenement_type": "MPSA", "commodity": "Limestone", "operation_status": "With exploration activity", "province": "Leyte", "municipality": "Merida and Isabel", "permit_ha": 1793.0, "date_approved": "1997-06-01", "date_expiration": "2047-06-01" }, "geometry": { "type": "Polygon", "coordinates": [ [ [ 124.526401497316002, 10.9070630245687 ], [ 124.526401418264996, 10.8903981876052 ], [ 124.522234387885007, 10.8820647876825 ], [ 124.518068395957997, 10.882064807972201 ], [ 124.518068357329994, 10.8737323889207 ], [ 124.509734372926999, 10.8737324268547 ], [ 124.501401369484995, 10.869565755974 ], [ 124.501401389248002, 10.8737324647887 ], [ 124.484734420267003, 10.8737325406567 ], [ 124.484734498419996, 10.8903983781468 ], [ 124.476401514740999, 10.890398416960799 ], [ 124.476401592894007, 10.907063253911501 ], [ 124.526401497316002, 10.9070630245687 ] ] ] } },
{ "type": "Feature", "properties": { "tenement_no": "MPSA No. 067A-1997-VII", "tenement_name": "Solid Earth Development Corporation", "tenement_type": "MPSA", "commodity": "Limestone", "operation_status": "With commercial operation", "province": "Cebu", "municipality": "San Fernando", "permit_ha": 1511.9, "date_approved": "1997-06-01", "date_expiration": "2047-02-05" }, "geometry": { "type": "Polygon", "coordinates": [ [ [ 123.659732746744993, 10.190451012336499 ], [ 123.668066732944993, 10.1904509769707 ], [ 123.668066769776004, 10.1987833919769 ], [ 123.701399717794004, 10.198783250517501 ], [ 123.701402702894995, 10.195158503053401 ], [ 123.699371694682995, 10.192608691501199 ], [ 123.701405684403994, 10.1910507923841 ], [ 123.701260621757001, 10.1766208063602 ], [ 123.697677606805001, 10.1720601421298 ], [ 123.701460588535994, 10.169132331302199 ], [ 123.701399537232007, 10.1571191748518 ], [ 123.693066549061001, 10.1571192102213 ], [ 123.684732598794, 10.1654526617485 ], [ 123.668066624248993, 10.165452733369801 ], [ 123.668066661080005, 10.173785146156501 ], [ 123.659732709913996, 10.1821175970145 ], [ 123.659732746744993, 10.190451012336499 ] ], [ [ 123.693066585891998, 10.1654526254957 ], [ 123.693066622722995, 10.1737850400537 ], [ 123.684732634726998, 10.173785076305499 ], [ 123.684732598794, 10.1654526617485 ], [ 123.693066585891998, 10.1654526254957 ] ] ] } },
{ "type": "Feature", "properties": { "tenement_no": "MPSA No. 068-97-I", "tenement_name": "Marble Mining Exploration Corporation", "tenement_type": "MPSA", "commodity": "Limestone", "operation_status": "No activity due to expiration of the mining tenement but with application for renewal", "province": "Ilocos Norte", "municipality": "Batac, Espiritu, Nueva Era, Pinili", "permit_ha": 1288.1, "date_approved": "1997-06-05", "date_expiration": "2022-06-05" }, "geometry": { "type": "Polygon", "coordinates": [ [ [ 120.584783426903002, 17.923302258259 ], [ 120.584700495334005, 17.931634773307799 ], [ 120.593811588932994, 17.9433840210238 ], [ 120.597367616697994, 17.9468287938322 ], [ 120.597311647164005, 17.950494579940599 ], [ 120.595200653857006, 17.951300549576199 ], [ 120.600422671995005, 17.953744368446099 ], [ 120.600922637451006, 17.949606605089301 ], [ 120.605144632150001, 17.948939612388699 ], [ 120.606228651660999, 17.951356464159701 ], [ 120.608394667677004, 17.953467325246901 ], [ 120.608506690287996, 17.956189164486599 ], [ 120.617311729666, 17.961299802339401 ], [ 120.619811754577, 17.964466598595699 ], [ 120.618894761521005, 17.965299556820899 ], [ 120.617228759469995, 17.964910592413599 ], [ 120.611922804548996, 17.970327316367001 ], [ 120.615089807896993, 17.970882259507299 ], [ 120.615700822190007, 17.972605155002999 ], [ 120.619283813785998, 17.9716881823223 ], [ 120.633644855043002, 17.977187754452199 ], [ 120.640672927075997, 17.986104181277799 ], [ 120.645811915728999, 17.985048206357501 ], [ 120.646006937281996, 17.9875480587882 ], [ 120.644450951005993, 17.9891309774885 ], [ 120.643201001880996, 17.995436620285599 ], [ 120.646507030299006, 17.9989643901765 ], [ 120.650618029160995, 17.998991357846499 ], [ 120.650783892299003, 17.9823263264019 ], [ 120.593144427238997, 17.9234411877204 ], [ 120.584783426903002, 17.923302258259 ] ] ] } },
{ "type": "Feature", "properties": { "tenement_no": "MPSA No. 070-97-IV", "tenement_name": "Asensio-Pinzon Aggregates Corporation", "tenement_type": "MPSA", "commodity": "Basalt and Aggregates", "operation_status": "No activity due to expiration of the mining tenement but with application for renewal", "province": "Rizal", "municipality": "Rodriguez", "permit_ha": 130.9, "date_approved": "1997-07-28", "date_expiration": "2022-07-28" }, "geometry": { "type": "Polygon", "coordinates": [ [ [ 121.178587939742002, 14.741695153922 ], [ 121.184943891380996, 14.734625562707301 ], [ 121.183862873140995, 14.7319117415559 ], [ 121.180851890091006, 14.734325608029 ], [ 121.178643894003997, 14.7347645942217 ], [ 121.174498892111998, 14.7341036603099 ], [ 121.174070915846002, 14.737811427355799 ], [ 121.173379918254994, 14.738064415561199 ], [ 121.168154900641994, 14.7350066429142 ], [ 121.166968919650998, 14.7377004787568 ], [ 121.167309933607996, 14.7400563275288 ], [ 121.174793963530007, 14.7451419587129 ], [ 121.178587939742002, 14.741695153922 ] ] ] } },
{ "type": "Feature", "properties": { "tenement_no": "MPSA No. 071-97-IV", "tenement_name": "ADVANTAGE CONCRETE INDUSTRIES CORPORATION", "tenement_type": "MPSA", "commodity": "Limestone, shale, tuff and aggregates", "operation_status": "With commercial operation", "province": "Batangas", "municipality": "Calatagan", "permit_ha": 2351.4, "date_approved": "1997-07-28", "date_expiration": "2032-07-28" }, "geometry": { "type": "Polygon", "coordinates": [ [ [ 120.659802661544006, 13.8737718003204 ], [ 120.659757863460001, 13.906881666294501 ], [ 120.697699853401005, 13.9068764457291 ], [ 120.702349700398997, 13.881878030341801 ], [ 120.701424700659004, 13.881878035574299 ], [ 120.708699672850997, 13.8777862572926 ], [ 120.709727646472004, 13.8735445244654 ], [ 120.718060593320999, 13.8652150145025 ], [ 120.722321550648005, 13.8584234269061 ], [ 120.721940519441006, 13.853301759830799 ], [ 120.722977511248999, 13.8520018367718 ], [ 120.722910496927994, 13.8494740011811 ], [ 120.721677484641006, 13.847649126939899 ], [ 120.712279503275994, 13.8502050147831 ], [ 120.704024548160007, 13.857076620184699 ], [ 120.704468567438994, 13.860254413207601 ], [ 120.703046572971999, 13.861079367697 ], [ 120.702532582119005, 13.862615271791499 ], [ 120.698660598903004, 13.8650701362539 ], [ 120.697640593339003, 13.8641342025181 ], [ 120.694049611227996, 13.866982039041501 ], [ 120.692779625181998, 13.8692648996087 ], [ 120.690299601261003, 13.865218175139001 ], [ 120.676424605166005, 13.8652182553759 ], [ 120.676424655472005, 13.8735507173113 ], [ 120.659802661544006, 13.8737718003204 ] ] ] } },
{ "type": "Feature", "properties": { "tenement_no": "MPSA No. 072-97-X-SMR-Amended C", "tenement_name": "V.I.L. Mines, Inc.", "tenement_type": "MPSA", "commodity": "Nickel", "operation_status": "With exploration activity", "province": "Dinagat Islands", "municipality": "Basilisa and Cagdianao", "permit_ha": 5204.0, "date_approved": "1997-08-06", "date_expiration": "2031-08-06" }, "geometry": { "type": "MultiPolygon", "coordinates": [ [ [ [ 125.707029436444003, 9.892285487803321 ], [ 125.706725426789006, 9.88992865684331 ], [ 125.705378428173006, 9.889788672022631 ], [ 125.703328416999, 9.885478988095461 ], [ 125.703299402314002, 9.88227021787679 ], [ 125.701520391301997, 9.878491494028481 ], [ 125.702902377501005, 9.87610565911368 ], [ 125.705302368716005, 9.875411698248669 ], [ 125.705252359504996, 9.87322785541239 ], [ 125.702806352986997, 9.87029607404704 ], [ 125.700597337312999, 9.86527944089198 ], [ 125.695730345054002, 9.86405754813301 ], [ 125.691514359186002, 9.865023496562181 ], [ 125.689837360856998, 9.864644531459369 ], [ 125.684428378155999, 9.86567047974458 ], [ 125.679913398826002, 9.86813832231903 ], [ 125.679118398781995, 9.8676783588276 ], [ 125.677844404452998, 9.868271322006031 ], [ 125.676441404862999, 9.86744838657634 ], [ 125.675449389006005, 9.86310470074563 ], [ 125.674118382198998, 9.86074787408603 ], [ 125.672987382594997, 9.860189918635241 ], [ 125.673765369444993, 9.85746710981714 ], [ 125.672931357365997, 9.854106353741431 ], [ 125.670751357274995, 9.85290544784073 ], [ 125.666372364013995, 9.852189516765939 ], [ 125.659851384671001, 9.85318947229012 ], [ 125.656698404923006, 9.85630626318283 ], [ 125.654840425708997, 9.8601019999376 ], [ 125.655977432347001, 9.862538821985369 ], [ 125.655563443749003, 9.86496465072061 ], [ 125.650357475809997, 9.86946935047686 ], [ 125.650027480589003, 9.870488278815429 ], [ 125.650815485451005, 9.872062163097819 ], [ 125.649718499656998, 9.874735976795691 ], [ 125.642686546004001, 9.882025485385061 ], [ 125.643080551579004, 9.883557374258761 ], [ 125.645386543981004, 9.883181391649741 ], [ 125.648247542514994, 9.88425530389612 ], [ 125.644056558559001, 9.88569521820934 ], [ 125.642458554482999, 9.88397834715169 ], [ 125.640333583390003, 9.889610954817011 ], [ 125.641813602735994, 9.895030561570779 ], [ 125.643329605898003, 9.896350461520321 ], [ 125.645120603131005, 9.896943411945021 ], [ 125.647251592936001, 9.895501505337361 ], [ 125.648678588324998, 9.89545550293214 ], [ 125.649032596411999, 9.89730337013556 ], [ 125.646865600333001, 9.897135390521701 ], [ 125.645853607741998, 9.898257314909261 ], [ 125.64650061124, 9.89968221061128 ], [ 125.649550608124002, 9.900549136141469 ], [ 125.652730594822003, 9.89904622955304 ], [ 125.659427653842997, 9.91684993258156 ], [ 125.656858677844994, 9.921222631989639 ], [ 125.679953593044999, 9.914223034867559 ], [ 125.683205585102996, 9.91404803337864 ], [ 125.685194585397994, 9.91531993432719 ], [ 125.684790590557, 9.91628186775278 ], [ 125.686153591760998, 9.917217794910609 ], [ 125.689135577193994, 9.91553590320922 ], [ 125.694494559667007, 9.91442796003752 ], [ 125.700745519809004, 9.90857835088241 ], [ 125.701896515911002, 9.90838635953105 ], [ 125.701128512937004, 9.90701746130142 ], [ 125.701728503105002, 9.905136592414131 ], [ 125.704267485255002, 9.902283784737101 ], [ 125.705957479510005, 9.902170786788091 ], [ 125.705797470693994, 9.89992094776551 ], [ 125.706896462426002, 9.89852104299889 ], [ 125.705360457376003, 9.896124219908 ], [ 125.706199453308997, 9.895950229997799 ], [ 125.707029436444003, 9.892285487803321 ] ] ], [ [ [ 125.679798842965994, 9.972994845893551 ], [ 125.679350827980997, 9.96945609955057 ], [ 125.677885832059005, 9.969325114809539 ], [ 125.677089828598, 9.968056208299419 ], [ 125.676400829757995, 9.96814520487653 ], [ 125.676090836425004, 9.96949711040592 ], [ 125.674524836627995, 9.96870117347934 ], [ 125.675287820714004, 9.965177421486191 ], [ 125.677766808876996, 9.963758512392451 ], [ 125.678083801883005, 9.962222619867349 ], [ 125.678910800815004, 9.9625995902838 ], [ 125.678122795055003, 9.96080472160355 ], [ 125.677415797570006, 9.96076072708029 ], [ 125.675539787372003, 9.957507966668141 ], [ 125.672772789446995, 9.95646205292068 ], [ 125.671024794565994, 9.956742039833999 ], [ 125.665746796115002, 9.95409825060721 ], [ 125.664032801570002, 9.95436223897304 ], [ 125.660402802033005, 9.95248138909858 ], [ 125.644811825218994, 9.94931267969902 ], [ 125.645394836329004, 9.95209247814857 ], [ 125.643400853079996, 9.954978280894901 ], [ 125.643513862939002, 9.957308114409511 ], [ 125.636643874632995, 9.9562532185519 ], [ 125.635381879999002, 9.9570451671632 ], [ 125.629841893285004, 9.956867204203689 ], [ 125.629550882252005, 9.954072403161639 ], [ 125.635080842869996, 9.947820826073739 ], [ 125.634969830863, 9.94483404045571 ], [ 125.637927824990996, 9.945492980298351 ], [ 125.640208808295, 9.942676171043111 ], [ 125.640227801375005, 9.9409042974873 ], [ 125.642011792648006, 9.940098348003231 ], [ 125.642761783501996, 9.938204479719721 ], [ 125.646194769920001, 9.936984552855661 ], [ 125.649172738087998, 9.93105196314786 ], [ 125.654827719937998, 9.92986002422181 ], [ 125.655063709160004, 9.92742219730625 ], [ 125.648286698282007, 9.921135673788649 ], [ 125.649080676940997, 9.91650500010477 ], [ 125.648430628152994, 9.90438186740421 ], [ 125.644881627011003, 9.902396023375291 ], [ 125.646192631930006, 9.90424388691039 ], [ 125.644608630793002, 9.903250964210679 ], [ 125.644084644385998, 9.906119761104479 ], [ 125.645466667416002, 9.912256318367371 ], [ 125.643616687700003, 9.91615104841325 ], [ 125.645461690749997, 9.91765493230605 ], [ 125.644693697657004, 9.91884085240561 ], [ 125.645107700628998, 9.919866777475811 ], [ 125.647014699110997, 9.92068571023467 ], [ 125.646344701436007, 9.92099069119427 ], [ 125.645206735396997, 9.928368171211909 ], [ 125.645891735836003, 9.928783137689591 ], [ 125.645755742579993, 9.93028003160823 ], [ 125.643995760579998, 9.933181831234281 ], [ 125.644684766606005, 9.935421669703111 ], [ 125.643472773100001, 9.936095626577391 ], [ 125.644005764219003, 9.934511738253139 ], [ 125.643120764662001, 9.933957780212619 ], [ 125.640908775564995, 9.93534669162853 ], [ 125.641511783173996, 9.937440539214521 ], [ 125.640813793096001, 9.93937840402327 ], [ 125.639637795083004, 9.939138425883669 ], [ 125.639080791097996, 9.937687532703031 ], [ 125.635907794190999, 9.936839605596219 ], [ 125.634819798736004, 9.93713858822688 ], [ 125.633912809319995, 9.939265440989701 ], [ 125.631951815801003, 9.93988840421294 ], [ 125.630878817720003, 9.939418442687209 ], [ 125.630411820434006, 9.940107395394509 ], [ 125.630262813285, 9.93839451845726 ], [ 125.628337816157, 9.937731573691179 ], [ 125.628300969959, 9.974193975128189 ], [ 125.679798842965994, 9.972994845893551 ] ] ] ] } },
{ "type": "Feature", "properties": { "tenement_no": "MPSA No. 072-97-XIII-SMR-Amended A", "tenement_name": "Pacific Nickel Philippines, Inc.", "tenement_type": "MPSA", "commodity": "Nickel", "operation_status": "With development/construction activity", "province": "Surigao del Norte", "municipality": "Surigao City (Capital)", "permit_ha": 11151.0, "date_approved": "1997-08-06", "date_expiration": "2031-08-06" }, "geometry": { "type": "MultiPolygon", "coordinates": [ [ [ [ 125.603664366068998, 9.817063282906769 ], [ 125.598529362343001, 9.813352569040489 ], [ 125.598453357682999, 9.81230264443098 ], [ 125.600981355233003, 9.812816597373221 ], [ 125.599913349988, 9.811199716521051 ], [ 125.600749341056002, 9.80949283491484 ], [ 125.598034339416998, 9.80752198808594 ], [ 125.596785333523997, 9.805422141967179 ], [ 125.594742334599005, 9.804488217416701 ], [ 125.591083342835006, 9.804599225276609 ], [ 125.590679348891996, 9.805578156223881 ], [ 125.589753351124997, 9.805568160634699 ], [ 125.587284367498995, 9.808270977508791 ], [ 125.587756375587006, 9.810517815236519 ], [ 125.586314382824995, 9.81114577736663 ], [ 125.584635401913999, 9.81484251880504 ], [ 125.586690423891, 9.82125105414837 ], [ 125.588796413582003, 9.820066129774091 ], [ 125.590019419534997, 9.822279967078821 ], [ 125.591933420385004, 9.823347882479551 ], [ 125.593394413414003, 9.822533934373499 ], [ 125.593769415129003, 9.823286879193549 ], [ 125.595103411530005, 9.82324087733209 ], [ 125.596476416372994, 9.825143735084289 ], [ 125.597935415140995, 9.82572268858285 ], [ 125.599144398392994, 9.822294927840741 ], [ 125.602708378943007, 9.81962110356918 ], [ 125.604288366407999, 9.817558245318891 ], [ 125.603664366068998, 9.817063282906769 ] ] ], [ [ [ 125.687767301980998, 9.849549617637811 ], [ 125.686895296554994, 9.84775574747802 ], [ 125.679068295247006, 9.842998121164779 ], [ 125.671549273249994, 9.833353840259949 ], [ 125.669093274771996, 9.83237292026074 ], [ 125.664735285020996, 9.832322941046 ], [ 125.659366278248001, 9.827746289869021 ], [ 125.653218287494994, 9.82620142676168 ], [ 125.647225319908998, 9.83067313236198 ], [ 125.645948321614, 9.830366158479871 ], [ 125.645012313020004, 9.82787334004041 ], [ 125.642391307498997, 9.82507655119703 ], [ 125.638919321621003, 9.826436468602401 ], [ 125.638406336881005, 9.829724236291259 ], [ 125.636911353399, 9.83276202517448 ], [ 125.635442354584001, 9.832139074897359 ], [ 125.635957339871993, 9.8290932911145 ], [ 125.634949342986999, 9.829351276973011 ], [ 125.634949336698995, 9.827709393990171 ], [ 125.630885335895002, 9.82509759716946 ], [ 125.625179353991996, 9.82635053158981 ], [ 125.624479359773005, 9.82725547007494 ], [ 125.621533365340994, 9.827070495575541 ], [ 125.620337359152003, 9.82475366525509 ], [ 125.618787361943006, 9.824465692525351 ], [ 125.618499351283006, 9.821967871021229 ], [ 125.616529355745996, 9.821848888481959 ], [ 125.614038337344994, 9.81616730450612 ], [ 125.60958033995, 9.814167465606159 ], [ 125.609029342998994, 9.814722427245419 ], [ 125.610233345991006, 9.81584634307287 ], [ 125.610815341107994, 9.81497540186937 ], [ 125.612150340027995, 9.81571534398913 ], [ 125.612563344970994, 9.816995251164791 ], [ 125.611306350359996, 9.817572215800091 ], [ 125.609113352546004, 9.81683827745759 ], [ 125.604472363835995, 9.817026283158119 ], [ 125.604214368585005, 9.818113205701531 ], [ 125.602847378860005, 9.819758093601569 ], [ 125.599185400197996, 9.822595906148701 ], [ 125.598273417944995, 9.826333643183769 ], [ 125.596179434237996, 9.829112454161599 ], [ 125.596869443683005, 9.831964246622629 ], [ 125.593876467361994, 9.835659996065431 ], [ 125.591279472910003, 9.835727002550311 ], [ 125.590440472485, 9.83501305671234 ], [ 125.589740475572, 9.83549102466948 ], [ 125.588616469352004, 9.833421178246359 ], [ 125.587517470432999, 9.83312320325968 ], [ 125.587530466361002, 9.83169430568641 ], [ 125.585384462114007, 9.829656459413661 ], [ 125.585481443334004, 9.82527477115309 ], [ 125.584578446029994, 9.825506758152979 ], [ 125.582872442897994, 9.823700894773779 ], [ 125.582397429945004, 9.820470126804169 ], [ 125.580929431854003, 9.819989168334819 ], [ 125.580075435853004, 9.820512133473841 ], [ 125.577265460728, 9.82483483708541 ], [ 125.576853475372999, 9.82808860596163 ], [ 125.578379495647994, 9.8339611801093 ], [ 125.578781517788997, 9.83925080190423 ], [ 125.579696521974, 9.840569703956501 ], [ 125.582888520045998, 9.842178575424089 ], [ 125.584152531398004, 9.84566132298621 ], [ 125.587030541329, 9.84959802943462 ], [ 125.587326551486001, 9.85205485197344 ], [ 125.592011536984003, 9.85133588503418 ], [ 125.595344540013002, 9.85376069783193 ], [ 125.601348597300998, 9.870884451663629 ], [ 125.601433606672998, 9.87316728880533 ], [ 125.599229620665994, 9.87531814436073 ], [ 125.599330629931998, 9.87748498930465 ], [ 125.602328639513004, 9.88122870922861 ], [ 125.603827635770003, 9.88136769411647 ], [ 125.604306630056001, 9.880330765097741 ], [ 125.609266625795001, 9.882042623161199 ], [ 125.613948613613999, 9.881793622204009 ], [ 125.616216597399003, 9.87942478099882 ], [ 125.622041575534993, 9.87711392124227 ], [ 125.622105567923001, 9.875483037605999 ], [ 125.624052560300001, 9.8749080707441 ], [ 125.624216554941, 9.8737501529922 ], [ 125.621687542295007, 9.86912449303798 ], [ 125.619558547647998, 9.869178497952699 ], [ 125.621217534755004, 9.867164634610321 ], [ 125.621183526335003, 9.86515477877362 ], [ 125.622704522332995, 9.865095776304679 ], [ 125.626541537728997, 9.87067936215424 ], [ 125.627650529506994, 9.86934345268442 ], [ 125.628950502216, 9.863844840407991 ], [ 125.630905516547998, 9.868247517510429 ], [ 125.629344527553997, 9.869928403436781 ], [ 125.628977541506003, 9.87322117092549 ], [ 125.631155547335993, 9.87589697089223 ], [ 125.632002558037996, 9.87896274822821 ], [ 125.634279568992, 9.88263347720569 ], [ 125.637137575238, 9.885948228696179 ], [ 125.639269574750003, 9.88692814945253 ], [ 125.640713565365004, 9.88546624972361 ], [ 125.641979545824, 9.881568521055961 ], [ 125.646398519504999, 9.87760378629096 ], [ 125.648411499427993, 9.8740590308736 ], [ 125.646018488121996, 9.869894337256589 ], [ 125.643619488647005, 9.86903140908028 ], [ 125.643360466621004, 9.863439808721971 ], [ 125.644111451011995, 9.86021903575779 ], [ 125.645594455459999, 9.86205689812423 ], [ 125.645252468628001, 9.864903695834389 ], [ 125.648222473231002, 9.867772479532601 ], [ 125.649562470377006, 9.867829470744519 ], [ 125.654132447264004, 9.86490166025801 ], [ 125.654548440004007, 9.86355275448676 ], [ 125.653645424735004, 9.859369057046599 ], [ 125.655222407333994, 9.856159280082251 ], [ 125.657161395721999, 9.85447739195974 ], [ 125.657254383031997, 9.85132561645624 ], [ 125.655884373172, 9.84811885103076 ], [ 125.657339372641005, 9.84924176383052 ], [ 125.661513364065996, 9.8493927363903 ], [ 125.662243366506999, 9.85032066701535 ], [ 125.667249350598993, 9.84929872018753 ], [ 125.674786338901995, 9.85087457580283 ], [ 125.676469339773007, 9.851994489466049 ], [ 125.678803352426002, 9.85653615470331 ], [ 125.681727332742994, 9.85339636670828 ], [ 125.683626326338, 9.853048384103889 ], [ 125.686317310619998, 9.85077753573424 ], [ 125.688525308503003, 9.85137748418895 ], [ 125.687767301980998, 9.849549617637811 ] ] ], [ [ [ 125.611827650804003, 9.88954907705075 ], [ 125.609760648895005, 9.887681219851149 ], [ 125.608380652464007, 9.88762522944103 ], [ 125.607781657629005, 9.88879714811674 ], [ 125.605409664207002, 9.888898151376949 ], [ 125.602201665343003, 9.887406269570841 ], [ 125.599919682212999, 9.89039106712953 ], [ 125.598107689554993, 9.89105502711948 ], [ 125.595711691350999, 9.89010710397358 ], [ 125.595412685311999, 9.888458222535149 ], [ 125.596709674715996, 9.886498358019409 ], [ 125.596025664221003, 9.8839195445229 ], [ 125.593681657811004, 9.881086756026599 ], [ 125.592090661493003, 9.88096577083264 ], [ 125.589902637649999, 9.874314254864791 ], [ 125.587367638630994, 9.87283436962503 ], [ 125.588464623525994, 9.869958571102019 ], [ 125.586402613554995, 9.866589819608251 ], [ 125.586727607854996, 9.86512092362252 ], [ 125.585590591336, 9.86056125269347 ], [ 125.584674589122002, 9.859602324657731 ], [ 125.583619595076001, 9.86031028042536 ], [ 125.582740593569994, 9.859716324943641 ], [ 125.582176572844006, 9.854319712074631 ], [ 125.58344956645, 9.85349376622756 ], [ 125.579920567195998, 9.851853897292029 ], [ 125.576741580321993, 9.85307782313561 ], [ 125.576381586761002, 9.854397731132149 ], [ 125.577573600836999, 9.85847243575739 ], [ 125.580468613180997, 9.862918106353661 ], [ 125.580958621711005, 9.865347930871289 ], [ 125.578347648575004, 9.87033558659023 ], [ 125.578652658953004, 9.8729174014303 ], [ 125.577857658010998, 9.87229044883173 ], [ 125.575082674064006, 9.874578296869981 ], [ 125.574283681907005, 9.875752217892099 ], [ 125.574503691896993, 9.87811704729503 ], [ 125.575793694203995, 9.879573936997391 ], [ 125.577158714820996, 9.885298523356919 ], [ 125.581447722044004, 9.889433210966249 ], [ 125.583211735681999, 9.893519912907641 ], [ 125.582833741678996, 9.89462283554076 ], [ 125.585241748561003, 9.8976556094406 ], [ 125.588528744372994, 9.89846353852896 ], [ 125.588822755779006, 9.90159531352599 ], [ 125.590355762252003, 9.90380114950821 ], [ 125.589680771741001, 9.905656020804621 ], [ 125.594101770224995, 9.907864844403351 ], [ 125.595378766723996, 9.90773784897546 ], [ 125.597782753645006, 9.905810976184799 ], [ 125.599727749067995, 9.90603795180092 ], [ 125.601696741186004, 9.90503901526897 ], [ 125.603129747202004, 9.907344844312719 ], [ 125.602879752346993, 9.90863075381203 ], [ 125.605754749328, 9.909208700457929 ], [ 125.608109740337994, 9.90866572920998 ], [ 125.609355747654007, 9.91091456407203 ], [ 125.611491746465006, 9.911906483983531 ], [ 125.611561738700999, 9.91007261424234 ], [ 125.609595728090994, 9.90661987011547 ], [ 125.607775708985997, 9.90086628689159 ], [ 125.610519692970996, 9.898828420639891 ], [ 125.611346665851997, 9.892703854819761 ], [ 125.612374653846004, 9.89064599614349 ], [ 125.611827650804003, 9.88954907705075 ] ] ], [ [ [ 125.643794655636, 9.908633582886861 ], [ 125.643036651808998, 9.90712269506715 ], [ 125.642930631740995, 9.90243802933926 ], [ 125.644142612671004, 9.898581298745251 ], [ 125.640309607354993, 9.89519755642505 ], [ 125.639206579491997, 9.888075069301889 ], [ 125.634201573666004, 9.883648405372689 ], [ 125.629037545372995, 9.87418710132822 ], [ 125.627026549828997, 9.874061119493909 ], [ 125.622037578032007, 9.87792986403594 ], [ 125.616989598599005, 9.879779752853789 ], [ 125.613939616986997, 9.882476573657531 ], [ 125.613069626482002, 9.884313445384031 ], [ 125.614090631870994, 9.886339296975081 ], [ 125.612292637660005, 9.886587287388711 ], [ 125.611884646213994, 9.88827416822245 ], [ 125.614875649835, 9.89097596275764 ], [ 125.615291660541004, 9.89363177224056 ], [ 125.617936656471002, 9.89416972323253 ], [ 125.618564661498993, 9.89594059289564 ], [ 125.620831664323006, 9.897573467057819 ], [ 125.624259681262004, 9.90359902380858 ], [ 125.624294685913, 9.904764940553139 ], [ 125.62210169798, 9.906232844415999 ], [ 125.621971709961997, 9.909000647393009 ], [ 125.624062706770999, 9.909592596249031 ], [ 125.624441710480994, 9.91079051037987 ], [ 125.628867699105996, 9.910347523419141 ], [ 125.631109695527002, 9.91094747207843 ], [ 125.635577699256999, 9.914380208183729 ], [ 125.638463697904996, 9.915458118996829 ], [ 125.640224691407994, 9.914795158756061 ], [ 125.640383694110994, 9.915777088836981 ], [ 125.642364690416997, 9.91597606653653 ], [ 125.644184669097996, 9.91214833065157 ], [ 125.643794655636, 9.908633582886861 ] ] ], [ [ [ 125.678220848863006, 9.973439820908631 ], [ 125.628300969959, 9.974193975128189 ], [ 125.628301028349995, 9.987610020124 ], [ 125.618770050508999, 9.987610059935591 ], [ 125.618771249760002, 10.034268736816299 ], [ 125.643391197987, 10.0358045250549 ], [ 125.669882135728002, 10.0359804014471 ], [ 125.679453075124997, 10.027134991201001 ], [ 125.681114010678002, 10.013106982828401 ], [ 125.666396016655995, 10.006352524935 ], [ 125.666384994327004, 10.0009219123219 ], [ 125.678220848863006, 9.973439820908631 ] ] ] ] } },
{ "type": "Feature", "properties": { "tenement_no": "MPSA No. 072-97-XIII-SMR-Amended B", "tenement_name": "Prima Lumina Gold Mining Corporation", "tenement_type": "MPSA", "commodity": "Nickel", "operation_status": "With exploration activity", "province": "Dinagat Islands", "municipality": "Cagdianao", "permit_ha": 6739.1, "date_approved": "1997-08-06", "date_expiration": "2031-08-06" }, "geometry": { "type": "Polygon", "coordinates": [ [ [ 125.697970169349006, 10.059715593430001 ], [ 125.697363159744995, 10.0569227946086 ], [ 125.694161163423999, 10.055823885977301 ], [ 125.693272155583998, 10.0536990411295 ], [ 125.693617147281003, 10.052110153092499 ], [ 125.694531144454999, 10.051819169684499 ], [ 125.695384120867999, 10.0467125301554 ], [ 125.69140010516, 10.0407479715817 ], [ 125.691436089872994, 10.0371922243173 ], [ 125.688604089855005, 10.035652346214899 ], [ 125.686953096855007, 10.0364112980714 ], [ 125.684676087697, 10.033114543851701 ], [ 125.685235072468004, 10.0298707719923 ], [ 125.688335051614004, 10.026681985935101 ], [ 125.687283026499998, 10.020394438698 ], [ 125.682096006725004, 10.0126160133836 ], [ 125.682238996959001, 10.010575157511701 ], [ 125.681259994097999, 10.0090422716933 ], [ 125.679874998542005, 10.0094782465838 ], [ 125.677570995907999, 10.0073404074002 ], [ 125.677461993432999, 10.0067234525087 ], [ 125.678955994158997, 10.0079193611404 ], [ 125.678517985507995, 10.005707520266199 ], [ 125.679592981441999, 10.005482531873399 ], [ 125.680272974670999, 10.0042786160909 ], [ 125.675098949027003, 9.99508529178657 ], [ 125.675791941777007, 9.99386337573246 ], [ 125.675149941895, 9.993476405629391 ], [ 125.673267952510002, 9.99495730935072 ], [ 125.671365947761998, 9.992646481882771 ], [ 125.672712943682996, 9.99272847032071 ], [ 125.672840933847993, 9.990293641559189 ], [ 125.675918920439003, 9.989119712958059 ], [ 125.676726914612999, 9.98802178828371 ], [ 125.676312909844, 9.98673288157193 ], [ 125.677531901226999, 9.98553996138417 ], [ 125.679162878864005, 9.98099327779083 ], [ 125.678959864999001, 9.977668516580209 ], [ 125.680060850990998, 9.974817714838711 ], [ 125.679841844419997, 9.973443813740561 ], [ 125.678220848863006, 9.973439820908631 ], [ 125.666384994327004, 10.0009219123219 ], [ 125.666396016655995, 10.006352524935 ], [ 125.681114010678002, 10.013106982828401 ], [ 125.679453075124997, 10.027134991201001 ], [ 125.669882135728002, 10.0359804014471 ], [ 125.643391197987, 10.0358045250549 ], [ 125.618771249760002, 10.034268736816299 ], [ 125.618770556260998, 10.105639661610899 ], [ 125.676835417624005, 10.10553042313 ], [ 125.676805409401993, 10.1033025823524 ], [ 125.678399389025998, 10.099817822347701 ], [ 125.680533384594, 10.1000757948879 ], [ 125.683759365933, 10.0973439758681 ], [ 125.684724353278995, 10.0949961403019 ], [ 125.684990333654994, 10.090297471781099 ], [ 125.687730312951004, 10.087435664007399 ], [ 125.688513300721993, 10.0848728436566 ], [ 125.692566269316004, 10.079878181863 ], [ 125.694757236936994, 10.073489627324999 ], [ 125.694304229116, 10.071328782176399 ], [ 125.695197214695, 10.0685109796053 ], [ 125.692520197419995, 10.063065378815599 ], [ 125.693645189091001, 10.061732468581701 ], [ 125.697970169349006, 10.059715593430001 ] ] ] } },
{ "type": "Feature", "properties": { "tenement_no": "MPSA No. 074-97-IV", "tenement_name": "Rapid City Realty and Development Corporation", "tenement_type": "MPSA", "commodity": "Silica", "operation_status": "With commercial operation", "province": "Rizal", "municipality": "Abuyod, Pantay and Teresa", "permit_ha": 88.0, "date_approved": "1997-09-23", "date_expiration": "2047-09-23" }, "geometry": { "type": "Polygon", "coordinates": [ [ [ 121.220293816825006, 14.5713337360532 ], [ 121.220314830215997, 14.573502597221299 ], [ 121.222258829406996, 14.5735025850495 ], [ 121.222258855457994, 14.577669320137501 ], [ 121.223481856022005, 14.577669312312899 ], [ 121.227536844027995, 14.5761413859253 ], [ 121.227536826062007, 14.5735025537507 ], [ 121.229758825087004, 14.573502539840099 ], [ 121.229583816201, 14.572002635480199 ], [ 121.232258816759, 14.572419593409901 ], [ 121.232897824353998, 14.573502519843601 ], [ 121.234758819212004, 14.5729465445865 ], [ 121.234758786873002, 14.5679468635378 ], [ 121.226425790617, 14.567946913965001 ], [ 121.226425813074002, 14.571280702227799 ], [ 121.220293816825006, 14.5713337360532 ] ] ] } },
{ "type": "Feature", "properties": { "tenement_no": "MPSA No. 076-97-IX", "tenement_name": "Siennalynn Gold Mining Corporation", "tenement_type": "MPSA", "commodity": "Copper and Gold", "operation_status": "With exploration activity", "province": "Zamboanga Sibugay", "municipality": "Titay, Ipil and R. T. Lim", "permit_ha": 4188.2, "date_approved": "1997-10-07", "date_expiration": "2022-10-07" }, "geometry": { "type": "Polygon", "coordinates": [ [ [ 122.484724808172004, 7.7156315683237 ], [ 122.484724835121995, 7.72396396724406 ], [ 122.468058853390005, 7.72396402243429 ], [ 122.468058881236999, 7.73229642079107 ], [ 122.459724889648001, 7.73229644927578 ], [ 122.459724916598006, 7.74062984828286 ], [ 122.451391924833004, 7.74062987587688 ], [ 122.451391979630003, 7.75729467521298 ], [ 122.443058987865996, 7.75729470280591 ], [ 122.443059015713999, 7.7656281028513 ], [ 122.451392006579994, 7.76562807614898 ], [ 122.451392117072999, 7.79895867604643 ], [ 122.468059100426004, 7.79895862086604 ], [ 122.468059071680003, 7.79062622118605 ], [ 122.484725054310999, 7.79062616689459 ], [ 122.484725083057, 7.79895856746566 ], [ 122.501392065511993, 7.79895851139528 ], [ 122.501392037664999, 7.79062611171311 ], [ 122.509725029429006, 7.79062608412237 ], [ 122.509724973733, 7.77396028466988 ], [ 122.493058991102998, 7.77396033985357 ], [ 122.493058826711007, 7.72396394053913 ], [ 122.509724810240002, 7.72396388712922 ], [ 122.509724783291006, 7.71563148731711 ], [ 122.484724808172004, 7.7156315683237 ] ] ] } },
{ "type": "Feature", "properties": { "tenement_no": "MPSA No. 078-97-XIII (SMR)", "tenement_name": "East Coast Mineral Resources Co., Inc.", "tenement_type": "MPSA", "commodity": "Nickel", "operation_status": "With commercial operation", "province": "Dinagat Islands", "municipality": "Cagdianao", "permit_ha": 709.5, "date_approved": "1997-11-18", "date_expiration": "2047-11-18" }, "geometry": { "type": "Polygon", "coordinates": [ [ [ 125.651395593206999, 10.1321126410744 ], [ 125.651395743226004, 10.166488199004799 ], [ 125.653478727961001, 10.164405338066 ], [ 125.655562722401996, 10.1641273473158 ], [ 125.657645719713003, 10.1646833011637 ], [ 125.659754726844994, 10.167287106381901 ], [ 125.659728735889004, 10.169612940654099 ], [ 125.663895734826994, 10.171696775623699 ], [ 125.666480726889006, 10.1712417969946 ], [ 125.670142724415996, 10.1727376747238 ], [ 125.672168716436005, 10.1719047252937 ], [ 125.675900688232005, 10.1676300129183 ], [ 125.676395668937005, 10.1633633136155 ], [ 125.675351662184994, 10.161280465911499 ], [ 125.676395650969994, 10.159196609876799 ], [ 125.675073636299004, 10.1550299119677 ], [ 125.674312633895994, 10.154012987216699 ], [ 125.670148645211995, 10.1543359824274 ], [ 125.665978649492999, 10.1529470984085 ], [ 125.661812657566003, 10.152947116093401 ], [ 125.657645650543003, 10.148777430223999 ], [ 125.657923641394007, 10.1466935776337 ], [ 125.661784613959995, 10.1424468622729 ], [ 125.663887604175997, 10.141473923196401 ], [ 125.662506603428, 10.1404470018925 ], [ 125.660006573128001, 10.1321126048179 ], [ 125.651395593206999, 10.1321126410744 ] ] ] } },
{ "type": "Feature", "properties": { "tenement_no": "MPSA No. 080-97-XI", "tenement_name": "Helix Mining and Development Corporation (formerly Holcim Mining and Development Corporation)", "tenement_type": "MPSA", "commodity": "Limestone", "operation_status": "With commercial operation", "province": "Davao del Sur", "municipality": "Davao City", "permit_ha": 671.5, "date_approved": "1997-11-18", "date_expiration": "2022-11-18" }, "geometry": { "type": "Polygon", "coordinates": [ [ [ 125.643051845914002, 7.20315902374794 ], [ 125.634717865103994, 7.20315904870228 ], [ 125.634717902833998, 7.21565812715591 ], [ 125.630551913600996, 7.21565813963269 ], [ 125.630551938753996, 7.2239905230784 ], [ 125.626384947899993, 7.22399053733736 ], [ 125.626385049410004, 7.25732107848753 ], [ 125.634718030393998, 7.25732105264507 ], [ 125.634717954037001, 7.23232289640888 ], [ 125.640828939589994, 7.23232287858555 ], [ 125.640967913457004, 7.22399049277814 ], [ 125.643051908795996, 7.22399048653984 ], [ 125.643051845914002, 7.20315902374794 ] ] ] } },
{ "type": "Feature", "properties": { "tenement_no": "MPSA No. 084A-97-XIII Amended", "tenement_name": "Pacific Cement Philippines, Inc./ Jose L. Cortes, Jr.", "tenement_type": "MPSA", "commodity": "Limestone", "operation_status": "Under care and maintenance", "province": "Surigao City", "municipality": "Quezon and Mapawa", "permit_ha": 683.2, "date_approved": "1997-11-19", "date_expiration": "2047-11-19" }, "geometry": { "type": "Polygon", "coordinates": [ [ [ 125.501394217159003, 9.723809360588881 ], [ 125.509727198142997, 9.723809327828709 ], [ 125.509727266414998, 9.74047513675357 ], [ 125.518061247225006, 9.74047410264683 ], [ 125.518061212191, 9.73214169785442 ], [ 125.526394194074001, 9.73214166420968 ], [ 125.526394158141002, 9.72380925876678 ], [ 125.518061178055007, 9.723809293297739 ], [ 125.518061092715001, 9.703254761853801 ], [ 125.501394131818998, 9.70325483003451 ], [ 125.501394217159003, 9.723809360588881 ] ] ] } },
{ "type": "Feature", "properties": { "tenement_no": "MPSA No. 084B-97-XIII Amended", "tenement_name": "Pacific Cement Philippines, Inc. & Inocencio R. Cortes", "tenement_type": "MPSA", "commodity": "Silica", "operation_status": "Under care and maintenance", "province": "Surigao City", "municipality": "Trinidad", "permit_ha": 436.4, "date_approved": "1997-11-19", "date_expiration": "2047-11-19" }, "geometry": { "type": "Polygon", "coordinates": [ [ [ 125.518061092715001, 9.703254761853801 ], [ 125.518061005578005, 9.682145271337189 ], [ 125.501394044682002, 9.68214533863666 ], [ 125.501394131818998, 9.70325483003451 ], [ 125.518061092715001, 9.703254761853801 ] ] ] } },
{ "type": "Feature", "properties": { "tenement_no": "MPSA No. 086-97-IX", "tenement_name": "TVI Resource Development Philippines, Inc.", "tenement_type": "MPSA", "commodity": "Gold and silver", "operation_status": "With commercial operation", "province": "Zamboanga del Norte; Zamboanga Sibugay", "municipality": "Bayog, Zamboanga del Sur; Godod; Kabasalan", "permit_ha": 5049.3, "date_approved": "1997-11-19", "date_expiration": "2047-11-19" }, "geometry": { "type": "Polygon", "coordinates": [ [ [ 122.901392034813995, 7.92394818419048 ], [ 122.968058954030994, 7.92394796175596 ], [ 122.968058731249002, 7.85728576839593 ], [ 122.959724742354993, 7.85728579687213 ], [ 122.959724768406005, 7.86561919533292 ], [ 122.901391839880006, 7.86561938843338 ], [ 122.901391867727995, 7.87395178833265 ], [ 122.893058877759998, 7.87395181591784 ], [ 122.893058932556997, 7.89061761479832 ], [ 122.901391923423006, 7.89061758543459 ], [ 122.901392034813995, 7.92394818419048 ] ] ] } },
{ "type": "Feature", "properties": { "tenement_no": "MPSA No. 087-97-IV", "tenement_name": "Rapid City Realty and Development Corporation", "tenement_type": "MPSA", "commodity": "Silica", "operation_status": "With commercial operation", "province": "Rizal", "municipality": "Singalong, San Jose, and Antipolo", "permit_ha": 40.2, "date_approved": "1997-11-19", "date_expiration": "2047-11-19" }, "geometry": { "type": "Polygon", "coordinates": [ [ [ 121.243897936653994, 14.59197327611 ], [ 121.240186938723994, 14.5919732995822 ], [ 121.240186962080003, 14.595587068769801 ], [ 121.243897960010997, 14.595587046167299 ], [ 121.243897971688995, 14.597394929519799 ], [ 121.247611969993002, 14.5973949077868 ], [ 121.247611934958002, 14.5919732535072 ], [ 121.243897936653994, 14.59197327611 ] ] ] } },
{ "type": "Feature", "properties": { "tenement_no": "MPSA No. 089-97-III", "tenement_name": "Rockmix, Inc.", "tenement_type": "MPSA", "commodity": "Sand and Gravel", "operation_status": "No activity due to expiration of the mining tenement but with application for renewal", "province": "Bataan", "municipality": "Balanga", "permit_ha": 20.6, "date_approved": "1997-11-19", "date_expiration": "2022-11-19" }, "geometry": { "type": "MultiPolygon", "coordinates": [ [ [ [ 120.523282365846995, 14.6362723636298 ], [ 120.520357284195001, 14.6346559169902 ], [ 120.518048949884999, 14.635550351040701 ], [ 120.520104569240999, 14.6355531106468 ], [ 120.523282365846995, 14.6362723636298 ] ] ], [ [ [ 120.528648970524003, 14.638958343354901 ], [ 120.529404616272998, 14.6391499403976 ], [ 120.528757354060005, 14.638361163500001 ], [ 120.529899032835999, 14.637886164811 ], [ 120.526918447876, 14.6375140127605 ], [ 120.527493417269, 14.6391721915827 ], [ 120.528648970524003, 14.638958343354901 ] ] ], [ [ [ 120.524998961912999, 14.6388305638069 ], [ 120.523854561242004, 14.6385055381092 ], [ 120.522715522614007, 14.639388875645301 ], [ 120.523326703096004, 14.641116556278099 ], [ 120.524998961912999, 14.6388305638069 ] ] ], [ [ [ 120.526179491926996, 14.6418747842188 ], [ 120.527493417269, 14.6391721915827 ], [ 120.526979552179995, 14.6389083557084 ], [ 120.524693457460998, 14.6401332848734 ], [ 120.523673802239998, 14.6423414800635 ], [ 120.526179491926996, 14.6418747842188 ] ] ], [ [ [ 120.521779355019007, 14.6446940200775 ], [ 120.523371067295002, 14.6439413573894 ], [ 120.523673802239998, 14.6423414800635 ], [ 120.522557242155997, 14.642452547482501 ], [ 120.521779355019007, 14.6446940200775 ] ] ] ] } },
{ "type": "Feature", "properties": { "tenement_no": "MPSA No. 090-97-XI", "tenement_name": "TMC-Tribal Mining Corporation", "tenement_type": "MPSA", "commodity": "Gold and Silver", "operation_status": "No activity due to expiration of the mining tenement but with application for renewal", "province": "South Cotabato", "municipality": "T'boli", "permit_ha": 4553.1, "date_approved": "1997-11-19", "date_expiration": "2022-11-19" }, "geometry": { "type": "MultiPolygon", "coordinates": [ [ [ [ 124.509718145760004, 6.47404912457608 ], [ 124.584718004639001, 6.4740489201737 ], [ 124.584717981283006, 6.46571653626995 ], [ 124.593051965686001, 6.46571651395494 ], [ 124.593051919871996, 6.44905074519365 ], [ 124.584717936366999, 6.44905076840204 ], [ 124.584717958824996, 6.45738315187616 ], [ 124.568051989669002, 6.45738319739959 ], [ 124.568051945652002, 6.44071843005441 ], [ 124.559717961249007, 6.4407184514779 ], [ 124.559717928010997, 6.42821937509033 ], [ 124.548606937553004, 6.4240527138176 ], [ 124.534717962775005, 6.42405275220259 ], [ 124.534717940316995, 6.41572036820475 ], [ 124.518051972956997, 6.41572041373193 ], [ 124.518051904686004, 6.39072226097763 ], [ 124.509717920282995, 6.39072228418868 ], [ 124.509718145760004, 6.47404912457608 ] ] ], [ [ [ 124.584717936366999, 6.44905076840204 ], [ 124.584717913909003, 6.44071838452949 ], [ 124.576384929330999, 6.4407184068456 ], [ 124.576384952688002, 6.44905079161043 ], [ 124.584717936366999, 6.44905076840204 ] ] ] ] } },
{ "type": "Feature", "properties": { "tenement_no": "MPSA No. 092-97-VI", "tenement_name": "United Paragon Mining Corporation", "tenement_type": "MPSA", "commodity": "Copper and Gold", "operation_status": "No exploration activity due to expired Exploration Period", "province": "Negros Occidental", "municipality": "Hinobaan", "permit_ha": 508.6, "date_approved": "1997-11-19", "date_expiration": "2022-11-19" }, "geometry": { "type": "Polygon", "coordinates": [ [ [ 122.580565808019003, 9.63771634401869 ], [ 122.580565897849993, 9.65965880111778 ], [ 122.583065894913005, 9.659658790490861 ], [ 122.583065903895999, 9.66188163474782 ], [ 122.586120900802001, 9.661881622349791 ], [ 122.586120879242998, 9.656603993674681 ], [ 122.594454869933998, 9.65660395913676 ], [ 122.594454891493001, 9.661881588698011 ], [ 122.597231888566, 9.66188157630001 ], [ 122.597231901141996, 9.66465838168682 ], [ 122.600287896975004, 9.66465836928889 ], [ 122.600287910450007, 9.6677141547781 ], [ 122.606120903355006, 9.667714130868029 ], [ 122.606120846761002, 9.653826106957681 ], [ 122.594731858265007, 9.653826153894171 ], [ 122.594731811553004, 9.64243795356686 ], [ 122.591676815545, 9.642437966851221 ], [ 122.591676806562006, 9.64049410313009 ], [ 122.588898809664997, 9.64049411552887 ], [ 122.588898798884998, 9.6377163103645 ], [ 122.586120801088995, 9.637716320992149 ], [ 122.586120787615002, 9.634383555187039 ], [ 122.583065790708005, 9.63438356847171 ], [ 122.583065804182993, 9.637716333391049 ], [ 122.580565808019003, 9.63771634401869 ] ] ] } },
{ "type": "Feature", "properties": { "tenement_no": "MPSA No. 094-97-XI", "tenement_name": "ACR Mining Corporation", "tenement_type": "MPSA", "commodity": "Copper", "operation_status": "With exploration activity", "province": "Davao de Oro (Compostela Valley)", "municipality": "Nabunturan (Capital)", "permit_ha": 1985.1, "date_approved": "1997-11-19", "date_expiration": "2027-11-19" }, "geometry": { "type": "MultiPolygon", "coordinates": [ [ [ [ 126.012217757536007, 7.46563852359619 ], [ 126.021106734596003, 7.46563849598447 ], [ 126.028051698991007, 7.45980490409042 ], [ 126.044162670098999, 7.46369356664943 ], [ 126.044162679981, 7.46674934116493 ], [ 126.080273588064998, 7.46674922893703 ], [ 126.080273552131999, 7.45563904866128 ], [ 126.074162568375996, 7.45563906736643 ], [ 126.071940566655996, 7.45313925824383 ], [ 126.073884555066996, 7.45119439539196 ], [ 126.071940554080001, 7.44925054557738 ], [ 126.073884543388999, 7.4473056841695 ], [ 126.071940541502997, 7.44536183314029 ], [ 126.073884530811995, 7.44369494891564 ], [ 126.071940529825, 7.44175109880376 ], [ 126.073884519133998, 7.43980623619947 ], [ 126.071940519045, 7.43786238489082 ], [ 126.073884508353999, 7.43591752375765 ], [ 126.071940506469005, 7.43397367215221 ], [ 126.073884494880005, 7.43202980926947 ], [ 126.071940494790994, 7.43008495971573 ], [ 126.073884483201994, 7.42814109654996 ], [ 126.071940482214004, 7.42619624670912 ], [ 126.073800471857993, 7.4243323774748 ], [ 126.064190465628002, 7.41478111424018 ], [ 126.062273476083007, 7.41669697805042 ], [ 126.064190477305999, 7.41861383121263 ], [ 126.056526521121, 7.42632928473723 ], [ 126.058328521817998, 7.42814114554266 ], [ 126.056251534235997, 7.43001701336666 ], [ 126.058055536379996, 7.43230683909007 ], [ 126.050828553985994, 7.4320298823125 ], [ 126.028051681923003, 7.45480527282764 ], [ 126.027217681520995, 7.45369435724085 ], [ 126.023328703077993, 7.45758308211157 ], [ 126.021384702988996, 7.45563923214973 ], [ 126.011662757691994, 7.46536054576323 ], [ 126.012217757536007, 7.46563852359619 ] ] ], [ [ [ 126.011662757691994, 7.46536054576323 ], [ 126.009995755816007, 7.46341569446469 ], [ 126.008051764710004, 7.46536055734237 ], [ 126.011384758755995, 7.4656385262683 ], [ 126.011662757691994, 7.46536054576323 ] ] ] ] } },
{ "type": "Feature", "properties": { "tenement_no": "MPSA No. 095-97-V", "tenement_name": "Filminera Resources Corporation", "tenement_type": "MPSA", "commodity": "Gold and Silver", "operation_status": "With commercial operation", "province": "Masbate", "municipality": "Bangon, Syndicate, Panique and Aroroy", "permit_ha": 293.4, "date_approved": "1997-11-19", "date_expiration": "2047-11-19" }, "geometry": { "type": "MultiPolygon", "coordinates": [ [ [ [ 123.398520278085996, 12.471534194542199 ], [ 123.395306273985, 12.4698463252198 ], [ 123.396617258242003, 12.4673644861972 ], [ 123.394167255119996, 12.466115582847699 ], [ 123.395439239918005, 12.463708739056999 ], [ 123.397994243520003, 12.465011637603 ], [ 123.398268229682003, 12.4622858188983 ], [ 123.400647226371007, 12.4625157915846 ], [ 123.401724215667002, 12.4607009085617 ], [ 123.406552222838997, 12.4634166997372 ], [ 123.405140237401, 12.4657975470074 ], [ 123.403330234511998, 12.464759626331601 ], [ 123.406975249387997, 12.468274369824501 ], [ 123.404551265069998, 12.470694219263899 ], [ 123.406517272984999, 12.4725970814613 ], [ 123.401742305940004, 12.4774917753941 ], [ 123.403648313581002, 12.4793356418292 ], [ 123.407515286893002, 12.4754658826125 ], [ 123.405616278924995, 12.473628016129 ], [ 123.409744273911997, 12.4736279942013 ], [ 123.409744183181999, 12.4569621190091 ], [ 123.400250197066001, 12.456962168130501 ], [ 123.397956191782995, 12.4554442824764 ], [ 123.397055201315993, 12.4569621847966 ], [ 123.393078206840002, 12.456962205848599 ], [ 123.393078319129003, 12.477529818637199 ], [ 123.393436315735997, 12.4770218513282 ], [ 123.394196316518006, 12.477541812072401 ], [ 123.393942313379995, 12.476978851520199 ], [ 123.396464304793994, 12.4758779119128 ], [ 123.396705307513002, 12.476411875250101 ], [ 123.396747300159006, 12.47490697592 ], [ 123.399099295287002, 12.47488696473 ], [ 123.399455301228002, 12.475953891861201 ], [ 123.403103275155004, 12.472139129042599 ], [ 123.401615268886999, 12.470699234641501 ], [ 123.399748282266003, 12.472662112477501 ], [ 123.398520278085996, 12.471534194542199 ] ], [ [ 123.399307222936002, 12.4615198654589 ], [ 123.396809232709998, 12.462770795234301 ], [ 123.395536222933998, 12.460315966269899 ], [ 123.398034211364006, 12.4590650378082 ], [ 123.399307222936002, 12.4615198654589 ] ] ], [ [ [ 123.398325270906, 12.470111291036201 ], [ 123.399573262600995, 12.468799373191301 ], [ 123.4011722674, 12.4701892716387 ], [ 123.399261259735994, 12.4683394063115 ], [ 123.398325270906, 12.470111291036201 ] ] ], [ [ [ 123.395771320129001, 12.478615730984499 ], [ 123.395704319283993, 12.478567735512099 ], [ 123.395138325857005, 12.4793696843868 ], [ 123.395771320129001, 12.478615730984499 ] ] ], [ [ [ 123.391730353027995, 12.483577418087201 ], [ 123.393075355587001, 12.484340359332499 ], [ 123.392697371465005, 12.487251165427001 ], [ 123.394590374195005, 12.488323082942401 ], [ 123.393078387401005, 12.4902939583194 ], [ 123.394690374652996, 12.4883800796374 ], [ 123.394298386694004, 12.490293951303 ], [ 123.396749382454004, 12.490293939901299 ], [ 123.396749377963005, 12.489517991913401 ], [ 123.39510437493, 12.4885050686987 ], [ 123.397479346268, 12.483733377297799 ], [ 123.395089341623006, 12.482378481313599 ], [ 123.396747319922, 12.478723718791301 ], [ 123.392389343646002, 12.4818365312835 ], [ 123.391730353027995, 12.483577418087201 ] ] ] ] } },
{ "type": "Feature", "properties": { "tenement_no": "MPSA No. 096-97-VI", "tenement_name": "Philex Gold Philippines, Inc.", "tenement_type": "MPSA", "commodity": "Gold", "operation_status": "No activity due to expiration of the mining tenement but with application for renewal", "province": "Negros Occidental", "municipality": "Hinobaan", "permit_ha": 2381.4, "date_approved": "1997-12-04", "date_expiration": "2022-12-04" }, "geometry": { "type": "MultiPolygon", "coordinates": [ [ [ [ 122.468075614156007, 9.61531171527947 ], [ 122.468075580019999, 9.60697829386662 ], [ 122.459741586633996, 9.606978327523869 ], [ 122.459741620770004, 9.615311748050191 ], [ 122.468075614156007, 9.61531171527947 ] ] ], [ [ [ 122.459741690838996, 9.631976591317191 ], [ 122.459741724975004, 9.640310012649881 ], [ 122.476408711922005, 9.6403099444564 ], [ 122.476408677785997, 9.63197652223635 ], [ 122.459741690838996, 9.631976591317191 ] ] ], [ [ [ 122.484741705483003, 9.640309910802451 ], [ 122.476408711922005, 9.6403099444564 ], [ 122.476408746955997, 9.648642366409501 ], [ 122.484741740516995, 9.648642331870761 ], [ 122.484741705483003, 9.640309910802451 ] ] ], [ [ [ 122.493075733902998, 9.6486422982177 ], [ 122.493075768039006, 9.656974718734141 ], [ 122.501408761600004, 9.6569746850819 ], [ 122.501408727463996, 9.64864226367896 ], [ 122.493075733902998, 9.6486422982177 ] ] ], [ [ [ 122.518075887785997, 9.690306302450651 ], [ 122.518075818615998, 9.673640459730899 ], [ 122.534741805737994, 9.67364039154416 ], [ 122.534741735669002, 9.65697454870166 ], [ 122.501408761600004, 9.6569746850819 ], [ 122.501408797533003, 9.66530810643301 ], [ 122.493075803972005, 9.665308140969991 ], [ 122.493075942312004, 9.698638828045119 ], [ 122.509741929434, 9.698638758977969 ], [ 122.509741895298006, 9.690306336985071 ], [ 122.518075887785997, 9.690306302450651 ] ] ], [ [ [ 122.551408792684995, 9.67364032335743 ], [ 122.543075799123997, 9.673640357008029 ], [ 122.543075868293997, 9.69030620061837 ], [ 122.551408861854995, 9.690306166083939 ], [ 122.551408792684995, 9.67364032335743 ] ] ], [ [ [ 122.526408916381001, 9.69863868991086 ], [ 122.543075904226995, 9.6986386217292 ], [ 122.543075868293997, 9.69030620061837 ], [ 122.518075887785997, 9.690306302450651 ], [ 122.518075957855004, 9.70697114653774 ], [ 122.526408951416002, 9.706971112005 ], [ 122.526408916381001, 9.69863868991086 ] ] ] ] } },
{ "type": "Feature", "properties": { "tenement_no": "MPSA No. 100-1997-VII", "tenement_name": "Eagle Cement Corporation", "tenement_type": "MPSA", "commodity": "Limestone", "operation_status": "No activity due to expiration of the mining tenement but with application for renewal", "province": "Cebu", "municipality": "Ginatilan", "permit_ha": 511.9, "date_approved": "1997-12-28", "date_expiration": "2022-12-28" }, "geometry": { "type": "Polygon", "coordinates": [ [ [ 123.318064672906999, 9.58216127942133 ], [ 123.318064774416996, 9.607159511528099 ], [ 123.334730751657005, 9.60715944421365 ], [ 123.334730649248996, 9.582161211216119 ], [ 123.318064672906999, 9.58216127942133 ] ] ] } },
{ "type": "Feature", "properties": { "tenement_no": "MPSA No. 101-1997-VII", "tenement_name": "Eagle Cement Corporation", "tenement_type": "MPSA", "commodity": "Limestone", "operation_status": "No activity due to expiration of the mining tenement but with application for renewal", "province": "Cebu", "municipality": "Ginatilan", "permit_ha": 671.2, "date_approved": "1997-12-28", "date_expiration": "2022-12-28" }, "geometry": { "type": "Polygon", "coordinates": [ [ [ 123.334730581876002, 9.565496388838699 ], [ 123.334730615113003, 9.573828800352789 ], [ 123.313958644422996, 9.57382888450414 ], [ 123.315764709996998, 9.590494699212609 ], [ 123.318064740281002, 9.59882710021769 ], [ 123.318064672906999, 9.58216127942133 ], [ 123.334730649248996, 9.582161211216119 ], [ 123.334730751657005, 9.60715944421365 ], [ 123.343064740551995, 9.60715941055641 ], [ 123.343064570769997, 9.565496355177361 ], [ 123.334730581876002, 9.565496388838699 ] ] ] } },
{ "type": "Feature", "properties": { "tenement_no": "MPSA No. 102-97-IV", "tenement_name": "Teresa Marble Corporation", "tenement_type": "MPSA", "commodity": "Marbleized Limestone", "operation_status": "With commercial operation", "province": "Rizal", "municipality": "City of Antipolo", "permit_ha": 56.2, "date_approved": "1997-12-28", "date_expiration": "2047-12-28" }, "geometry": { "type": "Polygon", "coordinates": [ [ [ 121.211587033376006, 14.6043336851801 ], [ 121.210562054739, 14.607667479695101 ], [ 121.211259056668993, 14.608028452149499 ], [ 121.209804074268007, 14.610514302898901 ], [ 121.210220102940994, 14.615169004643199 ], [ 121.214804101631003, 14.615168976827199 ], [ 121.214804030663998, 14.604336665978201 ], [ 121.211587033376006, 14.6043336851801 ] ] ] } },
{ "type": "Feature", "properties": { "tenement_no": "MPSA No. 106-98-I", "tenement_name": "Northern Cement Corporation", "tenement_type": "MPSA", "commodity": "Limestone", "operation_status": "With commercial operation", "province": "Pangasinan", "municipality": "Sison", "permit_ha": 632.7, "date_approved": "1998-03-11", "date_expiration": "2048-03-11" }, "geometry": { "type": "Polygon", "coordinates": [ [ [ 120.558222959559004, 16.169026222322302 ], [ 120.562445987320004, 16.173124942347101 ], [ 120.555819035518994, 16.179500598659299 ], [ 120.560042065076999, 16.183599319604902 ], [ 120.566668017053004, 16.177222663690198 ], [ 120.575115075095994, 16.185414106287599 ], [ 120.588365979222999, 16.1726657969539 ], [ 120.584142949664994, 16.1685680751362 ], [ 120.586962930224999, 16.165853221676599 ], [ 120.578517872730998, 16.157656780727699 ], [ 120.575697893069005, 16.1603716328584 ], [ 120.571474863511, 16.1562739124345 ], [ 120.558222959559004, 16.169026222322302 ] ] ] } },
{ "type": "Feature", "properties": { "tenement_no": "MPSA No. 107-98-VI", "tenement_name": "Teresa Marble Corporation", "tenement_type": "MPSA", "commodity": "Copper and Gold", "operation_status": "With exploration activity", "province": "Capiz", "municipality": "Ma-ayon", "permit_ha": 4935.2, "date_approved": "1998-03-12", "date_expiration": "2043-03-12" }, "geometry": { "type": "MultiPolygon", "coordinates": [ [ [ [ 122.897238950778998, 11.307042940010399 ], [ 122.909738935194, 11.307042880991499 ], [ 122.909738975617998, 11.315376307888499 ], [ 122.951405926004995, 11.315376110577199 ], [ 122.951405884682998, 11.3070426819127 ], [ 122.959738874650995, 11.307042643154 ], [ 122.959738996821997, 11.3320409260043 ], [ 122.968072987512997, 11.332040887249001 ], [ 122.968072946190006, 11.323708458168101 ], [ 122.976405935260004, 11.323708418530799 ], [ 122.976405894834997, 11.315375991662 ], [ 122.968072904867995, 11.3153760304195 ], [ 122.968072823121005, 11.2987101754489 ], [ 122.959738834226997, 11.298710215089701 ], [ 122.959738794700996, 11.2903777871669 ], [ 122.943072813867005, 11.2903778664506 ], [ 122.943072774341005, 11.282044437214701 ], [ 122.918072803713997, 11.2820445561438 ], [ 122.918072823477004, 11.2862112710443 ], [ 122.922238819895995, 11.2862112516635 ], [ 122.922238838761004, 11.2903779651148 ], [ 122.918072844137996, 11.290377984495301 ], [ 122.918072864799996, 11.2945436983933 ], [ 122.905572879486002, 11.2945437574148 ], [ 122.905572919910995, 11.302877185692401 ], [ 122.897238931016005, 11.302877225332599 ], [ 122.897238869931002, 11.290378084040499 ], [ 122.893072874409995, 11.290378103421 ], [ 122.893072855545995, 11.286211389090701 ], [ 122.888905859302, 11.286211409352401 ], [ 122.88890583864, 11.2820446953349 ], [ 122.880572849570996, 11.2820447340969 ], [ 122.880572829808003, 11.277879020316099 ], [ 122.876405834463, 11.2778790396974 ], [ 122.876405813801, 11.2737123255106 ], [ 122.868072822935005, 11.273712366035801 ], [ 122.868072946004006, 11.298710650256799 ], [ 122.876405935972002, 11.298710610616 ], [ 122.876406016820994, 11.315376467323 ], [ 122.897238992102004, 11.315376366905699 ], [ 122.897238950778998, 11.307042940010399 ] ] ], [ [ [ 123.001405822343003, 11.3070424449561 ], [ 122.997238827895998, 11.307042464335501 ], [ 122.997238868319997, 11.3153758930063 ], [ 123.001405863664999, 11.315375872746699 ], [ 123.001405822343003, 11.3070424449561 ] ] ], [ [ [ 123.001405904090007, 11.323708299619099 ], [ 122.997238909641993, 11.3237083207589 ], [ 122.997238949167993, 11.3320407480821 ], [ 123.001405944514005, 11.332040727823699 ], [ 123.001405904090007, 11.323708299619099 ] ] ], [ [ [ 122.926406077549998, 11.3403745135665 ], [ 122.934739068415993, 11.340374473050799 ], [ 122.934739027093002, 11.3320410457934 ], [ 122.926406037125005, 11.3320410863103 ], [ 122.926406077549998, 11.3403745135665 ] ] ], [ [ [ 122.943073098632993, 11.348706861914801 ], [ 122.947239093255007, 11.348706842538199 ], [ 122.947239053729007, 11.340374414038701 ], [ 122.951406047277999, 11.340374393780801 ], [ 122.951406007751999, 11.3320409665212 ], [ 122.943073017784002, 11.332041006157301 ], [ 122.943073098632993, 11.348706861914801 ] ] ], [ [ [ 122.959739118992005, 11.357039211028599 ], [ 122.951406129923001, 11.357039249780501 ], [ 122.951406169449001, 11.3653726783254 ], [ 122.934739190586996, 11.3653727593498 ], [ 122.934739232807004, 11.3737051868875 ], [ 122.951406211670005, 11.3737051076269 ], [ 122.951406252094003, 11.3820375362371 ], [ 122.934739273231997, 11.382037615495401 ], [ 122.934739313655996, 11.390371044489299 ], [ 122.993073241109002, 11.390370765331999 ], [ 122.993073159361998, 11.373704908594499 ], [ 122.984739169568996, 11.3737049482249 ], [ 122.984739128247, 11.3653725206802 ], [ 122.959739160314996, 11.3653726395746 ], [ 122.959739118992005, 11.357039211028599 ] ], [ [ 122.968073190531996, 11.373705027485499 ], [ 122.980573174946997, 11.3737049675997 ], [ 122.980573195608002, 11.3778716822207 ], [ 122.984739190230002, 11.3778716619655 ], [ 122.984739210892002, 11.382037376839699 ], [ 122.976406220026007, 11.382037416468901 ], [ 122.976406240686998, 11.386204129777299 ], [ 122.968073251841005, 11.386204170286501 ], [ 122.968073190531996, 11.373705027485499 ] ] ] ] } },
{ "type": "Feature", "properties": { "tenement_no": "MPSA No. 108-98B-IV", "tenement_name": "Golden Ore Incorporated", "tenement_type": "MPSA", "commodity": "Gold, precious and base metals/ rock aggregate materials", "operation_status": "No activity due to expiration of the mining tenement but with application for renewal", "province": "Rizal", "municipality": "City of Antipolo", "permit_ha": 119.9, "date_approved": "1998-04-06", "date_expiration": "2023-04-06" }, "geometry": { "type": "Polygon", "coordinates": [ [ [ 121.143080243184997, 14.6318153562449 ], [ 121.143093350502994, 14.648498294440101 ], [ 121.151426347656994, 14.6484982440314 ], [ 121.151426293758007, 14.640165773664901 ], [ 121.147259294820003, 14.6401657997394 ], [ 121.147259258887004, 14.634610152534499 ], [ 121.145870255049005, 14.6340551957116 ], [ 121.145315241730003, 14.631832340931 ], [ 121.143080243184997, 14.6318153562449 ] ] ] } },
{ "type": "Feature", "properties": { "tenement_no": "MPSA No. 109-98-XIII", "tenement_name": "Consolidated Ores Phils. Inc.", "tenement_type": "MPSA", "commodity": "Gold", "operation_status": "No activity due to expiration of the mining tenement but with application for renewal", "province": "Surigao del Sur", "municipality": "San Miguel", "permit_ha": 2037.3, "date_approved": "1998-05-06", "date_expiration": "2023-05-06" }, "geometry": { "type": "Polygon", "coordinates": [ [ [ 125.887462945048995, 8.966528018322521 ], [ 125.887462923490006, 8.9609734162759 ], [ 125.870795960796997, 8.96097347839047 ], [ 125.870795950018007, 8.9581956774401 ], [ 125.912462857286002, 8.95819551949041 ], [ 125.912462824946005, 8.949863116254379 ], [ 125.915239819323006, 8.949863105605861 ], [ 125.915239787882001, 8.941529702220089 ], [ 125.904128812696001, 8.941529743927839 ], [ 125.904128769576005, 8.93041953990911 ], [ 125.906906762879998, 8.93041952926003 ], [ 125.906906752099999, 8.927642728689239 ], [ 125.909733745807998, 8.92764271715262 ], [ 125.909733736825004, 8.924864916595791 ], [ 125.881906798542005, 8.92486502131359 ], [ 125.881906839864001, 8.93597522602755 ], [ 125.879128846561002, 8.935975236676461 ], [ 125.879128878900005, 8.944307639316181 ], [ 125.862462915134003, 8.944307702321 ], [ 125.862462925914002, 8.94708550374615 ], [ 125.856906938408002, 8.9470855250434 ], [ 125.856906991409005, 8.96097353074418 ], [ 125.862462978913996, 8.96097350944776 ], [ 125.862463043592996, 8.977639317065201 ], [ 125.870796023679006, 8.97763928512205 ], [ 125.870796013798, 8.974861484791861 ], [ 125.873574008, 8.974861474144079 ], [ 125.873573997220007, 8.972083672065279 ], [ 125.884684972407001, 8.97208363036105 ], [ 125.884684950847003, 8.96652802808323 ], [ 125.887462945048995, 8.966528018322521 ] ] ] } },
{ "type": "Feature", "properties": { "tenement_no": "MPSA No. 111-1998-VII Amended I", "tenement_name": "Quarry Venture Phils., Inc.", "tenement_type": "MPSA", "commodity": "Marbleized Limestone", "operation_status": "With commercial operation", "province": "Cebu", "municipality": "Naga and Pinamungahan", "permit_ha": 2131.3, "date_approved": "1998-05-25", "date_expiration": "1948-05-25" }, "geometry": { "type": "MultiPolygon", "coordinates": [ [ [ [ 123.593067102237995, 10.248780208156001 ], [ 123.601400089511003, 10.2487801727967 ], [ 123.601400126342, 10.257112588181901 ], [ 123.618067101609995, 10.2571125165812 ], [ 123.618066992015997, 10.2321142685123 ], [ 123.593067030373007, 10.2321143772478 ], [ 123.593067102237995, 10.248780208156001 ] ] ], [ [ [ 123.659733036901002, 10.2571123362536 ], [ 123.659733000968998, 10.248779921745699 ], [ 123.651400014594003, 10.248779957105 ], [ 123.651400051425, 10.2571123724959 ], [ 123.659733036901002, 10.2571123362536 ] ] ], [ [ [ 123.684732998545002, 10.2571122275266 ], [ 123.668067024896999, 10.2571123000113 ], [ 123.668067062627003, 10.2654457159625 ], [ 123.676400038221004, 10.265445680605101 ], [ 123.676400075950994, 10.2737780965551 ], [ 123.668067098559007, 10.273778132795499 ], [ 123.668067135390004, 10.282110547428401 ], [ 123.693067096134996, 10.282110438709999 ], [ 123.693067132965993, 10.290443855029499 ], [ 123.701400120239001, 10.290443819674801 ], [ 123.701400047476, 10.273777987833901 ], [ 123.693067059303999, 10.273778024958199 ], [ 123.693067023371995, 10.265445608122301 ], [ 123.684733035375999, 10.2654456443637 ], [ 123.684732998545002, 10.2571122275266 ] ] ], [ [ [ 123.734733068257, 10.2904436756048 ], [ 123.734733105087997, 10.2987760914424 ], [ 123.743067092185996, 10.298776055204801 ], [ 123.743067019422, 10.2821102230411 ], [ 123.734733031426003, 10.2821102601644 ], [ 123.734733068257, 10.2904436756048 ] ] ], [ [ [ 123.713900137891997, 10.298776181594301 ], [ 123.718067131441003, 10.2987761639175 ], [ 123.718067094610007, 10.2904437471979 ], [ 123.709733105715003, 10.290443783436301 ], [ 123.709733143445007, 10.298776200155 ], [ 123.713900137891997, 10.298776181594301 ] ] ], [ [ [ 123.668067282714006, 10.315442211168 ], [ 123.668067318645996, 10.323774628723401 ], [ 123.676400306817996, 10.323774591605 ], [ 123.676400233156002, 10.307108759056501 ], [ 123.668067244984996, 10.3071087952931 ], [ 123.668067209051998, 10.298776379574999 ], [ 123.659733221056001, 10.298776415812601 ], [ 123.659733295615993, 10.3154422482874 ], [ 123.668067282714006, 10.315442211168 ] ] ] ] } },
{ "type": "Feature", "properties": { "tenement_no": "MPSA No. 113-98-VI", "tenement_name": "United Paragon Mining Corporation", "tenement_type": "MPSA", "commodity": "Copper and Gold", "operation_status": "No activity due to expiration of the mining tenement but with application for renewal", "province": "Negros Occidental", "municipality": "Sipalay", "permit_ha": 809.5, "date_approved": "1998-05-25", "date_expiration": "2023-05-25" }, "geometry": { "type": "Polygon", "coordinates": [ [ [ 122.518036661053003, 9.765664072659019 ], [ 122.534702643683005, 9.76566400360573 ], [ 122.534702573614993, 9.74899817362056 ], [ 122.551369556967998, 9.74899810544918 ], [ 122.551369491391, 9.733305206489421 ], [ 122.550813491723005, 9.733305209145589 ], [ 122.550813505196999, 9.7364989842157 ], [ 122.545258510330001, 9.736499007235469 ], [ 122.545258497752997, 9.733305231280211 ], [ 122.541091502407994, 9.73330524898787 ], [ 122.541091514984004, 9.736499024943001 ], [ 122.535675521830996, 9.73649904619201 ], [ 122.535675531712002, 9.738998870879289 ], [ 122.527480539142005, 9.73899890363799 ], [ 122.527480514887003, 9.7331663144451 ], [ 122.529980512847999, 9.73316630470587 ], [ 122.529980509254997, 9.73233236333007 ], [ 122.526369512680006, 9.73233237749627 ], [ 122.526369547713998, 9.74066579215873 ], [ 122.518036555950005, 9.74066582580258 ], [ 122.518036661053003, 9.765664072659019 ] ] ] } },
{ "type": "Feature", "properties": { "tenement_no": "MPSA No. 114-98-IV Amended I", "tenement_name": "Rio Tuba Nickel Mining Corporation", "tenement_type": "MPSA", "commodity": "Nickel", "operation_status": "With commercial operation", "province": "Palawan", "municipality": "Bataraza", "permit_ha": 4537.0, "date_approved": "1998-06-03", "date_expiration": "2046-10-07" }, "geometry": { "type": "Polygon", "coordinates": [ [ [ 117.415211253281996, 8.553000590246761 ], [ 117.401586932068, 8.55300063999298 ], [ 117.401586913203005, 8.547575459317519 ], [ 117.387962758176997, 8.547575508176079 ], [ 117.366164093964997, 8.54757558812646 ], [ 117.366164104744996, 8.55028817745746 ], [ 117.360712431406995, 8.55028819611239 ], [ 117.360712440390003, 8.553000786566569 ], [ 117.357986605068007, 8.55300079722646 ], [ 117.357986743409, 8.590975671508939 ], [ 117.386595207903994, 8.61797286836927 ], [ 117.393409659664002, 8.617972842612289 ], [ 117.393409601274001, 8.601825347938689 ], [ 117.396135437493996, 8.60182533816838 ], [ 117.396135427611995, 8.59911274722209 ], [ 117.398861263832003, 8.59911273833994 ], [ 117.398861254848995, 8.59640042552804 ], [ 117.407033762588, 8.596400396216669 ], [ 117.407033743724, 8.59097549297347 ], [ 117.428841824076002, 8.590975414808691 ], [ 117.428841794432003, 8.582837922008091 ], [ 117.431567629753005, 8.582837911349049 ], [ 117.431567609989997, 8.57741300961384 ], [ 117.434293447108999, 8.57741299984289 ], [ 117.434293427346006, 8.57198809702451 ], [ 117.437019262666993, 8.57198808636516 ], [ 117.437019233022994, 8.56385059453005 ], [ 117.434293397700998, 8.563850604301351 ], [ 117.434293387820006, 8.561138013855359 ], [ 117.437019223142002, 8.561138004084 ], [ 117.437019193496994, 8.553000512074179 ], [ 117.428841683938998, 8.553000541388901 ], [ 117.428841694718997, 8.55571313118509 ], [ 117.426115859397001, 8.555713141844899 ], [ 117.426115848617002, 8.55300055116048 ], [ 117.415211253281996, 8.553000590246761 ] ], [ [ 117.431567530939006, 8.555713121413589 ], [ 117.431567541717996, 8.55842557285537 ], [ 117.428841704600003, 8.5584255826268 ], [ 117.428841694718997, 8.55571313118509 ], [ 117.431567530939006, 8.555713121413589 ] ], [ [ 117.415211402401994, 8.55571318093091 ], [ 117.415211422165001, 8.561138083143231 ], [ 117.412486696263002, 8.56113809202628 ], [ 117.412486676499995, 8.55571319070242 ], [ 117.415211402401994, 8.55571318093091 ] ] ] } },
{ "type": "Feature", "properties": { "tenement_no": "MPSA No. 115-98-VIII Amended", "tenement_name": "Global Min-Met Resources, Inc.", "tenement_type": "MPSA", "commodity": "Limestone", "operation_status": "No activity due to expiration of the mining tenement but with application for renewal", "province": "Eastern Samar", "municipality": "Llorente", "permit_ha": 2910.7, "date_approved": "1998-06-03", "date_expiration": "2023-06-03" }, "geometry": { "type": "MultiPolygon", "coordinates": [ [ [ [ 124.434769118949006, 11.148807683143399 ], [ 124.426435806485998, 11.148807484836899 ], [ 124.426435602569001, 11.157140232341099 ], [ 124.418102289206999, 11.1571400340402 ], [ 124.418101882271003, 11.1738055283567 ], [ 124.434768508095004, 11.173805924935699 ], [ 124.434769118949006, 11.148807683143399 ] ] ], [ [ [ 125.509762254896998, 11.3154881692607 ], [ 125.534762185100007, 11.315488762956001 ], [ 125.534762388119006, 11.3071560176076 ], [ 125.543095699684002, 11.307156215805399 ], [ 125.543096105722, 11.290490725101099 ], [ 125.518096174620993, 11.290490132235 ], [ 125.518096377641001, 11.282157387236801 ], [ 125.501429757205997, 11.2821569916876 ], [ 125.501429960226005, 11.273824247179 ], [ 125.493096650458, 11.2738240489582 ], [ 125.493096447438006, 11.282156793472501 ], [ 125.484763135874005, 11.282156595257399 ], [ 125.484762323797, 11.315487575565401 ], [ 125.476429013130002, 11.3154873782542 ], [ 125.476428810111003, 11.3238201242636 ], [ 125.509762051877999, 11.323820915247101 ], [ 125.509762254896998, 11.3154881692607 ] ] ] ] } },
{ "type": "Feature", "properties": { "tenement_no": "MPSA No. 116-98-IV", "tenement_name": "Island Quarry and Aggregates Corporation", "tenement_type": "MPSA", "commodity": "Silica", "operation_status": "With commercial operation", "province": "Rizal", "municipality": "City of Antipolo", "permit_ha": 69.9, "date_approved": "1998-06-03", "date_expiration": "2023-06-03" }, "geometry": { "type": "Polygon", "coordinates": [ [ [ 121.215886077475005, 14.611518202429099 ], [ 121.215870083870001, 14.6124171448245 ], [ 121.221426080358995, 14.612417110923399 ], [ 121.222982074719994, 14.611750143246599 ], [ 121.221870071789994, 14.611222184481299 ], [ 121.223204052919002, 14.608278363699499 ], [ 121.225815047614006, 14.6078063780463 ], [ 121.226425991838994, 14.5989729372657 ], [ 121.228203990449998, 14.598972925964601 ], [ 121.228203971585003, 14.596079109859801 ], [ 121.226425965787996, 14.5950571864966 ], [ 121.224467991506998, 14.5989729476974 ], [ 121.222759036509999, 14.6057225302027 ], [ 121.219812037761997, 14.6057225475884 ], [ 121.219812074592994, 14.6115001791417 ], [ 121.215886077475005, 14.611518202429099 ] ] ] } },
{ "type": "Feature", "properties": { "tenement_no": "MPSA No. 118-98-IV", "tenement_name": "Supreme Elite Resources, Incorporated", "tenement_type": "MPSA", "commodity": "Silica", "operation_status": "With commercial operation", "province": "Rizal", "municipality": "City of Antipolo", "permit_ha": 54.7, "date_approved": "1998-06-03", "date_expiration": "2048-06-03" }, "geometry": { "type": "MultiPolygon", "coordinates": [ [ [ [ 121.227251474414999, 14.5901914199244 ], [ 121.227250933628994, 14.590168492643 ], [ 121.227236934283994, 14.5901914912109 ], [ 121.227251474414999, 14.5901914199244 ] ] ], [ [ [ 121.228203942839002, 14.591695389776101 ], [ 121.228204001229997, 14.600778810778101 ], [ 121.231898000341005, 14.6007787881761 ], [ 121.231897932069003, 14.590168464823901 ], [ 121.227251474414999, 14.5901914199244 ], [ 121.227286943495997, 14.591695394992101 ], [ 121.228203942839002, 14.591695389776101 ] ] ], [ [ [ 121.233732037655997, 14.606833391451 ], [ 121.233732032266005, 14.606139435568901 ], [ 121.226426036755001, 14.606139479902399 ], [ 121.226426042144993, 14.606833435784299 ], [ 121.233732037655997, 14.606833391451 ] ] ] ] } },
{ "type": "Feature", "properties": { "tenement_no": "MPSA No. 121-98-XIII", "tenement_name": "Basiana Mining Exploration Corporation", "tenement_type": "MPSA", "commodity": "Copper", "operation_status": "With exploration activity", "province": "Agusan del Norte", "municipality": "Santiago", "permit_ha": 1379.5, "date_approved": "1998-06-16", "date_expiration": "2043-06-16" }, "geometry": { "type": "Polygon", "coordinates": [ [ [ 125.584725007066993, 9.223844882928001 ], [ 125.584725038507997, 9.232177283788859 ], [ 125.568059078334997, 9.23217734762976 ], [ 125.568059176252007, 9.257175548857211 ], [ 125.609675078975002, 9.25717238718514 ], [ 125.609724980389004, 9.232177186254191 ], [ 125.593059019318005, 9.2321772500951 ], [ 125.593058986977994, 9.22384485100684 ], [ 125.584725007066993, 9.223844882928001 ] ] ] } },
{ "type": "Feature", "properties": { "tenement_no": "MPSA No. 124-98-IV-Amended A", "tenement_name": "Teresa Marble Corporation", "tenement_type": "MPSA", "commodity": "Marbleized Limestone", "operation_status": "With commercial operation", "province": "Rizal", "municipality": "City of Antipolo", "permit_ha": 11.0, "date_approved": "1998-06-16", "date_expiration": "2048-06-16" }, "geometry": { "type": "Polygon", "coordinates": [ [ [ 121.213503676171001, 14.5801299965014 ], [ 121.214625850725994, 14.576166352545499 ], [ 121.213689746013003, 14.575544177996401 ], [ 121.211736972078995, 14.579396714787499 ], [ 121.212355284284996, 14.581304929114699 ], [ 121.213503676171001, 14.5801299965014 ] ] ] } },
{ "type": "Feature", "properties": { "tenement_no": "MPSA No. 124-98-IV-Amended B", "tenement_name": "Caliza Mining and Quarrying Corporation", "tenement_type": "MPSA", "commodity": "Limestone", "operation_status": "With commercial operation", "province": "Rizal", "municipality": "Antipolo", "permit_ha": 46.7, "date_approved": "1998-06-16", "date_expiration": "2048-06-16" }, "geometry": { "type": "Polygon", "coordinates": [ [ [ 121.215700915830993, 14.586540684720299 ], [ 121.218581464400003, 14.578788380513901 ], [ 121.214625850725994, 14.576166352545499 ], [ 121.213503676171001, 14.5801299965014 ], [ 121.212355284284996, 14.581304929114699 ], [ 121.212881491328005, 14.5824548521725 ], [ 121.212370318490002, 14.5866184794852 ], [ 121.215700915830993, 14.586540684720299 ] ] ] } },
{ "type": "Feature", "properties": { "tenement_no": "MPSA No. 125-98-IV-Amended A", "tenement_name": "Teresa Marble Corporation", "tenement_type": "MPSA", "commodity": "Marbleized Limestone", "operation_status": "With commercial operation", "province": "Rizal", "municipality": "City of Antipolo", "permit_ha": 21.4, "date_approved": "1998-06-16", "date_expiration": "2048-06-16" }, "geometry": { "type": "Polygon", "coordinates": [ [ [ 121.206764812252004, 14.5696809237895 ], [ 121.204339834397004, 14.5728307376408 ], [ 121.206767837778003, 14.5735306775066 ], [ 121.206769851800999, 14.575969522440399 ], [ 121.208806856267998, 14.576571472665499 ], [ 121.209061825095006, 14.5718637701776 ], [ 121.206764812252004, 14.5696809237895 ] ] ] } },
{ "type": "Feature", "properties": { "tenement_no": "MPSA No. 125-98-IV-Amended B", "tenement_name": "Island Quarry and Aggregates Corporation", "tenement_type": "MPSA", "commodity": "Limestone", "operation_status": "With development/construction activity", "province": "Rizal", "municipality": "City of Antipolo", "permit_ha": 92.8, "date_approved": "1998-06-16", "date_expiration": "2048-06-16" }, "geometry": { "type": "MultiPolygon", "coordinates": [ [ [ [ 121.207081855563999, 14.576363495459301 ], [ 121.206767837778003, 14.5735306775066 ], [ 121.203936835787999, 14.573074724106 ], [ 121.202861872192997, 14.5785103845151 ], [ 121.203028881581005, 14.5801212809025 ], [ 121.204381891721994, 14.581719170015299 ], [ 121.207958868199, 14.5785463504231 ], [ 121.208806856267998, 14.576571472665499 ], [ 121.207081855563999, 14.576363495459301 ] ] ], [ [ [ 121.209547964581006, 14.5934873893417 ], [ 121.208225946316006, 14.5905235866119 ], [ 121.206003946392997, 14.590554597898 ], [ 121.204878955620003, 14.591845521394999 ], [ 121.205342969599997, 14.5940593779886 ], [ 121.204679022977004, 14.602206863655899 ], [ 121.209354012022999, 14.6007929256807 ], [ 121.208722986858007, 14.5968761789004 ], [ 121.209547964581006, 14.5934873893417 ] ] ] ] } },
{ "type": "Feature", "properties": { "tenement_no": "MPSA No. 128-98-II", "tenement_name": "Long Fong Corporation", "tenement_type": "MPSA", "commodity": "Limestone", "operation_status": "No activity due to expiration of the mining tenement but with application for renewal", "province": "Cagayan", "municipality": "Gonzaga and Sta. Teresita", "permit_ha": 2373.3, "date_approved": "1998-06-24", "date_expiration": "2023-06-24" }, "geometry": { "type": "MultiPolygon", "coordinates": [ [ [ [ 121.976452007993004, 18.206608607501099 ], [ 121.943118701548002, 18.206608860090299 ], [ 121.943118770718002, 18.214941707096902 ], [ 121.951452097553997, 18.214941643099301 ], [ 121.951452166723996, 18.223274491506899 ], [ 121.968118820396001, 18.223274365224398 ], [ 121.968118890465007, 18.231607212261601 ], [ 121.976452215503997, 18.231607149123398 ], [ 121.976452007993004, 18.206608607501099 ] ] ], [ [ [ 121.959785631900999, 18.2399401225498 ], [ 121.968118958736994, 18.239940058561402 ], [ 121.968118890465007, 18.231607212261601 ], [ 121.959785562731, 18.231607274546601 ], [ 121.959785631900999, 18.2399401225498 ] ] ], [ [ [ 121.968119096178995, 18.256605754062701 ], [ 121.968119235418001, 18.273271449158202 ], [ 121.984785888191993, 18.273271322911899 ], [ 121.984785749851, 18.256605627804301 ], [ 121.993119075788996, 18.256605564675201 ], [ 121.993118868278003, 18.231607022846902 ], [ 121.976452215503997, 18.231607149123398 ], [ 121.976452423015004, 18.256605690933501 ], [ 121.968119096178995, 18.256605754062701 ] ] ], [ [ [ 122.026452657118995, 18.289936702017599 ], [ 122.026452380438002, 18.2566053113054 ], [ 122.018119053602007, 18.256605374434599 ], [ 122.018118984431993, 18.2482725268225 ], [ 122.001452331658001, 18.248272654793102 ], [ 122.001452471795005, 18.264938349477202 ], [ 122.009785796835004, 18.264938284644899 ], [ 122.009785936073001, 18.281603980630099 ], [ 122.018119261113, 18.281603917510001 ], [ 122.018119332080005, 18.289936765987601 ], [ 122.026452657118995, 18.289936702017599 ] ] ] ] } },
{ "type": "Feature", "properties": { "tenement_no": "MPSA No. 129-98-VI", "tenement_name": "Parvisgold, Inc.", "tenement_type": "MPSA", "commodity": "Copper and Gold", "operation_status": "With exploration activity", "province": "Iloilo ; Capiz", "municipality": "Sara; Pontevedra and Roxas", "permit_ha": 5252.2, "date_approved": "1998-06-24", "date_expiration": "2035-06-24" }, "geometry": { "type": "MultiPolygon", "coordinates": [ [ [ [ 122.993073241109002, 11.390370765331999 ], [ 123.001406230178006, 11.3903707248234 ], [ 123.001405944514005, 11.332040727823699 ], [ 122.951406007751999, 11.3320409665212 ], [ 122.951406047277999, 11.340374393780801 ], [ 122.959739037245996, 11.340374354145901 ], [ 122.959739078568006, 11.3487067826472 ], [ 122.968073067462996, 11.3487067438941 ], [ 122.968073149209005, 11.3653725999431 ], [ 122.984739128247, 11.3653725206802 ], [ 122.984739169568996, 11.3737049482249 ], [ 122.993073159361998, 11.373704908594499 ], [ 122.993073241109002, 11.390370765331999 ] ] ], [ [ [ 122.918073415467006, 11.4070359810111 ], [ 122.943073385195007, 11.407035861253499 ], [ 122.943073426517998, 11.4153692916266 ], [ 122.984739375282999, 11.4153690908624 ], [ 122.984739292637997, 11.398703233353 ], [ 122.993073281533, 11.398703193726201 ], [ 122.993073241109002, 11.390370765331999 ], [ 122.934739313655996, 11.390371044489299 ], [ 122.934739273231997, 11.382037615495401 ], [ 122.951406252094003, 11.3820375362371 ], [ 122.951406211670005, 11.3737051076269 ], [ 122.934739232807004, 11.3737051868875 ], [ 122.934739190586996, 11.3653727593498 ], [ 122.943073180379002, 11.3653727188376 ], [ 122.943073057310002, 11.3403744334158 ], [ 122.91807308848, 11.340374553201499 ], [ 122.918073415467006, 11.4070359810111 ] ] ] ] } },
{ "type": "Feature", "properties": { "tenement_no": "MPSA No. 131-1999-VII", "tenement_name": "Solid Earth Development Corporation", "tenement_type": "MPSA", "commodity": "Limestone", "operation_status": "With exploration activity", "province": "Cebu", "municipality": "San Fernando and Naga", "permit_ha": 511.7, "date_approved": "1999-05-11", "date_expiration": "2049-05-11" }, "geometry": { "type": "Polygon", "coordinates": [ [ [ 123.676399757048998, 10.198783356611999 ], [ 123.676399828914001, 10.2154491883311 ], [ 123.701399790557005, 10.2154490795899 ], [ 123.701399717794004, 10.198783250517501 ], [ 123.676399757048998, 10.198783356611999 ] ] ] } },
{ "type": "Feature", "properties": { "tenement_no": "MPSA No. 132-1999-VII", "tenement_name": "Republic Cement & Building Materials, Inc. (formerly Lafarge Republic, Inc.)", "tenement_type": "MPSA", "commodity": "Limestone", "operation_status": "No activity due to expiration of the mining tenement but with application for renewal", "province": "Cebu", "municipality": "Carmen", "permit_ha": 2697.2, "date_approved": "1999-05-19", "date_expiration": "2024-05-19" }, "geometry": { "type": "MultiPolygon", "coordinates": [ [ [ [ 123.993067991413994, 10.5904215429057 ], [ 124.001400977789004, 10.5904215049362 ], [ 124.001401014620001, 10.598753923415799 ], [ 124.009734001892994, 10.5987538854473 ], [ 124.009734038724005, 10.6070863032243 ], [ 124.018068026720002, 10.607086267022799 ], [ 124.018067837174996, 10.5654231795101 ], [ 124.023092828719996, 10.565423157433001 ], [ 124.023456790140003, 10.557089738314399 ], [ 124.018067799446001, 10.5570897621584 ], [ 124.018067761717006, 10.5487573446983 ], [ 124.009733774618994, 10.5487573826731 ], [ 124.009733737787997, 10.540424965641501 ], [ 124.001400750515003, 10.540425001850901 ], [ 124.001400713684006, 10.5320915847921 ], [ 123.976400755634003, 10.532091695189701 ], [ 123.976400943382004, 10.5737557809093 ], [ 123.993067916854002, 10.5737557076152 ], [ 123.993067991413994, 10.5904215429057 ] ], [ [ 124.001400825974002, 10.5570898363396 ], [ 124.009733812348003, 10.557089799249001 ], [ 124.009733850076998, 10.565423215716599 ], [ 124.001400864600996, 10.5654232536893 ], [ 124.001400825974002, 10.5570898363396 ] ] ], [ [ [ 123.968067996532994, 10.5820882355763 ], [ 123.959734009436005, 10.582088272663899 ], [ 123.959734048062998, 10.590421690369 ], [ 123.968068033364005, 10.590421653282499 ], [ 123.968067996532994, 10.5820882355763 ] ] ] ] } },
{ "type": "Feature", "properties": { "tenement_no": "MPSA No. 134-99-XIII", "tenement_name": "Agata Processing, Inc.", "tenement_type": "MPSA", "commodity": "Nickel", "operation_status": "With rehabilitation and decommissioning activity", "province": "Agusan del Norte", "municipality": "Jabonga, Santiago and Tubay", "permit_ha": 5064.2, "date_approved": "1999-05-25", "date_expiration": "2049-05-25" }, "geometry": { "type": "MultiPolygon", "coordinates": [ [ [ [ 125.551391889268004, 9.17384861091481 ], [ 125.534724928372, 9.173848674766241 ], [ 125.534724960711003, 9.182181075145291 ], [ 125.551391921607006, 9.182181010408611 ], [ 125.551391889268004, 9.17384861091481 ] ] ], [ [ [ 125.559725228679994, 9.26550898187512 ], [ 125.551392248593999, 9.26550901379251 ], [ 125.551392280933001, 9.27384141481463 ], [ 125.543059300847005, 9.273841447617849 ], [ 125.543059202031998, 9.248843245577129 ], [ 125.551392183017001, 9.248843212771581 ], [ 125.551392084202007, 9.22384501149946 ], [ 125.534725123306004, 9.22384507622856 ], [ 125.534725091864999, 9.21551267543925 ], [ 125.526392109981998, 9.215512708247941 ], [ 125.526392076744003, 9.207179307467401 ], [ 125.524309083027006, 9.20717931544808 ], [ 125.524309131536, 9.219678416719731 ], [ 125.518059146064999, 9.219678439774199 ], [ 125.518059162235005, 9.223845140957639 ], [ 125.515975166895998, 9.223845148051231 ], [ 125.515975224388001, 9.23842710001688 ], [ 125.509725255087005, 9.242593823445461 ], [ 125.507642259573004, 9.242593832311981 ], [ 125.507642334132996, 9.261342483794831 ], [ 125.509725328748999, 9.261342475815381 ], [ 125.509725378157, 9.273841577944181 ], [ 125.507642399709994, 9.278008284965029 ], [ 125.507642481456998, 9.298839788146379 ], [ 125.503475524739002, 9.30717220600383 ], [ 125.501392529224006, 9.307172213982239 ], [ 125.501392562462001, 9.31550561491607 ], [ 125.526392504342994, 9.31550551740456 ], [ 125.526392471104998, 9.3071721173549 ], [ 125.559725393072, 9.30717198615447 ], [ 125.559725228679994, 9.26550898187512 ] ], [ [ 125.526392306713007, 9.26550911043136 ], [ 125.534725286799002, 9.26550907940055 ], [ 125.534725320036998, 9.273841479534489 ], [ 125.526392339053004, 9.273841511451151 ], [ 125.526392306713007, 9.26550911043136 ] ] ], [ [ [ 125.497212572088003, 9.315505631758951 ], [ 125.495629608504998, 9.32383803873584 ], [ 125.501392594801004, 9.32383801657465 ], [ 125.501392562462001, 9.31550561491607 ], [ 125.497212572088003, 9.315505631758951 ] ] ] ] } },
{ "type": "Feature", "properties": { "tenement_no": "MPSA No. 136-99-IV", "tenement_name": "San Rafael Development Corporation", "tenement_type": "MPSA", "commodity": "Basalt", "operation_status": "With commercial operation", "province": "Rizal", "municipality": "Rodriguez", "permit_ha": 93.5, "date_approved": "1999-06-03", "date_expiration": "2030-06-03" }, "geometry": { "type": "MultiPolygon", "coordinates": [ [ [ [ 121.153454776806001, 14.714836014654299 ], [ 121.153076772022999, 14.714093063825899 ], [ 121.153871769372003, 14.713717082874901 ], [ 121.151641760068998, 14.7121331972163 ], [ 121.150264763113, 14.7126641718522 ], [ 121.152095782987004, 14.7155899738808 ], [ 121.153454776806001, 14.714836014654299 ] ] ], [ [ [ 121.153668494097005, 14.715257192162699 ], [ 121.153454776806001, 14.714836014654299 ], [ 121.153667779038003, 14.7152569862451 ], [ 121.153668494097005, 14.715257192162699 ] ] ], [ [ [ 121.155400800799995, 14.718680757557999 ], [ 121.156353797433994, 14.7182867778345 ], [ 121.157646822572005, 14.722212519371499 ], [ 121.155041829520997, 14.723175474574299 ], [ 121.156286845994998, 14.7256423109383 ], [ 121.166409825287005, 14.7232194020651 ], [ 121.162686788133996, 14.7172088062424 ], [ 121.159555775787993, 14.7150959594836 ], [ 121.158068784617001, 14.716524878973001 ], [ 121.153668494097005, 14.715257192162699 ], [ 121.155400800799995, 14.718680757557999 ] ] ] ] } },
{ "type": "Feature", "properties": { "tenement_no": "MPSA No. 138-99-IV", "tenement_name": "Republic Cement & Building Materials, Inc. (formerly Lafarge Republic, Inc.)", "tenement_type": "MPSA", "commodity": "Limestone", "operation_status": "With commercial operation", "province": "Rizal", "municipality": "Teresa", "permit_ha": 155.2, "date_approved": "1999-09-19", "date_expiration": "2049-09-19" }, "geometry": { "type": "MultiPolygon", "coordinates": [ [ [ [ 121.200898623903001, 14.5398228623876 ], [ 121.198115629678, 14.540545834196401 ], [ 121.198115677288001, 14.5479563618256 ], [ 121.200898676004996, 14.5479563444354 ], [ 121.200559693138999, 14.550647175074699 ], [ 121.202897691616997, 14.550647161162599 ], [ 121.203721713532005, 14.554012941179201 ], [ 121.205601720334997, 14.5552078528852 ], [ 121.205601660148005, 14.545929444941899 ], [ 121.204078645634993, 14.5435736036919 ], [ 121.207529628003996, 14.540932751547601 ], [ 121.206047614398003, 14.538794897473901 ], [ 121.203867621493998, 14.539822844996699 ], [ 121.200898623903001, 14.5398228623876 ] ] ], [ [ [ 121.198236728865993, 14.556017846820399 ], [ 121.198236780070005, 14.564151327692301 ], [ 121.203804778950001, 14.5641512946532 ], [ 121.203804731339005, 14.556921754462 ], [ 121.202826726506004, 14.556017818127501 ], [ 121.198236728865993, 14.556017846820399 ] ] ] ] } },
{ "type": "Feature", "properties": { "tenement_no": "MPSA No. 139-99-V", "tenement_name": "Johson Processing, Inc.", "tenement_type": "MPSA", "commodity": "Copper, gold and silver", "operation_status": "Under care and maintenance", "province": "Camarines Norte", "municipality": "Jose Panganiban", "permit_ha": 9.1, "date_approved": "1999-09-19", "date_expiration": "2024-09-19" }, "geometry": { "type": "Polygon", "coordinates": [ [ [ 122.705683850697, 14.2971093825824 ], [ 122.705680867392005, 14.2998202062782 ], [ 122.708460863938996, 14.2998241896053 ], [ 122.708464846170003, 14.297112364890801 ], [ 122.705683850697, 14.2971093825824 ] ] ] } },
{ "type": "Feature", "properties": { "tenement_no": "MPSA No. 140-99-III", "tenement_name": "Helix Mining and Development Corporation (formerly Holcim Mining and Development Corporation)", "tenement_type": "MPSA", "commodity": "Limestone", "operation_status": "No activity due to expiration of the mining tenement but with application for renewal", "province": "Bulacan", "municipality": "Doña Remedios Trinidad and Norzagaray", "permit_ha": 387.0, "date_approved": "1999-10-14", "date_expiration": "2024-10-14" }, "geometry": { "type": "Polygon", "coordinates": [ [ [ 121.080432000273007, 14.9263277317409 ], [ 121.080431968832002, 14.9318468107101 ], [ 121.08471259657, 14.931846837617501 ], [ 121.085239805233002, 14.9353246670335 ], [ 121.087012052830005, 14.9353246861288 ], [ 121.087347533164007, 14.9368839169687 ], [ 121.084712510331002, 14.9369525787902 ], [ 121.084712455534003, 14.945322793509501 ], [ 121.087484829876004, 14.9434635521459 ], [ 121.093045903643002, 14.9428911040314 ], [ 121.093045959337999, 14.9401795806536 ], [ 121.101379331987999, 14.940179573709999 ], [ 121.101379446074006, 14.933863021599601 ], [ 121.100200491706005, 14.9336052523417 ], [ 121.101379406548006, 14.9318467872745 ], [ 121.101379443379003, 14.9235140856174 ], [ 121.084712532788998, 14.9235140239883 ], [ 121.084712517518, 14.926327746497 ], [ 121.080432000273007, 14.9263277317409 ] ] ] } },
{ "type": "Feature", "properties": { "tenement_no": "MPSA No. 142-99-IVA (Amended)", "tenement_name": "Rapid City Realty and Development Corporation", "tenement_type": "MPSA", "commodity": "Basalt, Andesite", "operation_status": "No activity due to expiration of the mining tenement but with application for renewal", "province": "Rizal", "municipality": "Baras", "permit_ha": 145.5, "date_approved": "1999-12-16", "date_expiration": "2024-12-16" }, "geometry": { "type": "Polygon", "coordinates": [ [ [ 121.251435779255004, 14.6252637995059 ], [ 121.251435836747007, 14.6339243694615 ], [ 121.260288633260998, 14.637226885733901 ], [ 121.267719149643, 14.631524418215401 ], [ 121.259769132141997, 14.6284579931454 ], [ 121.259769110582994, 14.6252637482227 ], [ 121.251435779255004, 14.6252637995059 ] ] ] } },
{ "type": "Feature", "properties": { "tenement_no": "MPSA No. 145-99-I", "tenement_name": "Cunickel Mining and Industrial Corporation", "tenement_type": "MPSA", "commodity": "Limestone", "operation_status": "No activity due to expiration of the mining tenement but with application for renewal", "province": "Pangasinan", "municipality": "Dasol", "permit_ha": 1781.5, "date_approved": "1999-12-28", "date_expiration": "2024-12-28" }, "geometry": { "type": "MultiPolygon", "coordinates": [ [ [ [ 119.901434954340999, 15.882318162402999 ], [ 119.894963008638001, 15.8900957287831 ], [ 119.909768010784006, 15.890095631152301 ], [ 119.901434954340999, 15.882318162402999 ] ] ], [ [ [ 119.911602031928993, 15.8930114396312 ], [ 119.911629070320998, 15.8984281080924 ], [ 119.918102070645006, 15.8984280648947 ], [ 119.918102102085996, 15.9027607994457 ], [ 119.922268102098002, 15.9027607717998 ], [ 119.922268012266997, 15.890095548209301 ], [ 119.909768010784006, 15.890095631152301 ], [ 119.909768032342996, 15.8930114525908 ], [ 119.911602031928993, 15.8930114396312 ] ] ], [ [ [ 119.888491218344996, 15.9196209643272 ], [ 119.888491186005993, 15.9150942396691 ], [ 119.884768185683996, 15.9150942655855 ], [ 119.884768244075005, 15.923426755248901 ], [ 119.888491218344996, 15.9196209643272 ] ] ], [ [ [ 119.893102541988995, 15.9650911511803 ], [ 119.905602542574002, 15.9650910682683 ], [ 119.905602423996001, 15.9484250877794 ], [ 119.898713423746003, 15.948425133557601 ], [ 119.898713392304998, 15.9440643998492 ], [ 119.905602393454004, 15.944064354069999 ], [ 119.905602365606001, 15.940092598455999 ], [ 119.913935367251995, 15.940092542310699 ], [ 119.913935247775996, 15.9234265617474 ], [ 119.909768247041001, 15.923426589390401 ], [ 119.909741128698997, 15.9067606105174 ], [ 119.907046128049004, 15.9067606269319 ], [ 119.907046189135002, 15.915094117861701 ], [ 119.905546188561004, 15.915094128228301 ], [ 119.900574163482005, 15.9117333665505 ], [ 119.904241128693002, 15.9067606459381 ], [ 119.893102126968003, 15.9067607210989 ], [ 119.893102245544995, 15.923426699098901 ], [ 119.896379304193005, 15.931759167848799 ], [ 119.896379333837999, 15.9359259134564 ], [ 119.893102333580003, 15.9359259367788 ], [ 119.884768254853995, 15.9247876721148 ], [ 119.884768244075005, 15.923426755248901 ], [ 119.876435303514, 15.9317593000118 ], [ 119.876435481380994, 15.9567577715005 ], [ 119.893102482700996, 15.9567576609466 ], [ 119.893102541988995, 15.9650911511803 ] ] ] ] } },
{ "type": "Feature", "properties": { "tenement_no": "MPSA No. 146-99-V", "tenement_name": "Ibalong Resources Development Corp", "tenement_type": "MPSA", "commodity": "Limestone and Shale", "operation_status": "With commercial operation", "province": "Albay", "municipality": "Camalig and Guinobatan", "permit_ha": 683.0, "date_approved": "1999-12-28", "date_expiration": "2049-12-28" }, "geometry": { "type": "Polygon", "coordinates": [ [ [ 123.601414727557994, 13.144414983690099 ], [ 123.601414774271007, 13.1527484289944 ], [ 123.612131759153002, 13.152833365424399 ], [ 123.611970747816997, 13.150803499339 ], [ 123.615858742604999, 13.150803478344899 ], [ 123.615858789317002, 13.158947936034901 ], [ 123.611970794529, 13.1589479570283 ], [ 123.611970830461999, 13.165247537969901 ], [ 123.605581840583, 13.1652475720834 ], [ 123.605842929632004, 13.180756537706401 ], [ 123.618081940880998, 13.186079115668599 ], [ 123.621025937458995, 13.186050101545201 ], [ 123.621147909810006, 13.1813594137286 ], [ 123.619542883603998, 13.176470747474401 ], [ 123.622197862511001, 13.173393938396201 ], [ 123.625956844851004, 13.1712590593408 ], [ 123.631334850048006, 13.173578875440001 ], [ 123.634747843561001, 13.1735798577004 ], [ 123.634747868714001, 13.1780025618185 ], [ 123.638639861903002, 13.1778365513892 ], [ 123.637750820826, 13.1703380568906 ], [ 123.632981832069007, 13.170932042915201 ], [ 123.628189833864994, 13.169972133981799 ], [ 123.624717839902004, 13.1701531410152 ], [ 123.624470775351, 13.158947888799601 ], [ 123.618081786369999, 13.1589479237887 ], [ 123.618081727082, 13.148581614456599 ], [ 123.613914731736003, 13.1485816372005 ], [ 123.613914727245003, 13.1478226868078 ], [ 123.609747729204003, 13.1470627613226 ], [ 123.609747700458001, 13.142054094934201 ], [ 123.605581707631998, 13.142054117678599 ], [ 123.605581720209003, 13.144414960071099 ], [ 123.601414727557994, 13.144414983690099 ] ] ] } },
{ "type": "Feature", "properties": { "tenement_no": "MPSA No. 148-99-XIII", "tenement_name": "Philex Gold Philippines, Inc.", "tenement_type": "MPSA", "commodity": "Copper and gold", "operation_status": "With exploration activity", "province": "Surigao del Norte", "municipality": "Surigao City, Sison, and Placer", "permit_ha": 2429.4, "date_approved": "1999-12-28", "date_expiration": "2026-12-28" }, "geometry": { "type": "MultiPolygon", "coordinates": [ [ [ [ 125.584676644466995, 9.63214457812129 ], [ 125.584726648289006, 9.633051512879041 ], [ 125.588946637947998, 9.633051495166059 ], [ 125.588946660405995, 9.638476107691419 ], [ 125.591679654402, 9.63847609617817 ], [ 125.591679662486996, 9.64048195318275 ], [ 125.59583765312, 9.640481936355769 ], [ 125.595837644137006, 9.638476079351101 ], [ 125.593060649760005, 9.638476090864341 ], [ 125.593060590470998, 9.623816140843219 ], [ 125.576393630474001, 9.62381620726868 ], [ 125.576393663711002, 9.632148611376479 ], [ 125.584676644466995, 9.63214457812129 ] ] ], [ [ [ 125.605037623338006, 9.638673027580991 ], [ 125.605585606440997, 9.63485929956666 ], [ 125.599571618278006, 9.634232368424129 ], [ 125.599571643431005, 9.640481921300079 ], [ 125.603654633721007, 9.640481905358749 ], [ 125.605037623338006, 9.638673027580991 ] ] ], [ [ [ 125.574437839997003, 9.6738126382806 ], [ 125.576393835288997, 9.67381263031073 ], [ 125.576393766118997, 9.65714682256856 ], [ 125.568060786033001, 9.657146856220789 ], [ 125.568060821066993, 9.665480260025531 ], [ 125.574437828317997, 9.67107983346558 ], [ 125.574437839997003, 9.6738126382806 ] ] ], [ [ [ 125.559727045971997, 9.715476719160529 ], [ 125.568061027680002, 9.715476684628671 ], [ 125.568060854305003, 9.67381266396132 ], [ 125.570337849089995, 9.673812655105881 ], [ 125.570337841902997, 9.67200478434825 ], [ 125.559726840257994, 9.66548029367692 ], [ 125.543060878288003, 9.66548036186532 ], [ 125.543060913323004, 9.67381276579861 ], [ 125.551393893408999, 9.67381273214802 ], [ 125.551393928443005, 9.68214513585268 ], [ 125.559726908529996, 9.68214510220292 ], [ 125.559726943564002, 9.69047850610489 ], [ 125.551393962578999, 9.69047853975381 ], [ 125.551394100920007, 9.72380915783009 ], [ 125.543061119037006, 9.723809191475629 ], [ 125.543061189105003, 9.74047500040728 ], [ 125.559727150176002, 9.74047493223415 ], [ 125.559727045971997, 9.715476719160529 ] ] ], [ [ [ 125.575283034305002, 9.72130923809204 ], [ 125.575283027118004, 9.71964235836993 ], [ 125.576394020341993, 9.71853143264094 ], [ 125.576394007765998, 9.715476651867711 ], [ 125.568061027680002, 9.715476684628671 ], [ 125.568061077086995, 9.7276978113239 ], [ 125.573616037817999, 9.721309245175361 ], [ 125.575283034305002, 9.72130923809204 ] ] ], [ [ [ 125.526394194074001, 9.73214166420968 ], [ 125.526394331516002, 9.765473282821199 ], [ 125.534727311601998, 9.76547324917982 ], [ 125.534727278364002, 9.757139845320779 ], [ 125.543061258275998, 9.75713980990793 ], [ 125.543061189105003, 9.74047500040728 ], [ 125.534727208296005, 9.74047503493655 ], [ 125.534727174159997, 9.732141629679591 ], [ 125.526394194074001, 9.73214166420968 ] ] ] ] } },
{ "type": "Feature", "properties": { "tenement_no": "MPSA No. 149-99-XIII", "tenement_name": "Silangan Mindanao Mining Co., Inc.", "tenement_type": "MPSA", "commodity": "Copper", "operation_status": "With development/construction activity", "province": "Surigao del Norte", "municipality": "Mainit and Placer", "permit_ha": 2358.1, "date_approved": "1999-12-28", "date_expiration": "2049-12-28" }, "geometry": { "type": "MultiPolygon", "coordinates": [ [ [ [ 125.551393382268003, 9.54882167830776 ], [ 125.534726420473007, 9.54882174474792 ], [ 125.534726521983004, 9.57381995383165 ], [ 125.551393483777005, 9.573819887396359 ], [ 125.551393382268003, 9.54882167830776 ] ] ], [ [ [ 125.584726473117996, 9.590485559939269 ], [ 125.574310499313, 9.590485601569981 ], [ 125.568060581216997, 9.60715043381869 ], [ 125.584726541389998, 9.607150367389959 ], [ 125.584726473117996, 9.590485559939269 ] ] ], [ [ [ 125.559726566270996, 9.598818063914649 ], [ 125.563893557124999, 9.59881804708564 ], [ 125.568060513842994, 9.59048562725703 ], [ 125.543060571064998, 9.590485727347939 ], [ 125.543060640234998, 9.60715053479043 ], [ 125.559726600407004, 9.60715046747594 ], [ 125.559726566270996, 9.598818063914649 ] ] ], [ [ [ 125.545837790918995, 9.64575876103539 ], [ 125.547226771401, 9.641593052942371 ], [ 125.551393756864996, 9.64048211525288 ], [ 125.551393688592995, 9.6238163082354 ], [ 125.534726727697006, 9.62381637554653 ], [ 125.534726692663, 9.61548397233204 ], [ 125.518060731592001, 9.615484039644841 ], [ 125.518060869034002, 9.64881465516485 ], [ 125.543060810016001, 9.648814554205631 ], [ 125.545837790918995, 9.64575876103539 ] ] ] ] } },
{ "type": "Feature", "properties": { "tenement_no": "MPSA No. 150-2000-VII", "tenement_name": "Bohol Limestone Corporation", "tenement_type": "MPSA", "commodity": "Limestone", "operation_status": "With commercial operation", "province": "Bohol", "municipality": "Garcia Hernandez", "permit_ha": 651.0, "date_approved": "2025-01-06", "date_expiration": "2050-01-06" }, "geometry": { "type": "Polygon", "coordinates": [ [ [ 124.301607301603994, 9.630178904273009 ], [ 124.301607271959, 9.62294641861792 ], [ 124.279718311791001, 9.62294650718543 ], [ 124.279718400723993, 9.64464496678087 ], [ 124.301607360893001, 9.644644876447799 ], [ 124.301607331247993, 9.63741239077752 ], [ 124.308918318696996, 9.63741236155149 ], [ 124.308918289052997, 9.63017887416069 ], [ 124.301607301603994, 9.630178904273009 ] ] ] } },
{ "type": "Feature", "properties": { "tenement_no": "MPSA No. 151-2000-CAR", "tenement_name": "Lepanto Consolidated Mining Company", "tenement_type": "MPSA", "commodity": "Copper and Gold", "operation_status": "No activity due to expiration of the mining tenement but with application for renewal", "province": "Benguet", "municipality": "Mankayan", "permit_ha": 1799.7, "date_approved": "2000-03-08", "date_expiration": "2025-03-08" }, "geometry": { "type": "MultiPolygon", "coordinates": [ [ [ [ 120.776441915888, 16.846420210024299 ], [ 120.776441868277004, 16.840031705034502 ], [ 120.783385865186006, 16.840031656026301 ], [ 120.783385802303997, 16.8316988177334 ], [ 120.784774801650997, 16.831698808275299 ], [ 120.784774767515003, 16.8272546347069 ], [ 120.780885769308995, 16.827254663082002 ], [ 120.780885739664001, 16.823366006621399 ], [ 120.768108744459994, 16.823366096907598 ], [ 120.768108681577999, 16.815033267617501 ], [ 120.759774683700996, 16.8150333260911 ], [ 120.759774809465, 16.831698983680798 ], [ 120.768108807342003, 16.831698924352501 ], [ 120.768108932207994, 16.848364592647499 ], [ 120.775052930914001, 16.848364544501202 ], [ 120.776441915888, 16.846420210024299 ] ] ], [ [ [ 120.827274976295001, 16.856697005800001 ], [ 120.820330894943993, 16.845586612731601 ], [ 120.818108895918996, 16.845586629067199 ], [ 120.818108853698007, 16.8400314127048 ], [ 120.809774856719002, 16.8400314711707 ], [ 120.809774983381999, 16.856697128739601 ], [ 120.827274976295001, 16.856697005800001 ] ] ], [ [ [ 120.801442175771996, 16.881695685598199 ], [ 120.801442111990994, 16.873362854679701 ], [ 120.809775109146003, 16.8733627962241 ], [ 120.809774999550996, 16.8589192254925 ], [ 120.808386004696004, 16.859474751188401 ], [ 120.809498029186003, 16.862807873662799 ], [ 120.806720035883004, 16.863641182709699 ], [ 120.805886015718002, 16.8608635759105 ], [ 120.803109023138006, 16.861696874615301 ], [ 120.801441986227005, 16.8566971872003 ], [ 120.801442049108999, 16.865030025822801 ], [ 120.794220051468002, 16.8650300774035 ], [ 120.793386083406006, 16.8691964913452 ], [ 120.789775084135002, 16.869196517994698 ], [ 120.790609052196999, 16.865030102334298 ], [ 120.784775054975995, 16.865030143598901 ], [ 120.784775181637997, 16.8816958025043 ], [ 120.777275247044003, 16.890028694580199 ], [ 120.793109241500005, 16.8900285836962 ], [ 120.793109177719003, 16.8816957440512 ], [ 120.801442175771996, 16.881695685598199 ] ] ], [ [ [ 120.743109257127003, 16.890028935258599 ], [ 120.756998252567001, 16.890028837268101 ], [ 120.756998189685007, 16.881695997634299 ], [ 120.743109193346996, 16.881696095629099 ], [ 120.743109257127003, 16.890028935258599 ] ] ], [ [ [ 120.776442224907996, 16.887251087286501 ], [ 120.776442247366006, 16.890028700597199 ], [ 120.777275247044003, 16.890028694580199 ], [ 120.777275225484999, 16.8872510812695 ], [ 120.776442224907996, 16.887251087286501 ] ] ], [ [ [ 120.759775251435997, 16.890028817498099 ], [ 120.759775378997006, 16.906694477421802 ], [ 120.776442373129996, 16.9066943596717 ], [ 120.776442247366006, 16.890028700597199 ], [ 120.759775251435997, 16.890028817498099 ] ] ] ] } },
{ "type": "Feature", "properties": { "tenement_no": "MPSA No. 152-2000-CAR", "tenement_name": "Itogon Suyoc Resources, Inc.", "tenement_type": "MPSA", "commodity": "Copper", "operation_status": "With exploration activity", "province": "Benguet", "municipality": "Mankayan", "permit_ha": 1734.6, "date_approved": "2000-03-30", "date_expiration": "2025-03-30" }, "geometry": { "type": "Polygon", "coordinates": [ [ [ 120.798266690530994, 16.8176711683486 ], [ 120.802776694092998, 16.818319916451902 ], [ 120.803603727161004, 16.8227254256546 ], [ 120.808625722824999, 16.822282617874901 ], [ 120.808835734564994, 16.8237971658336 ], [ 120.809446734484993, 16.823802990571401 ], [ 120.809413754635997, 16.826512846562 ], [ 120.814197752444997, 16.826575709654001 ], [ 120.814032732824998, 16.823799717918298 ], [ 120.811932698964995, 16.8192811851969 ], [ 120.813890696602002, 16.819031806533498 ], [ 120.813429676707003, 16.816405548009602 ], [ 120.811098679699001, 16.816650099214101 ], [ 120.810337662923004, 16.814447696127999 ], [ 120.809703614927002, 16.8080165683782 ], [ 120.811391571803995, 16.802491689841801 ], [ 120.809896564067003, 16.8012655637609 ], [ 120.810092479443995, 16.7901631510417 ], [ 120.806619481165001, 16.790126148707699 ], [ 120.806652458318993, 16.7872607795885 ], [ 120.803094436294003, 16.784119683780599 ], [ 120.801891460975, 16.787369536680099 ], [ 120.800064458367004, 16.786905137779101 ], [ 120.798763482240005, 16.7900510268523 ], [ 120.798714515073002, 16.794369127748102 ], [ 120.790346435114003, 16.783448884898402 ], [ 120.788886435622004, 16.783434835986 ], [ 120.788898427232994, 16.7822300082277 ], [ 120.787359427200002, 16.7822151894757 ], [ 120.787325407102003, 16.779504662896301 ], [ 120.784574407273993, 16.7794781538922 ], [ 120.784602387099994, 16.776768246230901 ], [ 120.781789387347999, 16.776741108126501 ], [ 120.781817367174, 16.7740312010019 ], [ 120.779004367422004, 16.774004022942499 ], [ 120.778876464394003, 16.786736325919701 ], [ 120.776771464646004, 16.786715952553799 ], [ 120.776739488215, 16.789837464893399 ], [ 120.768409489638003, 16.789756597982699 ], [ 120.768193645135995, 16.8103009818409 ], [ 120.766842644525994, 16.8102862916896 ], [ 120.766778686273994, 16.815705926628102 ], [ 120.768141686579995, 16.815720726427301 ], [ 120.768060741186005, 16.823070514204701 ], [ 120.780761738018995, 16.823197387138599 ], [ 120.780720765859002, 16.826694977414899 ], [ 120.790790762515002, 16.8268034909172 ], [ 120.790762780891995, 16.829227724824101 ], [ 120.792722779976003, 16.829248799554701 ], [ 120.792755759824999, 16.826538931966098 ], [ 120.794159760138996, 16.826554002633198 ], [ 120.794135731102998, 16.822774219067099 ], [ 120.796196731367999, 16.822796333240198 ], [ 120.796243699783005, 16.818731497995401 ], [ 120.794743701005999, 16.818715399137801 ], [ 120.794774679409002, 16.816005512482199 ], [ 120.796339680279004, 16.816028430593501 ], [ 120.796538637352, 16.810346240708299 ], [ 120.799702619664998, 16.808318920758801 ], [ 120.799530608457999, 16.8067157677777 ], [ 120.801556606765999, 16.8067351629604 ], [ 120.801840544464, 16.7984072030672 ], [ 120.807099594750994, 16.805304390128601 ], [ 120.809819653006997, 16.8131668578519 ], [ 120.809780680496999, 16.816787220418401 ], [ 120.798266690530994, 16.8176711683486 ] ] ] } },
{ "type": "Feature", "properties": { "tenement_no": "MPSA No. 154-2000-III", "tenement_name": "Balanga Bataan Minerals Corporation", "tenement_type": "MPSA", "commodity": "Copper and Gold", "operation_status": "With exploration activity", "province": "Bataan", "municipality": "Limay, Bagac and Mariveles", "permit_ha": 1413.1, "date_approved": "2000-03-30", "date_expiration": "2050-03-30" }, "geometry": { "type": "Polygon", "coordinates": [ [ [ 120.459497675948001, 14.5107641865443 ], [ 120.459417874108993, 14.5440950683541 ], [ 120.501078848004994, 14.544189766940001 ], [ 120.501108876887997, 14.5322014865244 ], [ 120.48793680352, 14.5301847939991 ], [ 120.483686800249004, 14.5229462822765 ], [ 120.484072733562996, 14.516716651322399 ], [ 120.487308669133995, 14.521888235395499 ], [ 120.491947803721999, 14.520724293280001 ], [ 120.494739743370005, 14.517474444889601 ], [ 120.499386683419004, 14.5139137814358 ], [ 120.501164642503994, 14.510857816680801 ], [ 120.459497675948001, 14.5107641865443 ] ] ] } },
{ "type": "Feature", "properties": { "tenement_no": "MPSA No. 155-2000-VII", "tenement_name": "Citadel Mining Corporation", "tenement_type": "MPSA", "commodity": "Greywacke", "operation_status": "No activity due to expiration of the mining tenement but with application for renewal", "province": "Cebu", "municipality": "Danao City", "permit_ha": 341.2, "date_approved": "2000-04-09", "date_expiration": "2025-04-09" }, "geometry": { "type": "Polygon", "coordinates": [ [ [ 123.976400642445995, 10.507093444546101 ], [ 123.976400755634003, 10.532091695189701 ], [ 123.993067728208004, 10.5320916210025 ], [ 123.993067690478995, 10.523759204483 ], [ 123.984733704278995, 10.523759241577601 ], [ 123.984733628821004, 10.5070934083327 ], [ 123.976400642445995, 10.507093444546101 ] ] ] } },
{ "type": "Feature", "properties": { "tenement_no": "MPSA No. 156-2000-CAR", "tenement_name": "Philex Mining Corporation", "tenement_type": "MPSA", "commodity": "Copper", "operation_status": "With exploration activity", "province": "Benguet", "municipality": "Tuba and Itogon", "permit_ha": 4946.7, "date_approved": "2000-04-09", "date_expiration": "2027-04-09" }, "geometry": { "type": "Polygon", "coordinates": [ [ [ 120.609770282125993, 16.215070731918502 ], [ 120.609770827404006, 16.2900664864815 ], [ 120.618104824382996, 16.2900664295728 ], [ 120.618104886366993, 16.298398922137299 ], [ 120.643104878553004, 16.298398751418699 ], [ 120.643104818365998, 16.290066259709299 ], [ 120.668104812349, 16.290066088983501 ], [ 120.668104387444998, 16.231735648790199 ], [ 120.643104394361004, 16.231735818704198 ], [ 120.643104273987007, 16.2150708362907 ], [ 120.609770282125993, 16.215070731918502 ] ] ] } },
{ "type": "Feature", "properties": { "tenement_no": "MPSA No. 157-2000-CAR", "tenement_name": "Philex Mining Corporation", "tenement_type": "MPSA", "commodity": "Copper", "operation_status": "With exploration activity", "province": "Benguet", "municipality": "Tuba and Itogon", "permit_ha": 2968.9, "date_approved": "2000-04-09", "date_expiration": "2027-04-09" }, "geometry": { "type": "Polygon", "coordinates": [ [ [ 120.609769920104995, 16.165073786892101 ], [ 120.609770282125993, 16.2150710622868 ], [ 120.643104273987007, 16.2150708362907 ], [ 120.643104394361004, 16.231735818704198 ], [ 120.668104387444998, 16.231735648790199 ], [ 120.668103905050003, 16.1650737221822 ], [ 120.651436909119994, 16.165073835208901 ], [ 120.651437210954001, 16.206737287569901 ], [ 120.626437216970999, 16.206737457505401 ], [ 120.626437096597002, 16.190072475401902 ], [ 120.634770094648999, 16.1900724184643 ], [ 120.634769914087997, 16.1650739473728 ], [ 120.609769920104995, 16.165073786892101 ] ] ] } },
{ "type": "Feature", "properties": { "tenement_no": "MPSA No. 158-2000-XIII-SMR", "tenement_name": "CTP Construction and Mining Corporation", "tenement_type": "MPSA", "commodity": "Nickel", "operation_status": "No activity due to expiration of the mining tenement but with application for renewal", "province": "Surigao del Sur", "municipality": "Carrascal", "permit_ha": 329.1, "date_approved": "1993-10-21", "date_expiration": "2043-10-21" }, "geometry": { "type": "MultiPolygon", "coordinates": [ [ [ [ 125.929170086062001, 9.4538269898766 ], [ 125.932781077247995, 9.453826976584891 ], [ 125.932781070060997, 9.45216009612381 ], [ 125.934170066712994, 9.4521600908071 ], [ 125.933336047447, 9.44660549373914 ], [ 125.936948037559006, 9.44660547956099 ], [ 125.936948027677005, 9.444105658559961 ], [ 125.933336036667001, 9.44410567185208 ], [ 125.933336027684007, 9.44188383257165 ], [ 125.929170037553007, 9.4418838494084 ], [ 125.929170060909996, 9.44743844997865 ], [ 125.926392066706995, 9.44743846061224 ], [ 125.926392134978997, 9.46410426313655 ], [ 125.929170127385007, 9.46410425161741 ], [ 125.929170086062001, 9.4538269898766 ] ] ], [ [ [ 125.958336088142005, 9.472436537163469 ], [ 125.957503089362007, 9.472436540707729 ], [ 125.957503073192996, 9.46826983927026 ], [ 125.954725079889002, 9.46826985167535 ], [ 125.954725072702004, 9.46632599083588 ], [ 125.952225078335005, 9.46632599969672 ], [ 125.952225071148007, 9.46465912045152 ], [ 125.950836075395003, 9.46465912576806 ], [ 125.950836066411, 9.462159305676581 ], [ 125.94861407098, 9.46215931453753 ], [ 125.948614061997006, 9.459937473955829 ], [ 125.947225066243007, 9.45993747927244 ], [ 125.947225026717007, 9.45021617877898 ], [ 125.955003006061006, 9.450216148650791 ], [ 125.955002996179999, 9.4474383480736 ], [ 125.953335999694005, 9.44743835427648 ], [ 125.953335986219003, 9.444105593871789 ], [ 125.948059000168996, 9.44410561513914 ], [ 125.948058990288004, 9.44188377497219 ], [ 125.946391995598006, 9.44188378028907 ], [ 125.946392006378005, 9.44466058091343 ], [ 125.948059001966001, 9.444660574710459 ], [ 125.948059019932003, 9.449383235462619 ], [ 125.946392025242005, 9.449383241665499 ], [ 125.946392050395005, 9.455770782263381 ], [ 125.943059058146005, 9.45577079555502 ], [ 125.943059070722001, 9.458548595329949 ], [ 125.941670074070998, 9.458548601532661 ], [ 125.941670093834006, 9.46327026178604 ], [ 125.948614075470999, 9.4632702352033 ], [ 125.948614081759999, 9.46493711498205 ], [ 125.950836076293001, 9.46493710612121 ], [ 125.950836084377997, 9.466881966342269 ], [ 125.952225081029994, 9.466881960139689 ], [ 125.952225100793001, 9.47188160114424 ], [ 125.950836104141004, 9.471881606460631 ], [ 125.950836123005004, 9.47660326778934 ], [ 125.958336104311996, 9.476603237663459 ], [ 125.958336088142005, 9.472436537163469 ] ] ] ] } },
{ "type": "Feature", "properties": { "tenement_no": "MPSA No. 159-2000-IVA", "tenement_name": "Republic Cement & Building Materials, Inc. (formerly Lafarge Republic, Inc.)", "tenement_type": "MPSA", "commodity": "Limestone", "operation_status": "No activity due to expiration of the mining tenement but with application for renewal", "province": "Rizal", "municipality": "Teresa", "permit_ha": 36.7, "date_approved": "2000-06-22", "date_expiration": "2025-06-22" }, "geometry": { "type": "Polygon", "coordinates": [ [ [ 121.197264680762004, 14.5484913318196 ], [ 121.197258733915007, 14.556836799494899 ], [ 121.198203734643997, 14.556836794278 ], [ 121.198203729254004, 14.5560598445119 ], [ 121.201425727463004, 14.5560598245139 ], [ 121.200842679521998, 14.5485043101427 ], [ 121.197264680762004, 14.5484913318196 ] ] ] } },
{ "type": "Feature", "properties": { "tenement_no": "MPSA No. 161-2000-III", "tenement_name": "Solid North Mineral Corporation", "tenement_type": "MPSA", "commodity": "Limestone,Shale, Pozzolan", "operation_status": "With commercial operation", "province": "Bulacan", "municipality": "San Ildefonso", "permit_ha": 923.1, "date_approved": "2000-09-11", "date_expiration": "2033-09-11" }, "geometry": { "type": "MultiPolygon", "coordinates": [ [ [ [ 121.051378248077995, 15.056838195425501 ], [ 121.061461674547004, 15.0568382734983 ], [ 121.061461726649, 15.048505461899 ], [ 121.051378320842005, 15.048505516552099 ], [ 121.051378248077995, 15.056838195425501 ] ] ], [ [ [ 121.059711517422002, 15.073503730429101 ], [ 121.056661511555006, 15.0735038067609 ], [ 121.056661420824994, 15.0985021164831 ], [ 121.076378409146997, 15.098502028885299 ], [ 121.076378532217007, 15.0651710514261 ], [ 121.068045060751999, 15.0651710566307 ], [ 121.068045084107993, 15.0568383116672 ], [ 121.076378508860003, 15.0568382700284 ], [ 121.076378558268004, 15.0499331102623 ], [ 121.072009162607003, 15.049183219414701 ], [ 121.071686821930996, 15.0507886590682 ], [ 121.073884152318996, 15.0507887015756 ], [ 121.073884152318996, 15.0536134945669 ], [ 121.071195225180006, 15.053613518856601 ], [ 121.071039628886993, 15.054524543257999 ], [ 121.067375637999007, 15.0538967647758 ], [ 121.065331166735007, 15.065171052293501 ], [ 121.059711626118002, 15.065171025402799 ], [ 121.059711517422002, 15.073503730429101 ] ] ] ] } },
{ "type": "Feature", "properties": { "tenement_no": "MPSA No. 163-2000-V", "tenement_name": "Rapu-Rapu Minerals, Inc. (Assignee)", "tenement_type": "MPSA", "commodity": "Copper and gold", "operation_status": "With rehabilitation and decommissioning activity", "province": "Albay", "municipality": "Rapu-Rapu", "permit_ha": 170.4, "date_approved": "2000-09-11", "date_expiration": "2025-09-11" }, "geometry": { "type": "Polygon", "coordinates": [ [ [ 124.200966971504002, 13.1853229499708 ], [ 124.203733965834999, 13.185322935102 ], [ 124.203733919122996, 13.177187479267801 ], [ 124.200966922994994, 13.1771884938762 ], [ 124.200687912556006, 13.1751276336191 ], [ 124.198731927143996, 13.177045516269001 ], [ 124.196774919449993, 13.175128655233401 ], [ 124.194817933316003, 13.1770455381356 ], [ 124.192861927243001, 13.175128677100201 ], [ 124.190904941108002, 13.1770455591275 ], [ 124.188947933413999, 13.1751276992194 ], [ 124.185034961867999, 13.1789624628758 ], [ 124.187129969653995, 13.1810163137639 ], [ 124.187129994806995, 13.1853230269385 ], [ 124.192664985990007, 13.1853229963264 ], [ 124.192664969820001, 13.182611177164199 ], [ 124.198198961177994, 13.1826111465517 ], [ 124.198198975550994, 13.1853229648396 ], [ 124.200966971504002, 13.1853229499708 ] ] ] } },
{ "type": "Feature", "properties": { "tenement_no": "MPSA No. 164-2000-I", "tenement_name": "Gulf Estate Mining Corporation", "tenement_type": "MPSA", "commodity": "Limestone", "operation_status": "With exploration activity", "province": "Pangasinan", "municipality": "Alaminos and Sual", "permit_ha": 1365.4, "date_approved": "2000-09-25", "date_expiration": "2025-09-25" }, "geometry": { "type": "Polygon", "coordinates": [ [ [ 120.009769863295006, 16.148412179631102 ], [ 120.018103862969994, 16.1484121235444 ], [ 120.018103922258007, 16.156744616483799 ], [ 120.026436923006003, 16.156744559536602 ], [ 120.026436983192994, 16.165078050845299 ], [ 120.043103984512996, 16.165077939544201 ], [ 120.043103924326005, 16.156744447367998 ], [ 120.048936895672, 16.152855644248099 ], [ 120.048936829195995, 16.1436902031983 ], [ 120.045880803719001, 16.1400794445311 ], [ 120.043103803951993, 16.1400794635151 ], [ 120.043103682679003, 16.123413478959002 ], [ 120.026436682257994, 16.123413591146502 ], [ 120.026436652613, 16.119246845124 ], [ 120.018103651865999, 16.119246901218901 ], [ 120.018103682407997, 16.123413646377301 ], [ 120.023103682821997, 16.123413613583999 ], [ 120.023103743009003, 16.131746105869698 ], [ 120.009769742022996, 16.1317461956159 ], [ 120.009769863295006, 16.148412179631102 ] ], [ [ 120.013436839286001, 16.145245347483002 ], [ 120.013436813235003, 16.141634567997301 ], [ 120.023436814061995, 16.141634499828101 ], [ 120.023436836520005, 16.144801306914101 ], [ 120.013436839286001, 16.145245347483002 ] ] ] } },
{ "type": "Feature", "properties": { "tenement_no": "MPSA No. 165-2000-I", "tenement_name": "Oregon Mining and Development Corporation", "tenement_type": "MPSA", "commodity": "Rock Aggregates", "operation_status": "With exploration activity", "province": "Pangasinan", "municipality": "San Miguel and Tayug", "permit_ha": 2146.1, "date_approved": "2000-10-23", "date_expiration": "2025-10-23" }, "geometry": { "type": "Polygon", "coordinates": [ [ [ 120.709768933941007, 16.031747611839101 ], [ 120.709769293267001, 16.0817445454778 ], [ 120.751436282282, 16.081744264950199 ], [ 120.751435983142997, 16.0400808210807 ], [ 120.734768987211993, 16.0400809324519 ], [ 120.734768927923994, 16.031747443480199 ], [ 120.726435929871002, 16.031747500463201 ], [ 120.726436049347001, 16.048413476417299 ], [ 120.718103051293994, 16.048413532532201 ], [ 120.718102931817995, 16.0317475565829 ], [ 120.709768933941007, 16.031747611839101 ] ] ] } },
{ "type": "Feature", "properties": { "tenement_no": "MPSA No. 166-2000-XII", "tenement_name": "South Davao Development Company, Inc.", "tenement_type": "MPSA", "commodity": "Copper and gold", "operation_status": "No exploration activity due to expired Exploration Period", "province": "Sultan Kudarat", "municipality": "Kalamansig", "permit_ha": 1294.3, "date_approved": "2000-11-13", "date_expiration": "2025-11-13" }, "geometry": { "type": "Polygon", "coordinates": [ [ [ 124.201385773276002, 6.49904812193598 ], [ 124.201385841548003, 6.52404628020531 ], [ 124.243052768579005, 6.52404616507307 ], [ 124.243052700307004, 6.49904800858309 ], [ 124.201385773276002, 6.49904812193598 ] ] ] } },
{ "type": "Feature", "properties": { "tenement_no": "MPSA No. 167-2000-IVB", "tenement_name": "Aglubang Mining Corporation", "tenement_type": "MPSA", "commodity": "Nickel", "operation_status": "No activity due to expiration of the mining tenement but with application for renewal", "province": "Occidental Mindoro", "municipality": "Sablayan", "permit_ha": 2302.3, "date_approved": "2000-12-06", "date_expiration": "2025-12-06" }, "geometry": { "type": "Polygon", "coordinates": [ [ [ 121.193083602528006, 13.0486015489153 ], [ 121.193083549527003, 13.0394351520247 ], [ 121.109749830211996, 13.0819328123471 ], [ 121.134749818805005, 13.081932675846801 ], [ 121.134749866416001, 13.0902661277752 ], [ 121.143083862496994, 13.090266082276599 ], [ 121.143083910108004, 13.0985985349231 ], [ 121.159749901721, 13.098598443054099 ], [ 121.159749854110999, 13.0902659904046 ], [ 121.176416848244003, 13.0902658994075 ], [ 121.176416753023005, 13.0735999957922 ], [ 121.18474974838, 13.0735999494156 ], [ 121.184749605548006, 13.0486015944215 ], [ 121.193083602528006, 13.0486015489153 ] ] ] } },
{ "type": "Feature", "properties": { "tenement_no": "MPSA No. 168-2001-V", "tenement_name": "Rapu-Rapu Minerals, Inc.", "tenement_type": "MPSA", "commodity": "Copper and Gold", "operation_status": "With rehabilitation and decommissioning activity", "province": "Albay", "municipality": "Rapu-Rapu", "permit_ha": 1440.1, "date_approved": "2001-01-15", "date_expiration": "2026-01-15" }, "geometry": { "type": "MultiPolygon", "coordinates": [ [ [ [ 124.197746923536997, 13.1760765863835 ], [ 124.196774919449993, 13.175128655233401 ], [ 124.198731927143996, 13.177045516269001 ], [ 124.200969913486006, 13.175400613530201 ], [ 124.200969908995006, 13.174548671517099 ], [ 124.197746923536997, 13.1760765863835 ] ] ], [ [ [ 124.214852900094996, 13.177313409630999 ], [ 124.214749898367003, 13.177197417181899 ], [ 124.214746945604006, 13.185325873869999 ], [ 124.216135935967998, 13.18413194575 ], [ 124.216969914809994, 13.1807981640293 ], [ 124.215580913666003, 13.179965227764001 ], [ 124.214852900094996, 13.177313409630999 ] ] ], [ [ [ 124.188947933413999, 13.1751276992194 ], [ 124.190904941108002, 13.1770455591275 ], [ 124.192861927243001, 13.175128677100201 ], [ 124.194817933316003, 13.1770455381356 ], [ 124.196774919449993, 13.175128655233401 ], [ 124.189469922865996, 13.1735767989608 ], [ 124.180580947603005, 13.1749657549317 ], [ 124.173635981410996, 13.1787155429697 ], [ 124.168081001814997, 13.1805204530322 ], [ 124.168081105121004, 13.1985752457426 ], [ 124.159747119819997, 13.198575291221101 ], [ 124.159747169227998, 13.2069077348599 ], [ 124.184747123684005, 13.206907596680001 ], [ 124.184747171295001, 13.2152410397642 ], [ 124.193081147613, 13.213574104905399 ], [ 124.193081108087, 13.2069075503285 ], [ 124.206275085076996, 13.2069074786149 ], [ 124.209747044904006, 13.2007968675138 ], [ 124.209747030531005, 13.198575015726499 ], [ 124.212525026528994, 13.198574999984 ], [ 124.212525012155993, 13.1960751679085 ], [ 124.213636004481998, 13.195242217213799 ], [ 124.211691999004003, 13.1935753391208 ], [ 124.211274972301993, 13.188853656541699 ], [ 124.213635964058, 13.188019700784899 ], [ 124.214746945604006, 13.185325873869999 ], [ 124.209746954173994, 13.185325900983599 ], [ 124.209746983817993, 13.190242572131201 ], [ 124.193081013764001, 13.1902426648405 ], [ 124.193080985018, 13.1853259936948 ], [ 124.187129995705007, 13.185326026930801 ], [ 124.187129969653995, 13.1810163137639 ], [ 124.185034961867999, 13.1789624628758 ], [ 124.188947933413999, 13.1751276992194 ] ], [ [ 124.193081060476999, 13.1985751084326 ], [ 124.184747076074004, 13.198575153911101 ], [ 124.184747028462994, 13.190242711195101 ], [ 124.193081013764001, 13.1902426648405 ], [ 124.193081060476999, 13.1985751084326 ] ] ], [ [ [ 124.184747176684994, 13.2160739834562 ], [ 124.184747171295001, 13.2152410397642 ], [ 124.176414187616004, 13.2152410861141 ], [ 124.176414214565, 13.2201017610669 ], [ 124.180025209343995, 13.2202407318421 ], [ 124.182664184763993, 13.2169069400459 ], [ 124.184747176684994, 13.2160739834562 ] ] ], [ [ [ 124.159747215940001, 13.215241178813899 ], [ 124.159747264448995, 13.223573621062799 ], [ 124.168081244359996, 13.2227406312724 ], [ 124.168081202139007, 13.215241132464 ], [ 124.159747215940001, 13.215241178813899 ] ] ] ] } },
{ "type": "Feature", "properties": { "tenement_no": "MPSA No. 169-2001-VIII", "tenement_name": "Plethora Mineral Corporation", "tenement_type": "MPSA", "commodity": "Copper and gold", "operation_status": "No exploration activity due to expired Exploration Period", "province": "Southern Leyte", "municipality": "St. Bernard", "permit_ha": 867.2, "date_approved": "2001-01-15", "date_expiration": "2026-01-15" }, "geometry": { "type": "Polygon", "coordinates": [ [ [ 125.134730458556007, 10.290437629963 ], [ 125.134730532218001, 10.30710245124 ], [ 125.126397549437002, 10.3071024865928 ], [ 125.126397658133001, 10.331545760318299 ], [ 125.155689478251006, 10.305158498500299 ], [ 125.158816405956998, 10.290437524783 ], [ 125.134730458556007, 10.290437629963 ] ] ] } },
{ "type": "Feature", "properties": { "tenement_no": "MPSA No. 171-2001-IV", "tenement_name": "Central Palawan Mining and Industrial Corporation", "tenement_type": "MPSA", "commodity": "Limestone", "operation_status": "With exploration activity", "province": "Palawan", "municipality": "Quezon", "permit_ha": 4896.1, "date_approved": "2001-01-15", "date_expiration": "2034-01-15" }, "geometry": { "type": "MultiPolygon", "coordinates": [ [ [ [ 117.984730496930993, 9.207208534469039 ], [ 117.976397488996994, 9.207208565504979 ], [ 117.976397553675994, 9.22387441978201 ], [ 117.993064569368997, 9.22387435416621 ], [ 117.993064602607006, 9.23220678093114 ], [ 118.034730638509004, 9.232206618668931 ], [ 118.034730671746004, 9.2405400463539 ], [ 118.043064678606996, 9.24054001354753 ], [ 118.043064711845005, 9.24887244075369 ], [ 118.051397717981999, 9.248872407948101 ], [ 118.051397751219994, 9.25720483466351 ], [ 118.059730758255995, 9.257204802745321 ], [ 118.059730791492996, 9.26553822886326 ], [ 118.068064798354001, 9.26553819694584 ], [ 118.068064863930999, 9.282203049750841 ], [ 118.076397870967, 9.28220301783494 ], [ 118.076397608658993, 9.215541604700149 ], [ 118.051397586828003, 9.215541701352681 ], [ 118.051397554489, 9.207208274653761 ], [ 118.034730539693996, 9.207208340272651 ], [ 118.034730508253006, 9.198875914232319 ], [ 117.984730464592005, 9.19887610754653 ], [ 117.984730496930993, 9.207208534469039 ] ] ], [ [ [ 118.076397971578004, 9.30720129792506 ], [ 118.084730977716006, 9.30720126601147 ], [ 118.084730944477997, 9.29886883820819 ], [ 118.093064951339002, 9.29886880540727 ], [ 118.093064884862997, 9.28220295311659 ], [ 118.076397870967, 9.28220301783494 ], [ 118.076397971578004, 9.30720129792506 ] ] ] ] } },
{ "type": "Feature", "properties": { "tenement_no": "MPSA No. 172-2001-IV", "tenement_name": "Palawan Star Mining Ventures Inc.", "tenement_type": "MPSA", "commodity": "Limestone", "operation_status": "No activity due to expiration of the mining tenement but with application for renewal", "province": "Palawan", "municipality": "Quezon", "permit_ha": 5234.2, "date_approved": "2001-01-15", "date_expiration": "2026-01-15" }, "geometry": { "type": "MultiPolygon", "coordinates": [ [ [ [ 117.968064547538006, 9.22387445170318 ], [ 117.976397553675994, 9.22387441978201 ], [ 117.976397488996994, 9.207208565504979 ], [ 117.984730496930993, 9.207208534469039 ], [ 117.984730464592005, 9.19887610754653 ], [ 118.034730508253006, 9.198875914232319 ], [ 118.034730539693996, 9.207208340272651 ], [ 118.051397554489, 9.207208274653761 ], [ 118.051397586828003, 9.215541701352681 ], [ 118.076397608658993, 9.215541604700149 ], [ 118.076397804492004, 9.265538163255259 ], [ 118.093064819285999, 9.265538099420411 ], [ 118.093064491400995, 9.18220983509174 ], [ 118.043064449536999, 9.18221002930183 ], [ 118.043064480978003, 9.190543454229161 ], [ 118.026397467080997, 9.19054351985111 ], [ 118.026397370062995, 9.16554524261276 ], [ 118.001397348232999, 9.165545338392111 ], [ 118.001397380572001, 9.173877763513691 ], [ 117.993064373536001, 9.173877796326209 ], [ 117.993064405875998, 9.18221022173835 ], [ 117.984730399015007, 9.1822102545501 ], [ 117.984730431353995, 9.19054368124565 ], [ 117.968064415485998, 9.19054374598084 ], [ 117.968064547538006, 9.22387445170318 ] ] ], [ [ [ 117.976397587812002, 9.2322068456587 ], [ 117.984730594848003, 9.23220681373826 ], [ 117.984730561609993, 9.22387438697413 ], [ 117.976397553675994, 9.22387441978201 ], [ 117.976397587812002, 9.2322068456587 ] ] ] ] } },
{ "type": "Feature", "properties": { "tenement_no": "MPSA No. 173-2001-IV", "tenement_name": "Pyramid Hill Mining and Industrial Corporation", "tenement_type": "MPSA", "commodity": "Limestone", "operation_status": "No exploration activity due to expired Exploration Period", "province": "Palawan", "municipality": "Sofronio Española", "permit_ha": 5065.5, "date_approved": "2001-01-15", "date_expiration": "2026-01-15" }, "geometry": { "type": "MultiPolygon", "coordinates": [ [ [ [ 118.026339369439, 9.16557623964585 ], [ 118.026339467355001, 9.190574518246329 ], [ 118.034672475289, 9.190574485435359 ], [ 118.034672442051004, 9.18224106035116 ], [ 118.076339477778006, 9.182240898952831 ], [ 118.076339347523003, 9.148910196056249 ], [ 118.018006297724, 9.14891041955183 ], [ 118.018006330063002, 9.157242846380649 ], [ 118.001339315269007, 9.15724291023507 ], [ 118.001339347607995, 9.16557633542519 ], [ 118.026339369439, 9.16557623964585 ] ] ], [ [ [ 118.001339347607995, 9.16557633542519 ], [ 117.993006340571995, 9.16557636823852 ], [ 117.993006372912006, 9.17390879351848 ], [ 118.001339380846005, 9.173908762479609 ], [ 118.001339347607995, 9.16557633542519 ] ] ], [ [ [ 117.984672398390003, 9.182241251900839 ], [ 117.993006406148993, 9.1822412208627 ], [ 117.993006372912006, 9.17390879351848 ], [ 117.984672366051001, 9.17390882633099 ], [ 117.984672398390003, 9.182241251900839 ] ] ], [ [ [ 117.951397564185001, 9.23220694319336 ], [ 117.976397587812002, 9.2322068456587 ], [ 117.976397553675994, 9.22387441978201 ], [ 117.968064547538006, 9.22387445170318 ], [ 117.968064448723993, 9.19887617228016 ], [ 117.959730440965004, 9.19887620420363 ], [ 117.959730506542002, 9.215542056927649 ], [ 117.951397498608003, 9.215542089736299 ], [ 117.951397564185001, 9.23220694319336 ] ] ], [ [ [ 118.109730735442, 9.24053975375681 ], [ 118.118064742301996, 9.240539721837139 ], [ 118.118064873456007, 9.27387042793967 ], [ 118.134730887527994, 9.273870363219819 ], [ 118.134730821950996, 9.2572045092755 ], [ 118.151397834050996, 9.25720444543917 ], [ 118.151397770269995, 9.24053959149847 ], [ 118.126397749337997, 9.24053968903082 ], [ 118.126397650523003, 9.21554140962161 ], [ 118.118064643487003, 9.215541442430281 ], [ 118.118064577910005, 9.19887559056405 ], [ 118.101397563115995, 9.19887565529767 ], [ 118.101397628692993, 9.21554150716088 ], [ 118.109730635727999, 9.2155414743522 ], [ 118.109730735442, 9.24053975375681 ] ] ] ] } },
{ "type": "Feature", "properties": { "tenement_no": "MPSA No. 175-2002-I", "tenement_name": "Discovery Mines, Inc.", "tenement_type": "MPSA", "commodity": "Alluvial Gold", "operation_status": "With exploration activity", "province": "Ilocos Sur", "municipality": "Caoayan and Santa", "permit_ha": 2701.5, "date_approved": "2002-11-20", "date_expiration": "2027-11-20" }, "geometry": { "type": "Polygon", "coordinates": [ [ [ 120.393114052133001, 17.498328582652 ], [ 120.393114183286997, 17.514994599277198 ], [ 120.401447182238002, 17.5149945393105 ], [ 120.401447315189003, 17.5316595572796 ], [ 120.376447318510998, 17.531659739733101 ], [ 120.376447384087996, 17.539993248959401 ], [ 120.401447380766001, 17.539993066514299 ], [ 120.401447446342999, 17.548325576836199 ], [ 120.41811444407, 17.548325456068198 ], [ 120.418114510544996, 17.556657965197999 ], [ 120.426447508598002, 17.556657904388501 ], [ 120.426447575072999, 17.564991414993401 ], [ 120.459780569803996, 17.564991169197501 ], [ 120.459780504226998, 17.556657660294299 ], [ 120.451447505275993, 17.5566577219602 ], [ 120.451447439698995, 17.548325211962801 ], [ 120.443114440748005, 17.548325272774999 ], [ 120.443114308695002, 17.531659254047099 ], [ 120.434780309919006, 17.531659314008301 ], [ 120.434780243443996, 17.5233268052943 ], [ 120.426447244493005, 17.5233268661149 ], [ 120.426447112440997, 17.506660847436201 ], [ 120.401447116661004, 17.5066610307715 ], [ 120.401447051084006, 17.498328520966201 ], [ 120.393114052133001, 17.498328582652 ] ] ] } },
{ "type": "Feature", "properties": { "tenement_no": "MPSA No. 176-2002-IV", "tenement_name": "Egerton Gold Phils., Inc.", "tenement_type": "MPSA", "commodity": "Gold and Copper", "operation_status": "With exploration activity", "province": "Batangas", "municipality": "Lobo", "permit_ha": 1169.7, "date_approved": "2002-11-20", "date_expiration": "2027-11-20" }, "geometry": { "type": "Polygon", "coordinates": [ [ [ 121.243087228670007, 13.6735603944032 ], [ 121.259753220283997, 13.673560299261901 ], [ 121.259752970552, 13.631896009176399 ], [ 121.234752983755996, 13.631896151476999 ], [ 121.234753082569995, 13.648562068404599 ], [ 121.226420087213, 13.6485621155438 ], [ 121.226420137518005, 13.656894573773499 ], [ 121.243087128059003, 13.6568944786255 ], [ 121.243087228670007, 13.6735603944032 ] ] ] } },
{ "type": "Feature", "properties": { "tenement_no": "MPSA No. 177-2002-IV", "tenement_name": "Egerton Gold Phils., Inc.", "tenement_type": "MPSA", "commodity": "Gold and Copper", "operation_status": "With exploration activity", "province": "Batangas", "municipality": "Lobo", "permit_ha": 1016.4, "date_approved": "2002-11-20", "date_expiration": "2027-11-20" }, "geometry": { "type": "Polygon", "coordinates": [ [ [ 121.309753094163, 13.6568940971607 ], [ 121.326420084703997, 13.656894002012701 ], [ 121.326420035295996, 13.648561544635699 ], [ 121.334753030653999, 13.6485614957507 ], [ 121.334753001907998, 13.643700813181599 ], [ 121.331836982460999, 13.6402290548944 ], [ 121.318086990531, 13.640229134335501 ], [ 121.318086940225996, 13.631895676559701 ], [ 121.309752945043002, 13.6318957237022 ], [ 121.309752894737002, 13.6235632666918 ], [ 121.314197893509998, 13.6235632405006 ], [ 121.312808885180004, 13.622035348375499 ], [ 121.310863845740997, 13.615230802350601 ], [ 121.305863847124002, 13.615230831161901 ], [ 121.301697833636993, 13.612453035680799 ], [ 121.297669801378007, 13.606897420229201 ], [ 121.293086803411001, 13.6068974464223 ], [ 121.293169953269995, 13.631895818860301 ], [ 121.301419949684998, 13.631895771717801 ], [ 121.301419999990998, 13.6402292286172 ], [ 121.309752995349001, 13.6402291814764 ], [ 121.309753094163, 13.6568940971607 ] ] ] } },
{ "type": "Feature", "properties": { "tenement_no": "MPSA No. 179-2002-VIII-(SBMR)", "tenement_name": "Alumina Mining Philippines, Inc.", "tenement_type": "MPSA", "commodity": "Bauxite", "operation_status": "With exploration activity", "province": "Samar (Western Samar)", "municipality": "Motiong, San Jose de Buan and Paranas, Samar", "permit_ha": 6823.5, "date_approved": "2002-12-04", "date_expiration": "2027-12-04" }, "geometry": { "type": "Polygon", "coordinates": [ [ [ 125.034738167712007, 11.865328171239801 ], [ 125.034738596208001, 11.9486554376176 ], [ 125.101405452543005, 11.948655104532699 ], [ 125.101405024046997, 11.865327840690099 ], [ 125.034738167712007, 11.865328171239801 ] ] ] } },
{ "type": "Feature", "properties": { "tenement_no": "MPSA No. 180-2002-VIII-(SBMR)", "tenement_name": "Bauxite Resources, Inc.", "tenement_type": "MPSA", "commodity": "Bauxite", "operation_status": "With exploration activity", "province": "Samar", "municipality": "Matuguinao, Gandara, San Jose de Buan and San Jorge", "permit_ha": 5622.7, "date_approved": "2002-12-04", "date_expiration": "2035-07-04" }, "geometry": { "type": "Polygon", "coordinates": [ [ [ 124.934739281437004, 12.0403166435327 ], [ 124.934739761138005, 12.1319763604003 ], [ 124.984739656577005, 12.1319761065854 ], [ 124.984739177774998, 12.040316391387901 ], [ 124.934739281437004, 12.0403166435327 ] ] ] } },
{ "type": "Feature", "properties": { "tenement_no": "MPSA No. 181-2002-III", "tenement_name": "Eagle Cement Corporation", "tenement_type": "MPSA", "commodity": "Limestone", "operation_status": "With commercial operation", "province": "Bulacan", "municipality": "San Ildefonso", "permit_ha": 162.6, "date_approved": "2002-12-08", "date_expiration": "2052-12-08" }, "geometry": { "type": "MultiPolygon", "coordinates": [ [ [ [ 121.075462986347006, 15.049204307617799 ], [ 121.072070993647998, 15.049701278639899 ], [ 121.071532985437997, 15.0524761349612 ], [ 121.076046980214997, 15.0532960362313 ], [ 121.076817051110993, 15.0503442021776 ], [ 121.075462986347006, 15.049204307617799 ] ] ], [ [ [ 121.075981057348002, 15.0568058021768 ], [ 121.075986008862003, 15.055601877941401 ], [ 121.071565013970996, 15.054920932893101 ], [ 121.071879111707005, 15.056805862032601 ], [ 121.075981057348002, 15.0568058021768 ] ] ], [ [ [ 121.070623117818997, 15.066313195668499 ], [ 121.070176185304007, 15.0705609843003 ], [ 121.069679169916, 15.071232879015 ], [ 121.071498176619002, 15.0709249373649 ], [ 121.072882114858004, 15.065658265539 ], [ 121.070721132101994, 15.065003254457 ], [ 121.070623117818997, 15.066313195668499 ] ] ], [ [ [ 121.076429241216005, 15.090137713275601 ], [ 121.072262295277994, 15.0901376993982 ], [ 121.072262296176007, 15.094303438766399 ], [ 121.076429323861007, 15.0943034604494 ], [ 121.076429241216005, 15.090137713275601 ] ] ], [ [ [ 121.072262277312007, 15.0984701693032 ], [ 121.072262341091999, 15.1026369924148 ], [ 121.076429348115994, 15.1026369412448 ], [ 121.076429388540006, 15.0984701111938 ], [ 121.072262277312007, 15.0984701693032 ] ] ], [ [ [ 121.063929355615997, 15.1049478142069 ], [ 121.063621428407998, 15.106716723898201 ], [ 121.068096441690997, 15.1068026999619 ], [ 121.068096367131005, 15.1026369724672 ], [ 121.063929377175, 15.102637049655799 ], [ 121.063929355615997, 15.1049478142069 ] ] ], [ [ [ 121.079452032621006, 15.050414137518899 ], [ 121.079578075238999, 15.052662015995001 ], [ 121.082560055282002, 15.052534055701001 ], [ 121.082433980326002, 15.0502861758749 ], [ 121.079452032621006, 15.050414137518899 ] ] ], [ [ [ 121.079522056298003, 15.056826764708999 ], [ 121.079578075238999, 15.052662015995001 ], [ 121.078084079902993, 15.059374610889799 ], [ 121.082160082198996, 15.0599835735892 ], [ 121.083000993339994, 15.0547319118053 ], [ 121.079522056298003, 15.056826764708999 ] ] ], [ [ [ 121.080596223086999, 15.0776384725716 ], [ 121.078257241852, 15.0776384396108 ], [ 121.078257216699996, 15.0789043951441 ], [ 121.079773214471004, 15.080540338401301 ], [ 121.080596260815994, 15.080557343351201 ], [ 121.080596223086999, 15.0776384725716 ] ] ], [ [ [ 121.086562137010006, 15.0777523651964 ], [ 121.083743163460994, 15.077750413569801 ], [ 121.083743151782997, 15.080918250432299 ], [ 121.086562182823997, 15.0809182209415 ], [ 121.086562137010006, 15.0777523651964 ] ] ], [ [ [ 121.076429204384993, 15.079596370290799 ], [ 121.076429251098006, 15.0818042253215 ], [ 121.078507207062998, 15.0818042374647 ], [ 121.079773214471004, 15.080540338401301 ], [ 121.076429204384993, 15.079596370290799 ] ] ], [ [ [ 121.076429325657998, 15.104900818108399 ], [ 121.072262367142997, 15.1049008640742 ], [ 121.072262404872006, 15.1068026366511 ], [ 121.076429439744004, 15.1058587097718 ], [ 121.076429325657998, 15.104900818108399 ] ] ] ] } },
{ "type": "Feature", "properties": { "tenement_no": "MPSA No. 182-2002-III", "tenement_name": "Diamante Cement and Mining Corporation", "tenement_type": "MPSA", "commodity": "Basalt and andesite", "operation_status": "With exploration activity", "province": "Bataan", "municipality": "Mariveles", "permit_ha": 129.7, "date_approved": "2002-12-08", "date_expiration": "2027-12-08" }, "geometry": { "type": "Polygon", "coordinates": [ [ [ 120.476389106070002, 14.4317045573441 ], [ 120.476139314234004, 14.4185470939466 ], [ 120.473861511863007, 14.4185471078669 ], [ 120.470861561023, 14.4150390750345 ], [ 120.468964294887996, 14.4150390593738 ], [ 120.470963140717998, 14.417327188480201 ], [ 120.472191100239542, 14.421766349043617 ], [ 120.470328110864003, 14.421766429149701 ], [ 120.467805946973996, 14.419847125538199 ], [ 120.468046348719994, 14.4318845617503 ], [ 120.476389106070002, 14.4317045573441 ] ] ] } },
{ "type": "Feature", "properties": { "tenement_no": "MPSA No. 183-2002-XI", "tenement_name": "King Eagle Exploration and Mining Corporation", "tenement_type": "MPSA", "commodity": "Gold", "operation_status": "With exploration activity", "province": "Davao de Oro (Compostela Valley)", "municipality": "Pantukan", "permit_ha": 347.7, "date_approved": "2002-12-08", "date_expiration": "2027-12-08" }, "geometry": { "type": "Polygon", "coordinates": [ [ [ 126.034716826495995, 7.18232537908746 ], [ 126.026383847307997, 7.1823254049342 ], [ 126.026383947919996, 7.21565694007616 ], [ 126.034716927107993, 7.21565691334011 ], [ 126.034716826495995, 7.18232537908746 ] ] ] } },
{ "type": "Feature", "properties": { "tenement_no": "MPSA No. 184-2002-XIII", "tenement_name": "Greenstone Resources Corporation (Surviving corporation from merger with Merill Crowe Corporation)", "tenement_type": "MPSA", "commodity": "Gold and silver", "operation_status": "With commercial operation", "province": "Surigao del Norte", "municipality": "Alegria, Mainit, Tubod and Bacuag", "permit_ha": 3361.3, "date_approved": "2002-12-10", "date_expiration": "2052-12-10" }, "geometry": { "type": "MultiPolygon", "coordinates": [ [ [ [ 125.584726067079004, 9.4904927262664 ], [ 125.576393086992994, 9.49049275816312 ], [ 125.576393154366002, 9.507157563577289 ], [ 125.584726135351005, 9.50715753079615 ], [ 125.584726102112995, 9.498825128461499 ], [ 125.609726042196996, 9.498825028343701 ], [ 125.609726076333004, 9.50715743068079 ], [ 125.626393037228993, 9.507157364232519 ], [ 125.626393003990998, 9.498824961893799 ], [ 125.618060022109006, 9.49882499556173 ], [ 125.618059955633001, 9.48215919114979 ], [ 125.609725975722, 9.48215922393336 ], [ 125.609725942484005, 9.473826820776781 ], [ 125.584726000603993, 9.47382692090191 ], [ 125.584726067079004, 9.4904927262664 ] ] ], [ [ [ 125.568060241653995, 9.52382340268977 ], [ 125.559726261742995, 9.523823436355251 ], [ 125.559726294979995, 9.53215583885093 ], [ 125.551393313996002, 9.532155871629699 ], [ 125.551393349029993, 9.54048927546169 ], [ 125.559726329116003, 9.54048924179784 ], [ 125.559726430626, 9.56548745086064 ], [ 125.568060411434999, 9.56548741719927 ], [ 125.568060445571007, 9.57381982096109 ], [ 125.593060385654994, 9.57381972086529 ], [ 125.593060216772002, 9.53215570507821 ], [ 125.584676236632006, 9.53215273993048 ], [ 125.584676202495999, 9.52381933625405 ], [ 125.576393222638004, 9.52382336902431 ], [ 125.576393187603998, 9.515490966994101 ], [ 125.568060208416, 9.51549099977445 ], [ 125.568060241653995, 9.52382340268977 ] ] ] ] } },
{ "type": "Feature", "properties": { "tenement_no": "MPSA No. 185-2002-III", "tenement_name": "Marbleland Mining and Development Corporation", "tenement_type": "MPSA", "commodity": "Marbelized Limestone", "operation_status": "With exploration activity", "province": "Nueva Ecija", "municipality": "General Tinio (Papaya)", "permit_ha": 25.5, "date_approved": "2002-12-11", "date_expiration": "2027-12-11" }, "geometry": { "type": "Polygon", "coordinates": [ [ [ 121.125474761107995, 15.321583877509999 ], [ 121.125455795874998, 15.3200339100596 ], [ 121.127577833968999, 15.318331014038501 ], [ 121.125213828365005, 15.3158811951467 ], [ 121.124547755430001, 15.316095198538299 ], [ 121.124688800811001, 15.319847910837099 ], [ 121.123449803048999, 15.3214588829084 ], [ 121.121683823896007, 15.319599996234301 ], [ 121.119241876865004, 15.322261827949999 ], [ 121.120930803923002, 15.323197794032501 ], [ 121.125408843629998, 15.323066711468799 ], [ 121.125474761107995, 15.321583877509999 ] ] ] } },
{ "type": "Feature", "properties": { "tenement_no": "MPSA No. 186-2002-V", "tenement_name": "UBS Marketing Corporation", "tenement_type": "MPSA", "commodity": "Perlite, kaolin and bentonite", "operation_status": "With commercial operation", "province": "Albay", "municipality": "Legazpi City", "permit_ha": 279.9, "date_approved": "2002-12-11", "date_expiration": "2027-12-11" }, "geometry": { "type": "MultiPolygon", "coordinates": [ [ [ [ 123.781382282720998, 13.115831901933801 ], [ 123.781365251560999, 13.110409264580801 ], [ 123.775832260927004, 13.110426292768601 ], [ 123.775841277316999, 13.1131371122031 ], [ 123.778607271824001, 13.1131290973284 ], [ 123.778616287315998, 13.1158409167095 ], [ 123.781382282720998, 13.115831901933801 ] ] ], [ [ [ 123.778624302085007, 13.118534736323699 ], [ 123.778619671269993, 13.118552113022499 ], [ 123.778787031, 13.1185516064719 ], [ 123.778624302085007, 13.118534736323699 ] ] ], [ [ [ 123.773091311450003, 13.1185687653266 ], [ 123.773057250030007, 13.1077224899886 ], [ 123.770291254624993, 13.1077305041645 ], [ 123.770308285783997, 13.1131541419517 ], [ 123.764775294250995, 13.113170170824301 ], [ 123.764783309918997, 13.1158819897525 ], [ 123.762017313615999, 13.1158900045375 ], [ 123.762025329283006, 13.118601824092501 ], [ 123.756492338648002, 13.1186178534848 ], [ 123.756517385474993, 13.1267533088436 ], [ 123.759283379981994, 13.1267452952877 ], [ 123.759292396372004, 13.1294561132393 ], [ 123.762058390879005, 13.129448098896701 ], [ 123.762050375211004, 13.126736280037001 ], [ 123.767583367642999, 13.1267202502993 ], [ 123.767575351974997, 13.1240084319509 ], [ 123.770342347205002, 13.124000417430601 ], [ 123.770333331713005, 13.1212885988139 ], [ 123.775866323246007, 13.1212715696286 ], [ 123.775878349891002, 13.125972254491399 ], [ 123.776800348359004, 13.125969251148099 ], [ 123.778619671269993, 13.118552113022499 ], [ 123.773091311450003, 13.1185687653266 ] ] ], [ [ [ 123.781391298212995, 13.118543721254699 ], [ 123.778787031, 13.1185516064719 ], [ 123.781392300733003, 13.118821702785599 ], [ 123.781391298212995, 13.118543721254699 ] ] ] ] } },
{ "type": "Feature", "properties": { "tenement_no": "MPSA No. 187-2002-XI", "tenement_name": "Helix Mining and Development Corporation (formerly Holcim Mining and Development Corporation)", "tenement_type": "MPSA", "commodity": "Limestone", "operation_status": "With commercial operation", "province": "Davao del Norte", "municipality": "City of Panabo", "permit_ha": 1650.4, "date_approved": "2002-12-11", "date_expiration": "2027-12-11" }, "geometry": { "type": "Polygon", "coordinates": [ [ [ 125.584448021431001, 7.21565827866004 ], [ 125.584448122042005, 7.24898882037822 ], [ 125.601115083836007, 7.24898877047463 ], [ 125.601115102701002, 7.25537729842221 ], [ 125.617782063597005, 7.25523825832921 ], [ 125.617781044907005, 7.24898871789765 ], [ 125.613615054776005, 7.24898873215583 ], [ 125.613615003571994, 7.23232296057301 ], [ 125.626114973613994, 7.23232292225276 ], [ 125.626114949360002, 7.22399053822856 ], [ 125.630280939491001, 7.22399052486077 ], [ 125.630280914338002, 7.21565814052391 ], [ 125.584448021431001, 7.21565827866004 ] ] ] } },
{ "type": "Feature", "properties": { "tenement_no": "MPSA No. 188-2002-III", "tenement_name": "Rosemoor Mining Development Corporation", "tenement_type": "MPSA", "commodity": "Marbleized Limestone", "operation_status": "No commercial operation due to suspension issued by DENR/MGB or other Government agency", "province": "Bulacan", "municipality": "Doña Remedios Trinidad", "permit_ha": 306.0, "date_approved": "2002-12-11", "date_expiration": "2027-12-11" }, "geometry": { "type": "Polygon", "coordinates": [ [ [ 121.081586591432995, 15.127666741450501 ], [ 121.081589341175999, 15.1484986477797 ], [ 121.093045055632999, 15.148501499672999 ], [ 121.093047847597006, 15.131833120298699 ], [ 121.097211816517998, 15.1318358856995 ], [ 121.097214610278996, 15.1276667865442 ], [ 121.081586591432995, 15.127666741450501 ] ] ] } },
{ "type": "Feature", "properties": { "tenement_no": "MPSA No. 189-2004-III", "tenement_name": "Palakol Quarry and Development Corporation", "tenement_type": "MPSA", "commodity": "Gravel,Boulder, and Sand", "operation_status": "With exploration activity", "province": "Pampanga", "municipality": "Floridablanca", "permit_ha": 651.3, "date_approved": "2004-01-18", "date_expiration": "2029-01-18" }, "geometry": { "type": "MultiPolygon", "coordinates": [ [ [ [ 120.476371634735997, 14.9693454501134 ], [ 120.484705160998004, 14.9693453850261 ], [ 120.488871976680002, 14.9651790861205 ], [ 120.493038845363998, 14.9526799900064 ], [ 120.497205511925998, 14.9526799136314 ], [ 120.497205519112001, 14.948513553039399 ], [ 120.488872079987004, 14.9485135599827 ], [ 120.484705185253006, 14.965178973300301 ], [ 120.472204969071996, 14.9651790817812 ], [ 120.472204889121997, 14.9693454579239 ], [ 120.474288300557006, 14.9735117096716 ], [ 120.476371622160002, 14.973511746987599 ], [ 120.476371634735997, 14.9693454501134 ] ] ], [ [ [ 120.474288155029996, 14.9818444690506 ], [ 120.472204715746997, 14.986010770961901 ], [ 120.472204660949998, 14.9901772330106 ], [ 120.474287983451006, 14.998509881605299 ], [ 120.465954302678995, 15.015175243210001 ], [ 120.465954189491001, 15.0207303990941 ], [ 120.463870886753, 15.0207304719743 ], [ 120.459704146529006, 15.0235079887811 ], [ 120.451370701114996, 15.0235080078686 ], [ 120.451370691234004, 15.025591203313599 ], [ 120.457620786299003, 15.0255912041812 ], [ 120.457620643466001, 15.031840725779601 ], [ 120.459704043222999, 15.031840724912 ], [ 120.459704124970003, 15.0255911972404 ], [ 120.463870888550005, 15.0235079098286 ], [ 120.470120974631001, 15.023508008736201 ], [ 120.470121085124006, 15.015175207636601 ], [ 120.476371323020999, 15.006842529180201 ], [ 120.484704719026993, 14.9985097783476 ], [ 120.484704844790997, 14.9901771523103 ], [ 120.480538229432995, 14.990177167062001 ], [ 120.480538329146, 14.9776780704437 ], [ 120.476371597007002, 14.9776781320572 ], [ 120.474288155029996, 14.9818444690506 ] ] ] ] } },
{ "type": "Feature", "properties": { "tenement_no": "MPSA No. 190-2004-XIII", "tenement_name": "Phigold Metallic Ore, Inc.", "tenement_type": "MPSA", "commodity": "Gold", "operation_status": "With exploration activity", "province": "Surigao del Sur", "municipality": "Barobo", "permit_ha": 460.7, "date_approved": "2004-02-05", "date_expiration": "2029-02-05" }, "geometry": { "type": "Polygon", "coordinates": [ [ [ 126.076388198391001, 8.53222613169287 ], [ 126.076388228933993, 8.5405595245643 ], [ 126.084721206325, 8.540559494360251 ], [ 126.084721218002997, 8.543484281595431 ], [ 126.093055194320996, 8.54288929560056 ], [ 126.093055186236995, 8.54055946504457 ], [ 126.109721143713998, 8.54055940552489 ], [ 126.109721112272993, 8.53222601176247 ], [ 126.093055154796005, 8.53222607217185 ], [ 126.093055126048995, 8.523893679017981 ], [ 126.084721147037001, 8.523893709223341 ], [ 126.084721175783002, 8.53222610148816 ], [ 126.076388198391001, 8.53222613169287 ] ] ] } },
{ "type": "Feature", "properties": { "tenement_no": "MPSA No. 191-2004-III", "tenement_name": "Zambales Diversified Metals Corporation", "tenement_type": "MPSA", "commodity": "Nickel", "operation_status": "With exploration activity", "province": "Zambales", "municipality": "Sta. Cruz and Candelaria", "permit_ha": 3744.4, "date_approved": "2004-05-21", "date_expiration": "2029-05-21" }, "geometry": { "type": "MultiPolygon", "coordinates": [ [ [ [ 120.043026467988994, 15.6208453853706 ], [ 120.043026487752002, 15.6181234513768 ], [ 120.037748597996995, 15.618123416770899 ], [ 120.037748575538998, 15.6151236301429 ], [ 120.034692877048002, 15.615123627547399 ], [ 120.034692912981001, 15.620845233106699 ], [ 120.043026467988994, 15.6208453853706 ] ] ], [ [ [ 120.043026532667994, 15.6345662100527 ], [ 120.043026512007003, 15.6373436773333 ], [ 120.054137840230993, 15.6373438572671 ], [ 120.054137709974995, 15.634566274068399 ], [ 120.051359952929005, 15.6345663112668 ], [ 120.051359855011995, 15.631788733639601 ], [ 120.048582046760998, 15.6317887414254 ], [ 120.048582108744995, 15.6345663121319 ], [ 120.043026532667994, 15.6345662100527 ] ] ], [ [ [ 120.036276578148005, 15.6834502331564 ], [ 120.041804372927004, 15.6834502513187 ], [ 120.041804374723995, 15.688866365909799 ], [ 120.044582195551001, 15.6888663866662 ], [ 120.044582242263004, 15.694282601337401 ], [ 120.047360143939002, 15.694282599607799 ], [ 120.047193418418999, 15.699559850629599 ], [ 120.050526900250006, 15.699559835928 ], [ 120.050526939776006, 15.715113830505601 ], [ 120.04769355725, 15.7151138002398 ], [ 120.047693555452994, 15.721002124844199 ], [ 120.051360314050996, 15.7210022372567 ], [ 120.051360297881999, 15.7263211226224 ], [ 120.050527070930002, 15.7263211407809 ], [ 120.050526935283997, 15.72344641624 ], [ 120.043026925231999, 15.7234462649173 ], [ 120.043026738381997, 15.706781276502699 ], [ 120.034693315425997, 15.7067812929334 ], [ 120.034693190560006, 15.6984487094694 ], [ 120.036082158466002, 15.6984486913084 ], [ 120.03608212972, 15.688727419394199 ], [ 120.033304236128998, 15.688727470420201 ], [ 120.033304315180999, 15.694185267859201 ], [ 120.030526539269999, 15.6941852730482 ], [ 120.030526534778005, 15.688727396908099 ], [ 120.027748652865, 15.6887273761518 ], [ 120.027748747187999, 15.696893312166001 ], [ 120.030526552744007, 15.696893349352999 ], [ 120.030526638083998, 15.7105030799493 ], [ 120.033332138700004, 15.710503036711501 ], [ 120.033332225837, 15.713141674227 ], [ 120.036082203381994, 15.7131416577969 ], [ 120.036082250993005, 15.718585642952201 ], [ 120.033304416690996, 15.7185856291166 ], [ 120.033304431961994, 15.7234462458939 ], [ 120.051360395798, 15.7317788916927 ], [ 120.051360394900001, 15.740111382044301 ], [ 120.055527180938, 15.740111472830501 ], [ 120.055527151293006, 15.7359452158636 ], [ 120.063860593114001, 15.735945309245601 ], [ 120.063860608384999, 15.7401115039572 ], [ 120.068027339625999, 15.7401116241408 ], [ 120.068027157268006, 15.7109477854946 ], [ 120.072193867847005, 15.710947822679 ], [ 120.072193864254004, 15.715114140081299 ], [ 120.076360672749999, 15.715114114139199 ], [ 120.076360504765006, 15.6901165568403 ], [ 120.068027083605998, 15.6901165135982 ], [ 120.068026935383998, 15.640121414887 ], [ 120.059693366901001, 15.640121370769201 ], [ 120.059693389358998, 15.6567863753253 ], [ 120.056471213283004, 15.656786330346099 ], [ 120.056471168368006, 15.6590083587264 ], [ 120.053693352929997, 15.659008373431 ], [ 120.053693318794004, 15.650870247715901 ], [ 120.051359991555998, 15.6508702693411 ], [ 120.051359974487994, 15.6484538217566 ], [ 120.048082123526001, 15.6484538278117 ], [ 120.048082172034995, 15.647703854919801 ], [ 120.051360011319005, 15.647703847134601 ], [ 120.051359945742007, 15.6401212808036 ], [ 120.026359535839006, 15.640121176132 ], [ 120.026359694841005, 15.680617049542599 ], [ 120.036276581741006, 15.6806172527901 ], [ 120.036276578148005, 15.6834502331564 ] ], [ [ 120.053693307116006, 15.661702507874001 ], [ 120.059693506139993, 15.661702558041901 ], [ 120.059693447748998, 15.665118870378301 ], [ 120.051360033777001, 15.6651188011824 ], [ 120.051360063421001, 15.6734513283418 ], [ 120.043026643160005, 15.673451248769799 ], [ 120.043026581177003, 15.665118772639101 ], [ 120.047193208213002, 15.6651187795587 ], [ 120.047193254925006, 15.6609525282206 ], [ 120.051360089471999, 15.660952536005301 ], [ 120.051359934063996, 15.659008378620801 ], [ 120.053693352929997, 15.659008373431 ], [ 120.053693307116006, 15.661702507874001 ] ], [ [ 120.034692988439005, 15.6484536625931 ], [ 120.034693018344001, 15.6428986770284 ], [ 120.037470851487001, 15.6430931134127 ], [ 120.037470802978007, 15.648453685948599 ], [ 120.034692988439005, 15.6484536625931 ] ] ] ] } },
{ "type": "Feature", "properties": { "tenement_no": "MPSA No. 192-2004-V", "tenement_name": "Rapu-Rapu Minerals, Inc.", "tenement_type": "MPSA", "commodity": "Gold, Copper and Silver", "operation_status": "With exploration activity", "province": "Albay", "municipality": "Rapu-Rapu", "permit_ha": 2807.6, "date_approved": "2004-05-21", "date_expiration": "2029-05-21" }, "geometry": { "type": "MultiPolygon", "coordinates": [ [ [ [ 124.209746983817993, 13.190242572131201 ], [ 124.209746954173994, 13.185325900983599 ], [ 124.193080985018, 13.1853259936948 ], [ 124.193081013764001, 13.1902426648405 ], [ 124.209746983817993, 13.190242572131201 ] ] ], [ [ [ 124.184747076074004, 13.198575153911101 ], [ 124.193081060476999, 13.1985751084326 ], [ 124.193081013764001, 13.1902426648405 ], [ 124.184747028462994, 13.190242711195101 ], [ 124.184747076074004, 13.198575153911101 ] ] ], [ [ [ 124.143081341107006, 13.231906156345699 ], [ 124.143081316852999, 13.227740435444201 ], [ 124.1514143176, 13.230442208551599 ], [ 124.159747279719994, 13.226351435854401 ], [ 124.159747215940001, 13.215241178813899 ], [ 124.168081202139007, 13.215241132464 ], [ 124.168081249750003, 13.223573575589 ], [ 124.176414222649996, 13.221567662508701 ], [ 124.176414187616004, 13.2152410861141 ], [ 124.184747171295001, 13.2152410397642 ], [ 124.184747123684005, 13.206907596680001 ], [ 124.159747169227998, 13.2069077348599 ], [ 124.159747119819997, 13.198575291221101 ], [ 124.168081105121004, 13.1985752457426 ], [ 124.168081009001995, 13.1819093599709 ], [ 124.159747024599, 13.181909405452499 ], [ 124.143081100358998, 13.190242941218999 ], [ 124.109747159701996, 13.190243125763001 ], [ 124.109747255822001, 13.2069080120941 ], [ 124.118081241122994, 13.206907964868099 ], [ 124.118081289632002, 13.2152414079397 ], [ 124.126414275108004, 13.215241362464299 ], [ 124.126414321821002, 13.223573806456001 ], [ 124.134747306399007, 13.223573760107699 ], [ 124.134747354908001, 13.231906203566901 ], [ 124.143081341107006, 13.231906156345699 ] ] ], [ [ [ 124.197247140439003, 13.21364107832 ], [ 124.197247125166996, 13.211074248844 ], [ 124.203267114975006, 13.2109742223056 ], [ 124.206970084662998, 13.206907474242101 ], [ 124.193081108087, 13.2069075503285 ], [ 124.193081156595994, 13.2152409942888 ], [ 124.197247140439003, 13.21364107832 ] ] ] ] } },
{ "type": "Feature", "properties": { "tenement_no": "MPSA No. 193-2004-VII", "tenement_name": "Pio B. Castillo, Jr.", "tenement_type": "MPSA", "commodity": "Gold, copper and silver", "operation_status": "With exploration activity", "province": "Cebu", "municipality": "Balamban", "permit_ha": 852.3, "date_approved": "2004-05-21", "date_expiration": "2029-05-21" }, "geometry": { "type": "Polygon", "coordinates": [ [ [ 123.718067723429996, 10.432099827571101 ], [ 123.718067797092004, 10.448765661737699 ], [ 123.751400746008002, 10.4487655159735 ], [ 123.751400710075998, 10.4404330974901 ], [ 123.759733696449999, 10.440433061268999 ], [ 123.759733659619002, 10.432099644693499 ], [ 123.751400672347003, 10.4320996817991 ], [ 123.751400633719001, 10.423767263928999 ], [ 123.743067646445994, 10.4237673010355 ], [ 123.743067683277005, 10.432099718021201 ], [ 123.718067723429996, 10.432099827571101 ] ] ] } },
{ "type": "Feature", "properties": { "tenement_no": "MPSA No. 194-2004-VII", "tenement_name": "JLR Construction and Aggregates, Inc.", "tenement_type": "MPSA", "commodity": "Basalt and stone", "operation_status": "With commercial operation", "province": "Cebu", "municipality": "Naga and Minglanilla", "permit_ha": 341.1, "date_approved": "2004-05-21", "date_expiration": "2029-05-21" }, "geometry": { "type": "Polygon", "coordinates": [ [ [ 123.759732956239006, 10.2737777359189 ], [ 123.726400007321999, 10.273777879996601 ], [ 123.726400044152996, 10.2821102964039 ], [ 123.759732993968001, 10.28211015233 ], [ 123.759732956239006, 10.2737777359189 ] ] ] } },
{ "type": "Feature", "properties": { "tenement_no": "MPSA No. 195-2004-V", "tenement_name": "4K Development Corporation", "tenement_type": "MPSA", "commodity": "Gold", "operation_status": "With exploration activity", "province": "Camarines Norte", "municipality": "Labo and Paracale", "permit_ha": 1896.5, "date_approved": "2004-06-07", "date_expiration": "2029-06-07" }, "geometry": { "type": "MultiPolygon", "coordinates": [ [ [ [ 122.818088997458005, 14.1818511866968 ], [ 122.818088946253994, 14.173518727385099 ], [ 122.809754955562994, 14.173518777030401 ], [ 122.809755007665999, 14.181851235469299 ], [ 122.818088997458005, 14.1818511866968 ] ] ], [ [ [ 122.818051049027005, 14.1901846452876 ], [ 122.824181045627, 14.190755571771501 ], [ 122.824675061541001, 14.193494390504 ], [ 122.821161097388995, 14.1985170859062 ], [ 122.834755081598004, 14.198517004915001 ], [ 122.834755029495994, 14.190184546875299 ], [ 122.82642203863, 14.190184594775101 ], [ 122.826421987426002, 14.1818511361824 ], [ 122.818088997458005, 14.1818511866968 ], [ 122.818051049027005, 14.1901846452876 ] ] ], [ [ [ 122.793089182239996, 14.206849711097799 ], [ 122.793089234342006, 14.215183170266799 ], [ 122.787701240778006, 14.215183202486701 ], [ 122.787699254602998, 14.217306064999599 ], [ 122.784755257125994, 14.2173030825062 ], [ 122.784755296651994, 14.2235156797708 ], [ 122.788922323438996, 14.2286633216127 ], [ 122.785024347469005, 14.2318481381247 ], [ 122.809755319380997, 14.231847991839601 ], [ 122.809755267279002, 14.2235155317387 ], [ 122.818089257070994, 14.2235154821044 ], [ 122.818089362174007, 14.2401814001754 ], [ 122.851422321870004, 14.240181201652801 ], [ 122.851422294920994, 14.2360144732273 ], [ 122.843089305850995, 14.2360145228589 ], [ 122.843089279799997, 14.231847793309701 ], [ 122.826422299141001, 14.2318478917039 ], [ 122.826422143732998, 14.206849513416801 ], [ 122.818089152867003, 14.206849563054799 ], [ 122.818089122323997, 14.2017928912356 ], [ 122.812900142426003, 14.2040277769315 ], [ 122.811666121330006, 14.2006160053136 ], [ 122.812406097766001, 14.196735253010401 ], [ 122.816743088498995, 14.196020274100199 ], [ 122.818033074637, 14.1941283889718 ], [ 122.817173067110005, 14.1928654762887 ], [ 122.815515074437997, 14.193724430568601 ], [ 122.811309071547001, 14.192604527254399 ], [ 122.812174056640004, 14.1901846792529 ], [ 122.801422069799997, 14.1901847436999 ], [ 122.801422173106005, 14.206849662330701 ], [ 122.793089182239996, 14.206849711097799 ] ] ] ] } },
{ "type": "Feature", "properties": { "tenement_no": "MPSA No. 196-2004-XI (Amended)", "tenement_name": "Hallmark Mining Corporation", "tenement_type": "MPSA", "commodity": "Nickel", "operation_status": "With development/construction activity", "province": "Davao Oriental", "municipality": "City of Mati (Capital)", "permit_ha": 5848.4, "date_approved": "2004-06-07", "date_expiration": "2029-06-07" }, "geometry": { "type": "MultiPolygon", "coordinates": [ [ [ [ 126.243100910313998, 6.70988783128938 ], [ 126.245628902473996, 6.70982682701361 ], [ 126.248295873890001, 6.70206339736661 ], [ 126.243100885160999, 6.70073351176127 ], [ 126.243100910313998, 6.70988783128938 ] ] ], [ [ [ 126.243047951034995, 6.72429875706005 ], [ 126.226385993755002, 6.72434480108103 ], [ 126.22637801402, 6.73154626562211 ], [ 126.216755039711003, 6.73154629238577 ], [ 126.216773020389994, 6.72436482685204 ], [ 126.199113065372003, 6.72454486248433 ], [ 126.200679066966003, 6.72614773987631 ], [ 126.199524073361005, 6.7274586455604 ], [ 126.201147075753994, 6.72983446413143 ], [ 126.200237079676995, 6.7303714262517 ], [ 126.202043080571997, 6.73227128057402 ], [ 126.205015066857996, 6.73053940081252 ], [ 126.207893076787997, 6.73642195662903 ], [ 126.206006089176995, 6.73910276209507 ], [ 126.205441104559, 6.74392240501369 ], [ 126.202110115552998, 6.744821347245 ], [ 126.199620130214001, 6.74726517249242 ], [ 126.200097132037001, 6.74887005159325 ], [ 126.202939124915005, 6.7489240391325 ], [ 126.202858139097003, 6.75374168151311 ], [ 126.199192172813, 6.76231505459467 ], [ 126.196576188874005, 6.76565081273861 ], [ 126.193378191852005, 6.76399294638225 ], [ 126.191362210657999, 6.76845761868223 ], [ 126.193109210204994, 6.77006049525175 ], [ 126.190730229685997, 6.77482414744454 ], [ 126.187947238155999, 6.77482915537247 ], [ 126.187821242251005, 6.77619805366345 ], [ 126.183513261710999, 6.77912184839312 ], [ 126.180078262167996, 6.77615507962484 ], [ 126.179038272683002, 6.77889287817232 ], [ 126.181627273925002, 6.78162366854481 ], [ 126.178589291110001, 6.78496142778349 ], [ 126.176302299873001, 6.78608835068694 ], [ 126.176227383970996, 6.81569614950905 ], [ 126.209566298599995, 6.81577204964423 ], [ 126.259718002135003, 6.75755623537354 ], [ 126.259739978520003, 6.74922185633622 ], [ 126.252589978152997, 6.74308033257696 ], [ 126.251381940827002, 6.72845842523101 ], [ 126.245662944131993, 6.72429275030935 ], [ 126.243047951034995, 6.72429875706005 ] ] ] ] } },
{ "type": "Feature", "properties": { "tenement_no": "MPSA No. 197-2004-XI (Amended)", "tenement_name": "Austral-Asia Link Mining Corporation", "tenement_type": "MPSA", "commodity": "Nickel", "operation_status": "With commercial operation", "province": "Davao Oriental", "municipality": "City of Mati (Capital)", "permit_ha": 6151.9, "date_approved": "2004-06-07", "date_expiration": "2029-06-07" }, "geometry": { "type": "Polygon", "coordinates": [ [ [ 126.245495904200993, 6.70983082836188 ], [ 126.243100910313998, 6.70988882961898 ], [ 126.243100887856002, 6.70212940772436 ], [ 126.240270894673998, 6.70152745945152 ], [ 126.238881874666006, 6.69347206343035 ], [ 126.241381860049998, 6.69069526310504 ], [ 126.234714861354007, 6.68458473721144 ], [ 126.234714834404002, 6.67514044108497 ], [ 126.231662843261006, 6.67514045000725 ], [ 126.231662847753, 6.67695631432879 ], [ 126.230558849708999, 6.67694831733885 ], [ 126.230548818222999, 6.66569715569346 ], [ 126.226528828580001, 6.66569716640035 ], [ 126.227164814242002, 6.66109750833746 ], [ 126.216453798664006, 6.64526471629472 ], [ 126.221453702958001, 6.61570090500982 ], [ 126.224437695226996, 6.61570089608646 ], [ 126.221937638876, 6.59292459937004 ], [ 126.226381598298005, 6.58236937313233 ], [ 126.226381574941996, 6.57403699502196 ], [ 126.224437533531002, 6.55737124261457 ], [ 126.229159502669006, 6.55070572654318 ], [ 126.226381504873004, 6.54903885837696 ], [ 126.218048549939994, 6.55737126046334 ], [ 126.218048642466002, 6.59070277507973 ], [ 126.214456651548005, 6.59070278578828 ], [ 126.214187655527994, 6.59195369387338 ], [ 126.186828725135001, 6.59136381217813 ], [ 126.191991902723004, 6.65956771963305 ], [ 126.189223913955999, 6.6614575869366 ], [ 126.190758933553994, 6.66995995014595 ], [ 126.199067938504001, 6.67892325849529 ], [ 126.198875945172006, 6.68136307843928 ], [ 126.200448940149997, 6.68118108718504 ], [ 126.207554941932003, 6.68866051083895 ], [ 126.206702948276003, 6.6896734372955 ], [ 126.208729961680007, 6.69656891913539 ], [ 126.206002972921993, 6.69788282726138 ], [ 126.206279988201999, 6.7035924018717 ], [ 126.201580029585003, 6.71347667998737 ], [ 126.198800034835003, 6.71300672247231 ], [ 126.197453047897994, 6.71669745131962 ], [ 126.200505062396999, 6.72430387702764 ], [ 126.199896063024994, 6.72440887159077 ], [ 126.245662944131993, 6.72429275030935 ], [ 126.245495904200993, 6.70983082836188 ] ] ] } },
{ "type": "Feature", "properties": { "tenement_no": "MPSA No. 200-2004-I", "tenement_name": "Heirs of Elias E. Olegario", "tenement_type": "MPSA", "commodity": "Zeolite and Bentonite", "operation_status": "With commercial operation", "province": "Pangasinan", "municipality": "Mangatarem", "permit_ha": 764.1, "date_approved": "2004-06-16", "date_expiration": "2029-06-16" }, "geometry": { "type": "Polygon", "coordinates": [ [ [ 120.297266742521003, 15.710937091078501 ], [ 120.297266946438, 15.740102290456299 ], [ 120.322266944912997, 15.7401021261766 ], [ 120.322266828132001, 15.7234361548311 ], [ 120.318100828119, 15.723436181636799 ], [ 120.318100770626998, 15.7151036966576 ], [ 120.309766770055006, 15.7151037511361 ], [ 120.309766740409998, 15.7109370080621 ], [ 120.297266742521003, 15.710937091078501 ] ] ] } },
{ "type": "Feature", "properties": { "tenement_no": "MPSA No. 201-2004-III", "tenement_name": "Spar Development Company, Inc.", "tenement_type": "MPSA", "commodity": "Limestone", "operation_status": "With commercial operation", "province": "Bulacan", "municipality": "Bigte and Norzagaray", "permit_ha": 25.0, "date_approved": "2004-06-16", "date_expiration": "2029-06-16" }, "geometry": { "type": "Polygon", "coordinates": [ [ [ 121.087449713832996, 14.8588601887061 ], [ 121.086491697412995, 14.8596211592409 ], [ 121.087113834646999, 14.8614880422551 ], [ 121.089558681439001, 14.860510087466301 ], [ 121.090516733791006, 14.8625769459907 ], [ 121.092830766115, 14.863481892685201 ], [ 121.091888772047, 14.864078817986901 ], [ 121.095205758115, 14.864578818573399 ], [ 121.093496743828993, 14.8593881684822 ], [ 121.091927711319997, 14.8589271735868 ], [ 121.092146704415995, 14.8610850312533 ], [ 121.091419829011002, 14.8615320112138 ], [ 121.089316728301995, 14.8591381644941 ], [ 121.087449713832996, 14.8588601887061 ] ] ] } },
{ "type": "Feature", "properties": { "tenement_no": "MPSA No. 202-2004-IVA", "tenement_name": "Hardrock Aggregates, Inc.", "tenement_type": "MPSA", "commodity": "Basalt", "operation_status": "With commercial operation", "province": "Rizal", "municipality": "City of Antipolo", "permit_ha": 45.2, "date_approved": "2004-06-16", "date_expiration": "2029-06-16" }, "geometry": { "type": "Polygon", "coordinates": [ [ [ 121.157137282872, 14.6388958190311 ], [ 121.157429258695004, 14.635163054976999 ], [ 121.153662253500997, 14.6341101448341 ], [ 121.153609243017996, 14.632502247159101 ], [ 121.150770242427996, 14.632305277993 ], [ 121.149920250218003, 14.6334182125187 ], [ 121.150237264783996, 14.6356600686057 ], [ 121.148270279502, 14.637940934796701 ], [ 121.157137282872, 14.6388958190311 ] ] ] } },
{ "type": "Feature", "properties": { "tenement_no": "MPSA No. 203-2004-VII", "tenement_name": "Kimhee Realty Corporation", "tenement_type": "MPSA", "commodity": "Limestone", "operation_status": "With exploration activity", "province": "Cebu", "municipality": "Consolacion", "permit_ha": 170.6, "date_approved": "2004-06-16", "date_expiration": "2029-06-16" }, "geometry": { "type": "Polygon", "coordinates": [ [ [ 123.951400236137005, 10.407100557084901 ], [ 123.943067251559, 10.407100593309901 ], [ 123.943067324322001, 10.423766425497 ], [ 123.951400310696997, 10.423766388390399 ], [ 123.951400236137005, 10.407100557084901 ] ] ] } },
{ "type": "Feature", "properties": { "tenement_no": "MPSA No. 204-2004-VI", "tenement_name": "Silicon Development Corporation", "tenement_type": "MPSA", "commodity": "Silica, Sand and Quartz", "operation_status": "With exploration activity", "province": "Negros Occidental", "municipality": "Babiera and Sagay", "permit_ha": 110.8, "date_approved": "2004-06-22", "date_expiration": "2029-06-22" }, "geometry": { "type": "MultiPolygon", "coordinates": [ [ [ [ 123.355735951046, 10.802714619468 ], [ 123.359735945089, 10.8027146009377 ], [ 123.359735908258003, 10.7947431549961 ], [ 123.355735913317005, 10.7947431726445 ], [ 123.355735951046, 10.802714619468 ] ] ], [ [ [ 123.343069968747002, 10.8027146768238 ], [ 123.345791964669004, 10.8027146653526 ], [ 123.345791952990993, 10.800020851931 ], [ 123.348680948419002, 10.8000208386949 ], [ 123.348680960996006, 10.8027146512343 ], [ 123.351402956917994, 10.802714638880699 ], [ 123.351402920086997, 10.7947431920577 ], [ 123.343069931916006, 10.7947432300017 ], [ 123.343069968747002, 10.8027146768238 ] ] ] ] } },
{ "type": "Feature", "properties": { "tenement_no": "MPSA No. 205-2004-VII", "tenement_name": "Solid Earth Development Corporation", "tenement_type": "MPSA", "commodity": "Limestone", "operation_status": "With commercial operation", "province": "Cebu", "municipality": "San Fernando", "permit_ha": 85.3, "date_approved": "2004-06-24", "date_expiration": "2029-06-24" }, "geometry": { "type": "Polygon", "coordinates": [ [ [ 123.684732598794, 10.1654526617485 ], [ 123.684732634726998, 10.173785076305499 ], [ 123.693066622722995, 10.1737850400537 ], [ 123.693066585891998, 10.1654526254957 ], [ 123.684732598794, 10.1654526617485 ] ] ] } },
{ "type": "Feature", "properties": { "tenement_no": "MPSA No. 206-2004-IVA", "tenement_name": "Landtech Mining Resources, Inc.", "tenement_type": "MPSA", "commodity": "Limestone, Shale, and Tuff", "operation_status": "With exploration activity", "province": "Batangas", "municipality": "Calatagan", "permit_ha": 302.0, "date_approved": "2004-08-26", "date_expiration": "2025-06-22" }, "geometry": { "type": "Polygon", "coordinates": [ [ [ 120.697631592218997, 13.8640812057874 ], [ 120.698660598903004, 13.8650701362539 ], [ 120.702532582119005, 13.862615271791499 ], [ 120.703046572971999, 13.861079367697 ], [ 120.704468567438994, 13.860254413207601 ], [ 120.704024548160007, 13.857076620184699 ], [ 120.710677511578993, 13.8513849482277 ], [ 120.718643488549006, 13.847996121732001 ], [ 120.715310459468995, 13.842996463527999 ], [ 120.712532450894003, 13.8416085691525 ], [ 120.707532458564998, 13.8424415436684 ], [ 120.709882479195997, 13.8458913080608 ], [ 120.706340491201004, 13.847827203480101 ], [ 120.704374481488998, 13.8460913281888 ], [ 120.703285485311, 13.8466332983563 ], [ 120.702079491652995, 13.8476832380522 ], [ 120.702207498885997, 13.848883159463 ], [ 120.695882532835, 13.854215852444201 ], [ 120.696360536279997, 13.854884806058999 ], [ 120.693746546601005, 13.856382724360801 ], [ 120.695563562638, 13.8591125380508 ], [ 120.693563562471994, 13.8589075630303 ], [ 120.692085574217003, 13.860645459294 ], [ 120.691332570412996, 13.8600984990456 ], [ 120.691340582487001, 13.8621093692524 ], [ 120.691321578626997, 13.8613404194928 ], [ 120.690724578951006, 13.861509410773801 ], [ 120.691977592228, 13.863712262178399 ], [ 120.690527601764998, 13.8652341719357 ], [ 120.691307610723001, 13.8667290713007 ], [ 120.694049611227996, 13.866982039041501 ], [ 120.692613624602004, 13.8692649004808 ], [ 120.697631592218997, 13.8640812057874 ] ] ] } },
{ "type": "Feature", "properties": { "tenement_no": "MPSA No. 207-2004-V", "tenement_name": "Nenita O. Pimentel", "tenement_type": "MPSA", "commodity": "Gold", "operation_status": "With exploration activity", "province": "Camarines Norte", "municipality": "Paracale", "permit_ha": 71.3, "date_approved": "2004-11-02", "date_expiration": "2029-11-02" }, "geometry": { "type": "Polygon", "coordinates": [ [ [ 122.782957291661006, 14.222427762256 ], [ 122.778162321829996, 14.2263445363418 ], [ 122.779382328308998, 14.227765435904001 ], [ 122.778200341228001, 14.2295563275323 ], [ 122.780134353847004, 14.231808170057301 ], [ 122.781200346866001, 14.2309382200096 ], [ 122.782984357901, 14.233016074885599 ], [ 122.788312324242, 14.228663325095701 ], [ 122.782957291661006, 14.222427762256 ] ] ] } },
{ "type": "Feature", "properties": { "tenement_no": "MPSA No. 208-2005-VII", "tenement_name": "Dolomite Mining Corporation", "tenement_type": "MPSA", "commodity": "Dolomite and other associated mineral deposits", "operation_status": "With commercial operation", "province": "Cebu", "municipality": " Alcoy and Dalaguete", "permit_ha": 531.4, "date_approved": "2005-03-03", "date_expiration": "2030-03-03" }, "geometry": { "type": "Polygon", "coordinates": [ [ [ 123.493064973943007, 9.71548515023988 ], [ 123.493065077249, 9.740483383931689 ], [ 123.501398064521993, 9.740483351173181 ], [ 123.501398100455006, 9.748815762866441 ], [ 123.518065075723996, 9.748815694695001 ], [ 123.510798050926994, 9.74048331221711 ], [ 123.509731053592006, 9.74048331664391 ], [ 123.509632038586005, 9.73701256204478 ], [ 123.507380014271007, 9.7302420485361 ], [ 123.507901987552998, 9.723817501043881 ], [ 123.501397995351994, 9.72381752849159 ], [ 123.501397962113998, 9.71548511570805 ], [ 123.493064973943007, 9.71548515023988 ] ] ] } },
{ "type": "Feature", "properties": { "tenement_no": "MPSA No. 209-2005-III", "tenement_name": "Eramen Minerals, Inc.", "tenement_type": "MPSA", "commodity": "Nickel", "operation_status": "With commercial operation", "province": "Zambales", "municipality": "Santa Cruz and Candelaria", "permit_ha": 4621.2, "date_approved": "2005-04-18", "date_expiration": "2055-04-18" }, "geometry": { "type": "MultiPolygon", "coordinates": [ [ [ [ 119.988532103553993, 15.7050148364028 ], [ 119.988532153860007, 15.702303691614899 ], [ 119.991331574678, 15.7023037262065 ], [ 119.991331572880995, 15.699593023588999 ], [ 119.994131243430999, 15.6995930201298 ], [ 119.99413129733, 15.696837433938599 ], [ 119.996930842116001, 15.696837476314499 ], [ 119.996930826843993, 15.6995930702883 ], [ 119.999730509971002, 15.699593084989999 ], [ 119.999730620464007, 15.702303894840799 ], [ 119.996930807979993, 15.7023038740858 ], [ 119.996930778334999, 15.705014947094501 ], [ 119.994131308109999, 15.705014889154301 ], [ 119.994131331465994, 15.707725774759901 ], [ 119.991331548627002, 15.7077257600588 ], [ 119.991331683374, 15.7239919442315 ], [ 120.010901456686, 15.7239920557776 ], [ 120.010901440515994, 15.7212809543506 ], [ 120.019328155311001, 15.7212810537922 ], [ 120.019328178666996, 15.727966424482901 ], [ 120.02315077158778, 15.72796709201122 ], [ 120.017551736835998, 15.727966964909101 ], [ 120.017551721564999, 15.722545097310499 ], [ 120.011952587975998, 15.7225449416636 ], [ 120.011952546654001, 15.727966874982201 ], [ 119.992355151045004, 15.7279667764085 ], [ 119.992355111519004, 15.725255625899999 ], [ 119.989555278373999, 15.725255637141 ], [ 119.989555280171004, 15.7279667824612 ], [ 119.983956121429003, 15.727966603472099 ], [ 119.983956099869999, 15.7252554693905 ], [ 119.981156287386, 15.725255465931699 ], [ 119.981156269419998, 15.727966591366499 ], [ 119.978356517123004, 15.7279665446737 ], [ 119.978356597971995, 15.7360996358919 ], [ 119.975556555519006, 15.7360996203283 ], [ 119.975556636367997, 15.7388099224864 ], [ 119.981141978121997, 15.7388099933865 ], [ 119.981141995190001, 15.740052321732501 ], [ 120.009884047252996, 15.7400526217593 ], [ 120.009884365256994, 15.773382547492 ], [ 120.009736919378994, 15.775329294008101 ], [ 120.006937012571996, 15.7753292378169 ], [ 120.006937114980005, 15.780695599867 ], [ 120.009736908598995, 15.7806956655658 ], [ 120.009736914887, 15.783434563921499 ], [ 120.012536659998005, 15.7834345984993 ], [ 120.012536590826997, 15.780697317544099 ], [ 120.015336398819002, 15.7806974013965 ], [ 120.015336378157997, 15.7828574841453 ], [ 120.018116730437995, 15.782857539469999 ], [ 120.018116650487997, 15.780695824625999 ], [ 120.023735320637002, 15.7806958911892 ], [ 120.023735363756998, 15.7828576164059 ], [ 120.032134406847007, 15.7828576933418 ], [ 120.032134404152004, 15.781180062877599 ], [ 120.024754815060007, 15.781180047317401 ], [ 120.024754664143003, 15.7644316505168 ], [ 120.034934665793998, 15.7644318234221 ], [ 120.034934566081006, 15.761878165494 ], [ 120.032899236073007, 15.761878146474199 ], [ 120.032899212716998, 15.759166554346599 ], [ 120.035738397461003, 15.7591665923868 ], [ 120.035738519632005, 15.761719891925701 ], [ 120.037733755133004, 15.7617198806867 ], [ 120.037733738065, 15.7644318433063 ], [ 120.038538575559002, 15.7644318727002 ], [ 120.038538521660996, 15.7618782986328 ], [ 120.041338594655997, 15.761878279613001 ], [ 120.041338589266005, 15.764431858867701 ], [ 120.043296559056003, 15.7644319254363 ], [ 120.043296577022005, 15.759017728194401 ], [ 120.032134701834593, 15.759008480533375 ], [ 120.032134654781999, 15.756776218146699 ], [ 120.026360239219997, 15.7567761533048 ], [ 120.026360056862003, 15.729187787537899 ], [ 120.023151085104473, 15.729187244524352 ], [ 120.027727229842, 15.7291872877547 ], [ 120.027727154383996, 15.7267030787187 ], [ 120.033326473924006, 15.726703119359099 ], [ 120.033326361635005, 15.718570304516099 ], [ 120.036126197474999, 15.7185703468874 ], [ 120.036126113033006, 15.715859189681799 ], [ 120.033326407448996, 15.715859156821899 ], [ 120.033326380499005, 15.7104372183819 ], [ 120.030526848289995, 15.710437163037501 ], [ 120.030526713542997, 15.696882154336899 ], [ 120.027727094197004, 15.696882182011 ], [ 120.027726987297001, 15.6887493865454 ], [ 120.030526683, 15.6887493433029 ], [ 120.030526739593995, 15.6941713692501 ], [ 120.033326328396996, 15.6941713900059 ], [ 120.033326290668001, 15.688749351086599 ], [ 120.038925709921003, 15.688749444490201 ], [ 120.038925803346004, 15.6941714168155 ], [ 120.041725318486996, 15.694171418545199 ], [ 120.041725254707004, 15.6968822269813 ], [ 120.036126064523998, 15.6968822633035 ], [ 120.036126102252993, 15.699593332323399 ], [ 120.038925871618005, 15.699593385076399 ], [ 120.038925819515001, 15.7050153518113 ], [ 120.047324080172999, 15.7050154045629 ], [ 120.047324132276003, 15.710437406034 ], [ 120.050123514465994, 15.7104374233292 ], [ 120.05012342194, 15.699593487987901 ], [ 120.047324096343004, 15.699593404102099 ], [ 120.047323990341994, 15.6941714894608 ], [ 120.044525024071007, 15.694171476488499 ], [ 120.044525060004005, 15.6887495742175 ], [ 120.041804661285994, 15.6887495171375 ], [ 120.041804654998003, 15.683327262317 ], [ 120.036126045659003, 15.683327277019799 ], [ 120.036125963912994, 15.680616384447699 ], [ 120.024927528749998, 15.6806162573099 ], [ 120.024927499105004, 15.677905117695101 ], [ 120.008129455144996, 15.6779050052588 ], [ 120.008129531501993, 15.6833269405848 ], [ 120.010901238394993, 15.6833270244774 ], [ 120.010901253667001, 15.6860381327146 ], [ 120.008129418313999, 15.686038130984899 ], [ 120.008129484788995, 15.6887491426581 ], [ 120.002530199385006, 15.688749071740499 ], [ 120.002530207470002, 15.6860379813641 ], [ 120.001359381955993, 15.686037993472199 ], [ 120.001359410701994, 15.6901159575044 ], [ 119.993026010205, 15.6901158407506 ], [ 119.993025988645002, 15.6984483367374 ], [ 119.988532043367002, 15.6984483583576 ], [ 119.988532096368004, 15.699592904246201 ], [ 119.985732346766, 15.699592834197301 ], [ 119.985732363834003, 15.7023037045868 ], [ 119.980133085616004, 15.702303720152999 ], [ 119.980133135922003, 15.7077256165073 ], [ 119.985732376409999, 15.7077257150909 ], [ 119.985732371918999, 15.7050148459154 ], [ 119.988532103553993, 15.7050148364028 ] ] ], [ [ [ 119.97555675225, 15.7577867982559 ], [ 119.975556604028, 15.741521034116399 ], [ 119.972757238007006, 15.7415209813743 ], [ 119.97275717782, 15.7469429206397 ], [ 119.969957742629006, 15.7469429093999 ], [ 119.969957766882999, 15.7523648354108 ], [ 119.967157703769999, 15.752364857025199 ], [ 119.967157911281006, 15.7657167854256 ], [ 119.972757477857002, 15.765716849400199 ], [ 119.972757347601998, 15.7577867973914 ], [ 119.97555675225, 15.7577867982559 ] ] ], [ [ [ 120.071329230402995, 15.788829489783399 ], [ 120.071329239386003, 15.7915403447717 ], [ 120.074128577560003, 15.7915404070093 ], [ 120.074128548814002, 15.7806964219661 ], [ 120.068529525716997, 15.780696392574599 ], [ 120.068529532903995, 15.7779852715207 ], [ 120.063782237563004, 15.7779852369419 ], [ 120.063782385785004, 15.7861183002979 ], [ 120.068529590395997, 15.7861183634017 ], [ 120.068529563447001, 15.788829482868 ], [ 120.071329230402995, 15.788829489783399 ] ] ], [ [ [ 120.009737019989998, 15.7888284758154 ], [ 120.009737039753006, 15.7915395624795 ], [ 120.012536803727997, 15.791539615208601 ], [ 120.012536745337002, 15.788828521629799 ], [ 120.009737019989998, 15.7888284758154 ] ] ], [ [ [ 120.048932496622001, 15.7942511280467 ], [ 120.057332640148999, 15.7942512179443 ], [ 120.057332659012999, 15.797012070054899 ], [ 120.060132135526999, 15.7970121478498 ], [ 120.060132131933997, 15.799673219346699 ], [ 120.062917941479, 15.7996732608368 ], [ 120.062917927106, 15.802356644656999 ], [ 120.065747803506994, 15.802356618726099 ], [ 120.065747778353995, 15.799673319614399 ], [ 120.074128669187999, 15.799673345545701 ], [ 120.074128674578006, 15.7970122446613 ], [ 120.071356960497994, 15.7970122740505 ], [ 120.071356963192997, 15.794301510439499 ], [ 120.068529708973998, 15.794301390288 ], [ 120.068529673040999, 15.791634429861899 ], [ 120.065605277702005, 15.7916344117093 ], [ 120.065605237278007, 15.788801658824999 ], [ 120.049755479186004, 15.7882875832697 ], [ 120.049755496253994, 15.790990897449101 ], [ 120.044185111448996, 15.790990854228401 ], [ 120.044185183313999, 15.793704181011799 ], [ 120.041527639717003, 15.793704213859099 ], [ 120.041527709785996, 15.7963569416382 ], [ 120.030202544793994, 15.796356881995299 ], [ 120.03020260049, 15.8009944154194 ], [ 120.046132610475993, 15.800994631512101 ], [ 120.046132460457997, 15.7969619770421 ], [ 120.048932564894002, 15.796962025447799 ], [ 120.048932496622001, 15.7942511280467 ] ] ], [ [ [ 119.992939028132, 15.794250449492999 ], [ 119.990139550720002, 15.7942504123238 ], [ 119.990139615399002, 15.7996712338738 ], [ 120.001338051459996, 15.7996714006985 ], [ 120.001338065832996, 15.7915394639366 ], [ 119.992938959859998, 15.7915393083426 ], [ 119.992939028132, 15.794250449492999 ] ] ] ] } },
{ "type": "Feature", "properties": { "tenement_no": "MPSA No. 210-2005-VII", "tenement_name": "Atlas Consolidated Mining and Development Corporation, Heirs of Jose Velez, Heirs of Manuel Cuenco and Jon Ramon Aboitiz", "tenement_type": "MPSA", "commodity": "Copper", "operation_status": "With commercial operation", "province": "Cebu", "municipality": "Toledo City", "permit_ha": 237.5, "date_approved": "2005-04-27", "date_expiration": "2030-04-27" }, "geometry": { "type": "MultiPolygon", "coordinates": [ [ [ [ 123.724242230653999, 10.3235034042079 ], [ 123.723300221314005, 10.320964585439301 ], [ 123.720728228772998, 10.321889530695399 ], [ 123.721671237937002, 10.3244363498426 ], [ 123.724242230653999, 10.3235034042079 ] ] ], [ [ [ 123.719099247193, 10.3253702957862 ], [ 123.718156238028996, 10.322823478898499 ], [ 123.715585245311999, 10.3237564238985 ], [ 123.716527254651993, 10.326303241185499 ], [ 123.719099247193, 10.3253702957862 ] ] ], [ [ [ 123.722445270403995, 10.3316798375978 ], [ 123.722458293279999, 10.3371044578604 ], [ 123.725875287890005, 10.337096444153399 ], [ 123.725608324757005, 10.3454078616088 ], [ 123.733822313103005, 10.345666808382401 ], [ 123.734082278360006, 10.337534376854601 ], [ 123.732470275837002, 10.336534453722299 ], [ 123.732496272182999, 10.335720511146601 ], [ 123.731401272564, 10.335686519020999 ], [ 123.731432269831004, 10.3347375854263 ], [ 123.730519270684994, 10.3347085907526 ], [ 123.730656244900999, 10.328873999174901 ], [ 123.727917249260997, 10.328955006182101 ], [ 123.727904224586993, 10.3235313853438 ], [ 123.726814223195007, 10.322569458907299 ], [ 123.724242230653999, 10.3235034042079 ], [ 123.725185240716002, 10.326049220469599 ], [ 123.722613248174994, 10.326983166042201 ], [ 123.721671237937002, 10.3244363498426 ], [ 123.719099247193, 10.3253702957862 ], [ 123.721436270997998, 10.331682841464101 ], [ 123.722445270403995, 10.3316798375978 ] ] ] ] } },
{ "type": "Feature", "properties": { "tenement_no": "MPSA No. 211-2005-V", "tenement_name": "Bicol Chromite & Manganese Corporation", "tenement_type": "MPSA", "commodity": "Chromite and other associated mineral deposits", "operation_status": "With exploration activity", "province": "Camarines Sur", "municipality": "Lagonoy", "permit_ha": 2270.6, "date_approved": "2005-04-27", "date_expiration": "2030-04-27" }, "geometry": { "type": "MultiPolygon", "coordinates": [ [ [ [ 123.543085465955002, 13.765208189130499 ], [ 123.559751440501003, 13.7652080940264 ], [ 123.559751339889999, 13.748542190962 ], [ 123.543085364445005, 13.748542285200299 ], [ 123.543085465955002, 13.765208189130499 ] ] ], [ [ [ 123.518085604025003, 13.781873236218001 ], [ 123.518085452208993, 13.7568748820614 ], [ 123.526418440380994, 13.7568748331989 ], [ 123.526418390074994, 13.7485423820563 ], [ 123.518085402802001, 13.748542430047999 ], [ 123.518085352496001, 13.740209978223399 ], [ 123.509751365398998, 13.740210026216801 ], [ 123.509751415704002, 13.7485424789124 ], [ 123.501418427532997, 13.7485425260315 ], [ 123.501418476940003, 13.7568749771689 ], [ 123.484751502570006, 13.756875073149001 ], [ 123.484751603180996, 13.773540976804799 ], [ 123.50141857845, 13.773540879959199 ], [ 123.501418628755999, 13.7818733330603 ], [ 123.518085604025003, 13.781873236218001 ] ] ], [ [ [ 123.476418765028995, 13.7985393809659 ], [ 123.476418714722996, 13.790206929304899 ], [ 123.501418678163006, 13.790206784482899 ], [ 123.501418628755999, 13.7818733330603 ], [ 123.451418701875994, 13.7818736209696 ], [ 123.451418802486998, 13.798539525782701 ], [ 123.476418765028995, 13.7985393809659 ] ] ] ] } },
{ "type": "Feature", "properties": { "tenement_no": "MPSA No. 212-2005-V", "tenement_name": "Bicol Chromite & Manganese Corporation", "tenement_type": "MPSA", "commodity": "Chromite and other associated mineral deposits", "operation_status": "With exploration activity", "province": "Camarines Sur", "municipality": "Lagonoy", "permit_ha": 2774.4, "date_approved": "2005-04-27", "date_expiration": "2030-04-27" }, "geometry": { "type": "Polygon", "coordinates": [ [ [ 123.459751789760006, 13.7985394769288 ], [ 123.459751891268994, 13.815205381981199 ], [ 123.443085915824994, 13.815205477937299 ], [ 123.443085967029006, 13.823537931210099 ], [ 123.459751940676995, 13.8235378343851 ], [ 123.459751991881006, 13.831870286945399 ], [ 123.451419003710001, 13.8318703357922 ], [ 123.451419105219003, 13.8485362410046 ], [ 123.468086079589995, 13.848536144190099 ], [ 123.468085929571004, 13.823537786408799 ], [ 123.476418916843997, 13.8235377393048 ], [ 123.476419017455001, 13.840203643099001 ], [ 123.501418980894996, 13.840203499180401 ], [ 123.501418830877, 13.8152051403464 ], [ 123.509751817251001, 13.8152050923684 ], [ 123.509751716639997, 13.798539187295299 ], [ 123.501418729367003, 13.798539237021499 ], [ 123.501418678163006, 13.790206784482899 ], [ 123.476418714722996, 13.790206929304899 ], [ 123.476418765028995, 13.7985393809659 ], [ 123.459751789760006, 13.7985394769288 ] ] ] } },
{ "type": "Feature", "properties": { "tenement_no": "MPSA No. 213-2005-IVB", "tenement_name": "Rio Tuba Nickel Mining Corporation", "tenement_type": "MPSA", "commodity": "Limestone", "operation_status": "With commercial operation", "province": "Palawan", "municipality": "Bataraza", "permit_ha": 84.5, "date_approved": "2005-04-27", "date_expiration": "2030-04-27" }, "geometry": { "type": "Polygon", "coordinates": [ [ [ 117.463894673062001, 8.596141836959379 ], [ 117.463894735943995, 8.604474667758501 ], [ 117.472228025050995, 8.604474601143171 ], [ 117.472227962169001, 8.59614183962408 ], [ 117.463894673062001, 8.596141836959379 ] ] ] } },
{ "type": "Feature", "properties": { "tenement_no": "MPSA No. 217-2005-VI", "tenement_name": "Colet Mining and Development Corporation", "tenement_type": "MPSA", "commodity": "Gold", "operation_status": "With exploration activity", "province": "Negros Occidental", "municipality": "Siplay", "permit_ha": 2992.4, "date_approved": "2005-08-01", "date_expiration": "2030-08-01" }, "geometry": { "type": "Polygon", "coordinates": [ [ [ 122.593241033983006, 9.69574821431598 ], [ 122.590510036940998, 9.6957482249418 ], [ 122.590510025263001, 9.69303141617287 ], [ 122.587777028572006, 9.69303142679874 ], [ 122.587777040250003, 9.69574023610758 ], [ 122.582360048170003, 9.69632021771694 ], [ 122.582360002355998, 9.68571596320391 ], [ 122.568680017933005, 9.68571601810555 ], [ 122.568680033204004, 9.68945475593649 ], [ 122.560407043511006, 9.689454788700001 ], [ 122.560407054291005, 9.692162599718239 ], [ 122.557671057226997, 9.692162610344139 ], [ 122.557671068904995, 9.69487042075753 ], [ 122.554932071468002, 9.69487043226883 ], [ 122.554932083145999, 9.69785422181903 ], [ 122.550499088560002, 9.697854239528599 ], [ 122.550499110119006, 9.70322886291938 ], [ 122.547546113319996, 9.70322887531588 ], [ 122.547546159134001, 9.714211102124169 ], [ 122.540818167525003, 9.714211130458111 ], [ 122.540818177405995, 9.71701393375233 ], [ 122.538077180318993, 9.71701394526289 ], [ 122.538077202777004, 9.72220458120337 ], [ 122.533880207294004, 9.72220459714079 ], [ 122.533880218074003, 9.72491340776994 ], [ 122.531143221185005, 9.72491341928021 ], [ 122.531143231965004, 9.727624228442791 ], [ 122.530149232628006, 9.72762423198442 ], [ 122.530149255984, 9.73326483650167 ], [ 122.527510259004998, 9.7332648471263 ], [ 122.527510280564002, 9.738542476877321 ], [ 122.535705273134994, 9.738542443233261 ], [ 122.535705262354995, 9.73590362860185 ], [ 122.541121256406996, 9.735903606467399 ], [ 122.541121245626996, 9.733264792232459 ], [ 122.544732240406006, 9.73326477718093 ], [ 122.544732252084003, 9.735903591415999 ], [ 122.550288246776006, 9.73590356928154 ], [ 122.550288235097995, 9.733264755046299 ], [ 122.551399234610003, 9.73326474884861 ], [ 122.551399292103, 9.747077779141559 ], [ 122.568057271642004, 9.74660574410302 ], [ 122.568057281524005, 9.748819588434451 ], [ 122.584732263476994, 9.74881952114835 ], [ 122.584732104474995, 9.7105302093749 ], [ 122.585835101794999, 9.71053020583312 ], [ 122.585835091912998, 9.70781639638445 ], [ 122.584785092499999, 9.70781639992626 ], [ 122.584785088008999, 9.70689746435465 ], [ 122.587768084046999, 9.706591474242829 ], [ 122.587768062487001, 9.70116985448329 ], [ 122.593241055541995, 9.701169833232029 ], [ 122.593241033983006, 9.69574821431598 ] ] ] } },
{ "type": "Feature", "properties": { "tenement_no": "MPSA No. 218-2005-VII", "tenement_name": "Heirs of Arturo Zayco", "tenement_type": "MPSA", "commodity": "Silica Sand", "operation_status": "With commercial operation", "province": "Negros Oriental", "municipality": "Ayungon", "permit_ha": 511.0, "date_approved": "2005-10-04", "date_expiration": "2030-10-04" }, "geometry": { "type": "Polygon", "coordinates": [ [ [ 123.084732162896003, 9.86547626314292 ], [ 123.084732092826997, 9.848810435406151 ], [ 123.076399103758007, 9.848810470809211 ], [ 123.076399068723006, 9.8404780555357 ], [ 123.068066078754995, 9.840478090054541 ], [ 123.068066112891003, 9.848810503557029 ], [ 123.059732123996994, 9.848810538960089 ], [ 123.059732158133002, 9.85714295362324 ], [ 123.068066147926004, 9.857142919106099 ], [ 123.068066183857994, 9.865476333060419 ], [ 123.084732162896003, 9.86547626314292 ] ] ] } },
{ "type": "Feature", "properties": { "tenement_no": "MPSA No. 220-2005-IVB", "tenement_name": "Macroasia Mining Corporation", "tenement_type": "MPSA", "commodity": "Nickel", "operation_status": "With development/construction activity", "province": "Palawan", "municipality": "Brooke's Point", "permit_ha": 1113.7, "date_approved": "2005-11-30", "date_expiration": "2030-11-30" }, "geometry": { "type": "Polygon", "coordinates": [ [ [ 117.888469418807006, 8.95163351745469 ], [ 117.888340337189007, 8.929936016023699 ], [ 117.885634333973996, 8.92994902481165 ], [ 117.885621323673007, 8.92723721184033 ], [ 117.882894321440006, 8.92725022161196 ], [ 117.882880310416994, 8.924538408986701 ], [ 117.880153308182997, 8.924551417967161 ], [ 117.880139298957005, 8.921839605694229 ], [ 117.874684292867997, 8.921865623847109 ], [ 117.874671282568002, 8.919153812916949 ], [ 117.871944281232999, 8.91916682120188 ], [ 117.871905249433993, 8.91118537302555 ], [ 117.874632251666995, 8.911016374299001 ], [ 117.874618242441002, 8.908304561803259 ], [ 117.876746244448995, 8.90829455369912 ], [ 117.876746233668996, 8.905629738235939 ], [ 117.860968219528004, 8.905657795210519 ], [ 117.860981229827999, 8.90836960870487 ], [ 117.858254226696005, 8.908382617373841 ], [ 117.858332288498005, 8.92465649348822 ], [ 117.861035291340002, 8.924643484511551 ], [ 117.861086312953006, 8.93006810946595 ], [ 117.866541316346002, 8.930042090123241 ], [ 117.866660410495001, 8.954451404770911 ], [ 117.872116415510007, 8.954425386283139 ], [ 117.872102405384993, 8.95171357365191 ], [ 117.888469418807006, 8.95163351745469 ] ] ] } },
{ "type": "Feature", "properties": { "tenement_no": "MPSA No. 221-2005-IVB", "tenement_name": "Macroasia Mining Corporation", "tenement_type": "MPSA", "commodity": "Chromite, nickel, copper and other associated mineral deposits", "operation_status": "With exploration activity", "province": "Palawan", "municipality": "Brooke's Point", "permit_ha": 422.3, "date_approved": "2005-11-30", "date_expiration": "2030-11-30" }, "geometry": { "type": "Polygon", "coordinates": [ [ [ 117.818063008894995, 8.94889397200336 ], [ 117.818063104116007, 8.97389224750424 ], [ 117.834729787433005, 8.97389218450455 ], [ 117.834729723652003, 8.95722666720231 ], [ 117.826396382442994, 8.95722669914729 ], [ 117.826396351002003, 8.948893940945039 ], [ 117.818063008894995, 8.94889397200336 ] ] ] } },
{ "type": "Feature", "properties": { "tenement_no": "MPSA No. 222-2005-VIII", "tenement_name": "Explosive Consultation and Application (ECA), Philippines, Inc.", "tenement_type": "MPSA", "commodity": "Magnetite and other associated mineral deposit", "operation_status": "With exploration activity", "province": "Leyte", "municipality": "Tolosa, Tanauan, Tabontabon, and Dulag", "permit_ha": 4105.3, "date_approved": "2005-12-13", "date_expiration": "2030-12-13" }, "geometry": { "type": "Polygon", "coordinates": [ [ [ 124.976401421345997, 11.082048744197399 ], [ 124.993068385835002, 11.0820486666197 ], [ 124.993068425361002, 11.090382084911701 ], [ 125.009734390923995, 11.090382006454799 ], [ 125.009734351397995, 11.0820485881605 ], [ 125.018068334003999, 11.0820485502532 ], [ 125.018068254054, 11.06538371257 ], [ 125.009734271447996, 11.065383752242701 ], [ 125.009734192395996, 11.048717915454199 ], [ 125.026401157782999, 11.0487178387494 ], [ 125.026401078731993, 11.032052002297499 ], [ 125.009734113343995, 11.032052078124901 ], [ 125.009734152869996, 11.0403854959089 ], [ 124.984734207396002, 11.0403856122919 ], [ 124.984734166972004, 11.0320521945113 ], [ 124.993068148679995, 11.0320521557158 ], [ 124.993068110051993, 11.023719737822301 ], [ 125.001401091934994, 11.023719699025801 ], [ 125.001401013782001, 11.0070538624385 ], [ 125.009733995665002, 11.007053824521501 ], [ 125.009733956139002, 10.9987214070098 ], [ 124.984734009766996, 10.998721520763899 ], [ 124.984734087920003, 11.0153873580864 ], [ 124.968068122358005, 11.015387434799999 ], [ 124.968068162782004, 11.023719853330199 ], [ 124.959734178378994, 11.023719892126801 ], [ 124.959734258328993, 11.040385728675 ], [ 124.976401223717005, 11.040385651967901 ], [ 124.976401302767997, 11.0570504880775 ], [ 124.959734337380993, 11.0570505656618 ], [ 124.959734415534001, 11.0737164020669 ], [ 124.976401382719004, 11.0737163244871 ], [ 124.976401421345997, 11.082048744197399 ] ] ] } },
{ "type": "Feature", "properties": { "tenement_no": "MPSA No. 223-2005-VIII", "tenement_name": "Explosive Consultation and Application (ECA), Philippines, Inc.", "tenement_type": "MPSA", "commodity": "Magnetite and other associated mineral deposits", "operation_status": "With exploration activity", "province": "Leyte", "municipality": "Palo, Pastrana, Tanauan, Tabontabon, Julita and Dagami", "permit_ha": 4103.9, "date_approved": "2005-12-13", "date_expiration": "2030-12-13" }, "geometry": { "type": "Polygon", "coordinates": [ [ [ 124.968068044204003, 10.9987215983636 ], [ 124.943068095136994, 10.998721712999499 ], [ 124.943068213714994, 11.023719968838099 ], [ 124.934734232007003, 11.0237200067529 ], [ 124.934734310161005, 11.040385844176299 ], [ 124.918068345495996, 11.040385920001601 ], [ 124.918068463175999, 11.065384177180899 ], [ 124.926401445956998, 11.0653841375082 ], [ 124.926401566330995, 11.090382394332 ], [ 124.901401617264, 11.0903825106952 ], [ 124.901401697213998, 11.1070473491393 ], [ 124.934734627265996, 11.107047193115701 ], [ 124.934734667689995, 11.115380613059999 ], [ 124.943068650295999, 11.115380575157101 ], [ 124.943068769771997, 11.140378832647 ], [ 124.976401699823995, 11.1403786766413 ], [ 124.976401580347996, 11.115380419138001 ], [ 124.968068599362994, 11.1153804588039 ], [ 124.968068558938995, 11.1070470388552 ], [ 124.943068610769998, 11.107047155211699 ], [ 124.94306853082, 11.0903823167565 ], [ 124.934734548213996, 11.090382356425801 ], [ 124.934734389211997, 11.057050680274999 ], [ 124.926401406430998, 11.0570507199487 ], [ 124.926401366904997, 11.0487183016233 ], [ 124.951401315073994, 11.048718184361899 ], [ 124.951401196495993, 11.0237199291598 ], [ 124.959734178378994, 11.023719892126801 ], [ 124.959734140649999, 11.015387473597601 ], [ 124.968068122358005, 11.015387434799999 ], [ 124.968068044204003, 10.9987215983636 ] ] ] } },
{ "type": "Feature", "properties": { "tenement_no": "MPSA No. 224-2005-I", "tenement_name": "Shuley Mine, Inc.", "tenement_type": "MPSA", "commodity": "Feldspar and other associ", "operation_status": "With exploration activity", "province": "Ilocos Norte", "municipality": "Burgos", "permit_ha": 106.8, "date_approved": "2005-12-13", "date_expiration": "2030-12-13" }, "geometry": { "type": "Polygon", "coordinates": [ [ [ 120.651455038918996, 18.4816024588063 ], [ 120.651455108988003, 18.489935981840802 ], [ 120.660761106460001, 18.489935909425601 ], [ 120.656594074284001, 18.486047165778501 ], [ 120.657011046188003, 18.4827133526348 ], [ 120.668122082460002, 18.487435997043001 ], [ 120.668122033950993, 18.481602331008599 ], [ 120.651455038918996, 18.4816024588063 ] ] ] } },
{ "type": "Feature", "properties": { "tenement_no": "MPSA No. 225-2005-XI", "tenement_name": "Apex Mining Company, Inc.", "tenement_type": "MPSA", "commodity": "Gold", "operation_status": "With commercial operation", "province": "Davao de Oro (Compostela Valley)", "municipality": "Maco", "permit_ha": 695.9, "date_approved": "2005-12-14", "date_expiration": "2030-12-14" }, "geometry": { "type": "Polygon", "coordinates": [ [ [ 126.033419452613998, 7.38524938833661 ], [ 126.038456439361994, 7.38524937230107 ], [ 126.038456431276998, 7.38253557219605 ], [ 126.039815426893995, 7.38253556863256 ], [ 126.042695429288003, 7.38541034678301 ], [ 126.056142352997, 7.37198429727486 ], [ 126.055773352027003, 7.37161132520025 ], [ 126.057403349601998, 7.37161132074579 ], [ 126.057403315466004, 7.36076012191744 ], [ 126.046537342297995, 7.36076015577212 ], [ 126.046537347688002, 7.36239803459693 ], [ 126.038453393175004, 7.3704674629828 ], [ 126.038453354547997, 7.35812337511296 ], [ 126.033020368861997, 7.35812339114948 ], [ 126.033020376946993, 7.36083719206898 ], [ 126.035737370150997, 7.36083718315988 ], [ 126.035737386321003, 7.3662617827315 ], [ 126.030303400810993, 7.36626180054953 ], [ 126.030303425962998, 7.37440019859393 ], [ 126.024867439006002, 7.37440021552073 ], [ 126.024867465057994, 7.38253561406685 ], [ 126.022151471678001, 7.3825356238664 ], [ 126.022151480660995, 7.38524942308025 ], [ 126.033419452613998, 7.38524938833661 ] ] ] } },
{ "type": "Feature", "properties": { "tenement_no": "MPSA No. 226-2005-III", "tenement_name": "Benguetcorp Resources Management Corporation", "tenement_type": "MPSA", "commodity": "Nickel", "operation_status": "With commercial operation", "province": "Zambales", "municipality": "Santa Cruz", "permit_ha": 1409.9, "date_approved": "2005-12-15", "date_expiration": "2030-12-15" }, "geometry": { "type": "Polygon", "coordinates": [ [ [ 120.009693462479007, 15.773440874534 ], [ 120.009693177713004, 15.740110955781599 ], [ 119.976359431093002, 15.7401106125234 ], [ 119.976359752690001, 15.7734405641826 ], [ 119.982959769404999, 15.7734405806079 ], [ 119.982959891576002, 15.778801151443099 ], [ 119.996957227432006, 15.7788012681459 ], [ 119.996957202280001, 15.773440729299899 ], [ 120.009693462479007, 15.773440874534 ] ] ] } },
{ "type": "Feature", "properties": { "tenement_no": "MPSA No. 227-2006-III", "tenement_name": "Lumiere Mining Inc", "tenement_type": "MPSA", "commodity": "Copper, gold and other as", "operation_status": "With exploration activity", "province": "Zambales", "municipality": "Aglao and San Marcelino", "permit_ha": 282.8, "date_approved": "2006-01-16", "date_expiration": "2031-01-16" }, "geometry": { "type": "Polygon", "coordinates": [ [ [ 120.318961204854006, 14.9538724442257 ], [ 120.318961110531006, 14.962205042091499 ], [ 120.347389302912006, 14.962204908441199 ], [ 120.347389411608006, 14.953872143066899 ], [ 120.318961204854006, 14.9538724442257 ] ] ] } },
{ "type": "Feature", "properties": { "tenement_no": "MPSA No. 228-2006-III", "tenement_name": "Neutron Construction and Marketing Corporation", "tenement_type": "MPSA", "commodity": "Marblelized limestone and", "operation_status": "With exploration activity", "province": "Bulacan", "municipality": "Doña Remedios Trinidad", "permit_ha": 108.5, "date_approved": "2006-12-28", "date_expiration": "2031-12-28" }, "geometry": { "type": "Polygon", "coordinates": [ [ [ 121.093045879388001, 14.9568450685406 ], [ 121.093045874897001, 14.969344261186 ], [ 121.101379261020995, 14.969344195230899 ], [ 121.101379252038001, 14.9643418073254 ], [ 121.100304274969005, 14.9626142164441 ], [ 121.101379239462005, 14.9613975757738 ], [ 121.101379217901993, 14.959900519222099 ], [ 121.099893173555003, 14.958894992339101 ], [ 121.095629264364007, 14.9585477710205 ], [ 121.095823599604003, 14.956845124085 ], [ 121.093045879388001, 14.9568450685406 ] ] ] } },
{ "type": "Feature", "properties": { "tenement_no": "MPSA No. 229-2007-IVB", "tenement_name": "Citinickel Mines and Development Corporation", "tenement_type": "MPSA", "commodity": "Nickel", "operation_status": "With commercial operation", "province": "Palawan", "municipality": "Narra", "permit_ha": 2181.1, "date_approved": "2007-01-02", "date_expiration": "2032-01-02" }, "geometry": { "type": "MultiPolygon", "coordinates": [ [ [ [ 117.973121926942, 9.063610471072449 ], [ 117.965843920240999, 9.0638324834889 ], [ 117.965843891494998, 9.05646099167175 ], [ 117.944013873385003, 9.05646107417356 ], [ 117.94401392908, 9.071066068416281 ], [ 117.951290935059006, 9.07106604002967 ], [ 117.951291075195996, 9.10722954728158 ], [ 117.973122095826, 9.10722946390441 ], [ 117.973121926942, 9.063610471072449 ] ] ], [ [ [ 118.270903752603004, 9.21245506221458 ], [ 118.270903725653, 9.20522156105547 ], [ 118.263622718579001, 9.20522158943133 ], [ 118.263622748223, 9.21245509058989 ], [ 118.249061736594001, 9.212455147340521 ], [ 118.249061793188005, 9.226920149955999 ], [ 118.278183815548005, 9.22692003734608 ], [ 118.278183758954, 9.212455034725981 ], [ 118.270903752603004, 9.21245506221458 ] ] ], [ [ [ 118.256341846251004, 9.23888629720129 ], [ 118.256341818403996, 9.23165379621938 ], [ 118.249061812052005, 9.23165382370647 ], [ 118.249061869545002, 9.246118827010941 ], [ 118.263622880274994, 9.246118771152389 ], [ 118.263622852428, 9.238886268828139 ], [ 118.256341846251004, 9.23888629720129 ] ] ] ] } },
{ "type": "Feature", "properties": { "tenement_no": "MPSA No. 231-2007-VI", "tenement_name": "I.C. Bertumen & Company, Inc.", "tenement_type": "MPSA", "commodity": "Basalt and other associated Mineral Deposits", "operation_status": "With exploration activity", "province": "Iloilo", "municipality": "San Enrique and Banete", "permit_ha": 423.7, "date_approved": "2007-03-28", "date_expiration": "2032-03-28" }, "geometry": { "type": "Polygon", "coordinates": [ [ [ 122.751405077624, 11.0903925161651 ], [ 122.751405197099999, 11.115390795729001 ], [ 122.759738187067995, 11.1153907560631 ], [ 122.759738108015995, 11.0987249032185 ], [ 122.776405088675006, 11.098724824763799 ], [ 122.776405049149005, 11.0903923989204 ], [ 122.751405077624, 11.0903925161651 ] ] ] } },
{ "type": "Feature", "properties": { "tenement_no": "MPSA No. 232-2007-XIII-SMR", "tenement_name": "East Coast Mineral Resources Co., Inc.", "tenement_type": "MPSA", "commodity": "Chromite", "operation_status": "With exploration activity", "province": "Dinagat Islands", "municipality": "Loreto", "permit_ha": 254.4, "date_approved": "2007-06-07", "date_expiration": "2032-06-07" }, "geometry": { "type": "MultiPolygon", "coordinates": [ [ [ [ 125.483689305054, 10.4320921007747 ], [ 125.488897274438997, 10.4279263719555 ], [ 125.495147246434996, 10.424801565652601 ], [ 125.490980251988006, 10.423759656196999 ], [ 125.485772281704001, 10.4279263852076 ], [ 125.48368928619, 10.427926394925899 ], [ 125.483689305054, 10.4320921007747 ] ] ], [ [ [ 125.493064320089999, 10.440425469846399 ], [ 125.495147311113001, 10.439383534072499 ], [ 125.490980312174997, 10.437300700708899 ], [ 125.486814334619993, 10.4404254963497 ], [ 125.483689347275003, 10.4414664382961 ], [ 125.482647341071001, 10.4393835888461 ], [ 125.480564359032002, 10.4425083785748 ], [ 125.478480391540003, 10.448757945073099 ], [ 125.476397396924, 10.4487579539073 ], [ 125.474314410391997, 10.450840815625901 ], [ 125.472230415053005, 10.4508408253434 ], [ 125.472230424935006, 10.452924677529699 ], [ 125.470147438403004, 10.4550075404587 ], [ 125.467022446566006, 10.4550075528263 ], [ 125.465980457431002, 10.4570904106172 ], [ 125.472230448291, 10.458132309979099 ], [ 125.476397419381996, 10.4539655864401 ], [ 125.481605407630994, 10.4539655634716 ], [ 125.481605393257993, 10.450840783823001 ], [ 125.484730377909003, 10.4487579185705 ], [ 125.488897367863999, 10.4487579000187 ], [ 125.488897357083999, 10.446675046421801 ], [ 125.490980339123993, 10.443550258821601 ], [ 125.495147329977996, 10.443550239385999 ], [ 125.493064320089999, 10.440425469846399 ] ] ] ] } },
{ "type": "Feature", "properties": { "tenement_no": "MPSA No. 233-2007-XIII", "tenement_name": "East Coast Mineral Resources Co., Inc.", "tenement_type": "MPSA", "commodity": "Nickel  \r\n", "operation_status": "With commercial operation", "province": "Dinagat Island", "municipality": "Libjo", "permit_ha": 4319.1, "date_approved": "2007-06-07", "date_expiration": "2032-06-07" }, "geometry": { "type": "Polygon", "coordinates": [ [ [ 125.515702376391999, 10.2386336582783 ], [ 125.515702401544999, 10.2446052352604 ], [ 125.521952387913004, 10.244605207856599 ], [ 125.521952478643001, 10.265437731371399 ], [ 125.593063311468001, 10.265437425529701 ], [ 125.593063093178003, 10.2154409717376 ], [ 125.548063199948999, 10.215441164466 ], [ 125.542507221426007, 10.2173850503743 ], [ 125.541257215708001, 10.2154411927564 ], [ 125.536535225909006, 10.2154412139742 ], [ 125.515702376391999, 10.2386336582783 ] ] ] } },
{ "type": "Feature", "properties": { "tenement_no": "MPSA No. 234-2007-XI", "tenement_name": "Apex Mining Company, Inc.", "tenement_type": "MPSA", "commodity": "Gold", "operation_status": "With exploration activity", "province": "Davao de Oro (Compostela Valley)", "municipality": "Maco", "permit_ha": 1597.0, "date_approved": "2007-06-07", "date_expiration": "2032-06-07" }, "geometry": { "type": "MultiPolygon", "coordinates": [ [ [ [ 126.003178466278001, 7.365645928937 ], [ 126.003107368216007, 7.33379228126213 ], [ 126.001384372551996, 7.33379528471006 ], [ 126.001384470467997, 7.36564593428245 ], [ 126.003178466278001, 7.365645928937 ] ] ], [ [ [ 126.054767296400996, 7.3526607278073 ], [ 126.057484289605995, 7.35265472027537 ], [ 126.057440253292, 7.34064760775169 ], [ 126.046573280299995, 7.34064763982597 ], [ 126.046537342297995, 7.36076015577212 ], [ 126.057403315466004, 7.36076012191744 ], [ 126.057481298216004, 7.35536851900032 ], [ 126.054773305232004, 7.35537352777061 ], [ 126.054767296400996, 7.3526607278073 ] ] ], [ [ [ 126.011037507796999, 7.38524945693306 ], [ 126.022151480660995, 7.38524942308025 ], [ 126.022151471678001, 7.3825356238664 ], [ 126.024867465057994, 7.38253561406685 ], [ 126.024867439006002, 7.37440021552073 ], [ 126.030303425962998, 7.37440019859393 ], [ 126.030303400810993, 7.36626180054953 ], [ 126.035737386321003, 7.3662617827315 ], [ 126.035737370150997, 7.36083718315988 ], [ 126.033020376946993, 7.36083719206898 ], [ 126.033020368861997, 7.35813639052926 ], [ 126.030328374874003, 7.35814339848755 ], [ 126.030315358284994, 7.35271579966754 ], [ 126.008581413198002, 7.35276886247735 ], [ 126.008617462591005, 7.36904266194534 ], [ 126.009717459537995, 7.36904265838177 ], [ 126.009717476605999, 7.37397829308999 ], [ 126.001384496518995, 7.37397831892565 ], [ 126.001384522570007, 7.38231070354446 ], [ 126.011031498966005, 7.38231067414578 ], [ 126.011037507796999, 7.38524945693306 ] ] ], [ [ [ 126.027362494437, 7.39405175700045 ], [ 126.030078487815999, 7.39404574913922 ], [ 126.030073478809996, 7.39133294914273 ], [ 126.034717453520003, 7.38667427883705 ], [ 126.034717492148005, 7.39945933521498 ], [ 126.038242484017999, 7.3994513248315 ], [ 126.038256501329002, 7.4048759255326 ], [ 126.040120495663004, 7.40487291900321 ], [ 126.040087451134994, 7.39064396811873 ], [ 126.051384423399, 7.3906439333755 ], [ 126.051384409925006, 7.38629425461867 ], [ 126.046569407663, 7.38154162097866 ], [ 126.042695429288003, 7.38541034678301 ], [ 126.039815426893995, 7.38253556863256 ], [ 126.038456431276998, 7.38253557219605 ], [ 126.038456439361994, 7.38524937230107 ], [ 126.033419452613998, 7.38524938833661 ], [ 126.027356486504004, 7.39134095700097 ], [ 126.027362494437, 7.39405175700045 ] ] ], [ [ [ 126.027373511375004, 7.39947635727938 ], [ 126.022851521592003, 7.39897640735749 ], [ 126.022851537761994, 7.40440100766405 ], [ 126.027373527544995, 7.40438999440097 ], [ 126.027373511375004, 7.39947635727938 ] ] ], [ [ [ 126.009717579912007, 7.40730883355181 ], [ 126.018051559822993, 7.40730880860889 ], [ 126.018051533771995, 7.39897642250167 ], [ 126.009717553860995, 7.39897644833591 ], [ 126.009717579912007, 7.40730883355181 ] ] ] ] } },
{ "type": "Feature", "properties": { "tenement_no": "MPSA No. 235-2007-IVB", "tenement_name": "Berong Nickel Corporation", "tenement_type": "MPSA", "commodity": "Nickel", "operation_status": "With rehabilitation and decommissioning activity", "province": "Palawan", "municipality": "Quezon", "permit_ha": 288.5, "date_approved": "2007-06-07", "date_expiration": "2032-06-07" }, "geometry": { "type": "MultiPolygon", "coordinates": [ [ [ [ 118.207533476205001, 9.406892929174459 ], [ 118.202070472415997, 9.40688095081938 ], [ 118.202064482449998, 9.409592765028499 ], [ 118.207527488034998, 9.40960474151723 ], [ 118.207533476205001, 9.406892929174459 ] ] ], [ [ [ 118.226664469213006, 9.401511223205169 ], [ 118.226658480145005, 9.404223036974351 ], [ 118.223927478611998, 9.40421704686436 ], [ 118.223909511407996, 9.412353488015651 ], [ 118.226640513839001, 9.412359477098439 ], [ 118.226634523873003, 9.415072290518291 ], [ 118.229098526341005, 9.415078281326389 ], [ 118.229359537235993, 9.417790093255491 ], [ 118.234822542822002, 9.417802071232529 ], [ 118.234834520958003, 9.41237744346 ], [ 118.240297524747007, 9.41238942073846 ], [ 118.240326470262005, 9.398828352799031 ], [ 118.234864466298006, 9.398816375050981 ], [ 118.234858477230006, 9.401529189244039 ], [ 118.226664469213006, 9.401511223205169 ] ] ] ] } },
{ "type": "Feature", "properties": { "tenement_no": "MPSA No. 236-2007-I", "tenement_name": "Helix Mining and Development Corporation (formerly Holcim Mining and Development Corporation)", "tenement_type": "MPSA", "commodity": "Limestone and other assoc", "operation_status": "With commercial operation", "province": "La Union", "municipality": "Balaoan", "permit_ha": 247.9, "date_approved": "2007-06-07", "date_expiration": "2032-06-07" }, "geometry": { "type": "Polygon", "coordinates": [ [ [ 120.330608606317995, 16.792777000890801 ], [ 120.330608647640005, 16.798370665870401 ], [ 120.334774646753999, 16.798370636630999 ], [ 120.334774709635994, 16.8067031360555 ], [ 120.347274708423996, 16.806703048341198 ], [ 120.347274582660006, 16.790038049153001 ], [ 120.341333583511997, 16.790038090433899 ], [ 120.341063611921001, 16.7936938732716 ], [ 120.330608606317995, 16.792777000890801 ] ] ] } },
{ "type": "Feature", "properties": { "tenement_no": "MPSA No. 237-2007-IX", "tenement_name": "Atro Mining-Vitali, Inc.", "tenement_type": "MPSA", "commodity": "Iron, gold, silver and other associated mineral  deposits", "operation_status": "With commercial operation", "province": "Zamboanga del Sur", "municipality": "Zamboanga City", "permit_ha": 2094.1, "date_approved": "2007-06-07", "date_expiration": "2032-06-07" }, "geometry": { "type": "Polygon", "coordinates": [ [ [ 122.201390963620995, 7.36565771646881 ], [ 122.201391198978996, 7.44065230264558 ], [ 122.218058184130001, 7.44065225009128 ], [ 122.218058145501999, 7.42815315231798 ], [ 122.226391137267001, 7.42815312648549 ], [ 122.226391124689997, 7.42398642706284 ], [ 122.234724116454998, 7.42398640212088 ], [ 122.234724038300996, 7.39898820558171 ], [ 122.218058053874003, 7.39898825814103 ], [ 122.218057948771005, 7.36565766479649 ], [ 122.201390963620995, 7.36565771646881 ] ] ] } },
{ "type": "Feature", "properties": { "tenement_no": "MPSA No. 238-2007-I", "tenement_name": "Helix Mining and Development Corporation (formerly Holcim Mining and Development Corporation)", "tenement_type": "MPSA", "commodity": "Limestone and other assoc", "operation_status": "With commercial operation", "province": "La Union", "municipality": "Bacnotan and Balaoan", "permit_ha": 260.2, "date_approved": "2007-07-05", "date_expiration": "2032-07-05" }, "geometry": { "type": "Polygon", "coordinates": [ [ [ 120.330208605386005, 16.7926960088108 ], [ 120.340869610854, 16.793631878203001 ], [ 120.341788537084, 16.7839024556495 ], [ 120.337955517395002, 16.7812966396063 ], [ 120.339135423977993, 16.768872377208801 ], [ 120.341435421024002, 16.768444386611499 ], [ 120.339608408534005, 16.766880493711099 ], [ 120.335138401562006, 16.7658335883585 ], [ 120.332735434227999, 16.770191342807902 ], [ 120.332508473972993, 16.775336034853702 ], [ 120.330452533019994, 16.7832525750119 ], [ 120.330208605386005, 16.7926960088108 ] ] ] } },
{ "type": "Feature", "properties": { "tenement_no": "MPSA No. 239-2007-IVA", "tenement_name": "Montalban Millex Aggregates Corporation", "tenement_type": "MPSA", "commodity": "Basalt, andesite and other associated mineral deposits", "operation_status": "With commercial operation", "province": "Rizal", "municipality": "Rodriguez (Montalban)", "permit_ha": 176.6, "date_approved": "2007-07-11", "date_expiration": "2032-07-11" }, "geometry": { "type": "Polygon", "coordinates": [ [ [ 121.151426724949999, 14.706834535407101 ], [ 121.151426746509003, 14.7100363311165 ], [ 121.155969735309995, 14.7085993954499 ], [ 121.157144751464998, 14.711212222093501 ], [ 121.154562760675006, 14.7125121550099 ], [ 121.152856759339002, 14.712096191464299 ], [ 121.152341749795994, 14.7104802987851 ], [ 121.151448753436995, 14.7110502670032 ], [ 121.152409767535005, 14.7132661205291 ], [ 121.153882769242003, 14.7137220814081 ], [ 121.157373760777006, 14.7127151253307 ], [ 121.157722767943, 14.713760055659501 ], [ 121.155922773184002, 14.7143300300813 ], [ 121.162495783847007, 14.7166608428447 ], [ 121.166620826970004, 14.7234933830816 ], [ 121.168093825982993, 14.723493374393399 ], [ 121.168093717286993, 14.706827433147501 ], [ 121.151426724949999, 14.706834535407101 ] ] ] } },
{ "type": "Feature", "properties": { "tenement_no": "MPSA No. 240-2007-XIII-SMR", "tenement_name": "Norweah Metals & Minerals Company Inc.", "tenement_type": "MPSA", "commodity": "Chromite, nickel and other associated mineral deposits", "operation_status": "With exploration activity", "province": "Dinagat Islands", "municipality": "Carmen, Loreto and Dinagat Islands", "permit_ha": 1255.7, "date_approved": "2007-07-11", "date_expiration": "2032-07-11" }, "geometry": { "type": "Polygon", "coordinates": [ [ [ 125.609729383032004, 10.290435580278301 ], [ 125.609729529456999, 10.3237662187467 ], [ 125.618063510267007, 10.323766182511999 ], [ 125.618063474333994, 10.3154337735709 ], [ 125.643063413519997, 10.315433664864001 ], [ 125.643063450350994, 10.3237660746918 ], [ 125.651396431335002, 10.3237660375734 ], [ 125.649313398990003, 10.3154336383502 ], [ 125.648063402255005, 10.315433642769101 ], [ 125.645146381187004, 10.309184098951601 ], [ 125.643063330874995, 10.296684994708301 ], [ 125.647229294056004, 10.290435418530899 ], [ 125.609729383032004, 10.290435580278301 ] ] ] } },
{ "type": "Feature", "properties": { "tenement_no": "MPSA No. 241-2007-XIII-SMR", "tenement_name": "Norweah Metals & Minerals Company Inc.", "tenement_type": "MPSA", "commodity": "Chromite, nickel and other associated mineral deposits", "operation_status": "With commercial operation", "province": "Dinagat Islands", "municipality": "Boa, Cagdianao and Dinagat Islands", "permit_ha": 231.1, "date_approved": "2007-07-11", "date_expiration": "2032-07-11" }, "geometry": { "type": "Polygon", "coordinates": [ [ [ 125.651395486308004, 10.1071144181515 ], [ 125.651395593206999, 10.1321126410744 ], [ 125.657645577778993, 10.1321126145452 ], [ 125.653478570754999, 10.1279459285697 ], [ 125.657645555320997, 10.126904985477299 ], [ 125.657645523880007, 10.1196135041037 ], [ 125.653478525840001, 10.117530669064701 ], [ 125.653478516855998, 10.1154468167754 ], [ 125.665978464440002, 10.110239134855 ], [ 125.667020457169997, 10.109197203994601 ], [ 125.672228447216, 10.109892133292901 ], [ 125.674312430876995, 10.1071143217547 ], [ 125.651395486308004, 10.1071144181515 ] ] ] } },
{ "type": "Feature", "properties": { "tenement_no": "MPSA No. 242-2007-XIII-SMR", "tenement_name": "Norweah Metals & Minerals Company Inc.", "tenement_type": "MPSA", "commodity": "Nickel", "operation_status": "With commercial operation", "province": "Dinagat Islands", "municipality": "Tubajon, Libjo and Cagdianao", "permit_ha": 2366.8, "date_approved": "2007-07-11", "date_expiration": "2032-07-11" }, "geometry": { "type": "MultiPolygon", "coordinates": [ [ [ [ 125.624312820203997, 10.169610091754601 ], [ 125.628478838182005, 10.175859630168601 ], [ 125.632645828137996, 10.1758596116007 ], [ 125.634728831736993, 10.177943455314299 ], [ 125.636812827076994, 10.1779434482408 ], [ 125.638895812710004, 10.1758595859593 ], [ 125.647228792796, 10.1758595505919 ], [ 125.649312779151998, 10.173776689757 ], [ 125.649312743219994, 10.165444282055001 ], [ 125.624312802237995, 10.1654443881606 ], [ 125.624312820203997, 10.169610091754601 ] ] ], [ [ [ 125.609729127012002, 10.232105718187 ], [ 125.609729135994996, 10.2341895702692 ], [ 125.611813131334998, 10.234189561429 ], [ 125.611813149301, 10.238355266455899 ], [ 125.613896143917003, 10.238355256731801 ], [ 125.618063152736994, 10.242521942219099 ], [ 125.620146147354006, 10.2425219333791 ], [ 125.622229133885, 10.240439073073 ], [ 125.624313129224007, 10.2404390642329 ], [ 125.626396115755995, 10.2383552036911 ], [ 125.630563105711005, 10.238355185126901 ], [ 125.630563114693999, 10.2404390368287 ], [ 125.632646118294005, 10.242521880339099 ], [ 125.632646128174997, 10.244604733151901 ], [ 125.634729131775003, 10.2466885756066 ], [ 125.634729140757997, 10.2487714275606 ], [ 125.636813136097004, 10.2487714196048 ], [ 125.638896103763997, 10.242521854703099 ], [ 125.638896094781003, 10.240439002352501 ], [ 125.645146070368995, 10.238355122362099 ], [ 125.651396009126998, 10.227939834772 ], [ 125.649313006425999, 10.2258559920585 ], [ 125.647229010187999, 10.225856000899 ], [ 125.645146006589002, 10.223773156752999 ], [ 125.649312996545007, 10.223773139956 ], [ 125.651395983076, 10.221690278617499 ], [ 125.653478959726002, 10.217523565492501 ], [ 125.651395955227997, 10.2154407224285 ], [ 125.651395946245003, 10.2133568702447 ], [ 125.653478931877999, 10.2112740087282 ], [ 125.651395928279001, 10.209191165399799 ], [ 125.651395919295993, 10.2071073147089 ], [ 125.657645904765999, 10.2071072873019 ], [ 125.657645894883998, 10.205024435263301 ], [ 125.659728880516994, 10.2029415740146 ], [ 125.659728862551006, 10.1987748708154 ], [ 125.651395855515005, 10.1925253490615 ], [ 125.645145861062005, 10.190442523665499 ], [ 125.645145843096003, 10.1862758205706 ], [ 125.643062847581007, 10.186275827643801 ], [ 125.640978844157004, 10.184192985290499 ], [ 125.638895848641994, 10.1841929950163 ], [ 125.636812863008998, 10.1862758550526 ], [ 125.634728868568004, 10.186275863894201 ], [ 125.634728885635994, 10.190442567872701 ], [ 125.630006924583, 10.1966921446262 ], [ 125.622228987458996, 10.2071074384826 ], [ 125.618062997329005, 10.2071074570487 ], [ 125.618063107821996, 10.2321056819418 ], [ 125.609729127012002, 10.232105718187 ] ], [ [ 125.631951920004994, 10.196692136669 ], [ 125.631951929886995, 10.1987749884035 ], [ 125.630006933565994, 10.1987749963606 ], [ 125.630006924583, 10.1966921446262 ], [ 125.631951920004994, 10.196692136669 ] ] ] ] } },
{ "type": "Feature", "properties": { "tenement_no": "MPSA No. 243-2007-XIII-SMR", "tenement_name": "C.T.P. Construction & Mining Corporation", "tenement_type": "MPSA", "commodity": "Nickel", "operation_status": "With commercial operation", "province": "Surigao del Sur", "municipality": "Carrascal", "permit_ha": 4655.6, "date_approved": "2007-07-16", "date_expiration": "2032-07-16" }, "geometry": { "type": "Polygon", "coordinates": [ [ [ 125.909724649466995, 9.33216881961989 ], [ 125.909724681807006, 9.340502220220751 ], [ 125.901391702618994, 9.34050225301775 ], [ 125.901391752026001, 9.353001353848301 ], [ 125.880558802796003, 9.35300143539463 ], [ 125.880558819864007, 9.35716713441064 ], [ 125.876391829908002, 9.35716715213789 ], [ 125.876391846077993, 9.361333851574191 ], [ 125.863891877832998, 9.36133390032353 ], [ 125.863891894003004, 9.365500600327771 ], [ 125.859724904046999, 9.36550061716826 ], [ 125.859725089099996, 9.411608300142619 ], [ 125.876392047300996, 9.411608235448361 ], [ 125.876392062571995, 9.41549695436567 ], [ 125.872225074412995, 9.41549697120371 ], [ 125.872225140889, 9.432161773414711 ], [ 125.876392129048, 9.432161756577489 ], [ 125.876392163183993, 9.44049515846514 ], [ 125.884725143270003, 9.440495124791481 ], [ 125.884724942945994, 9.390498720263469 ], [ 125.893058922856994, 9.39049868747119 ], [ 125.893058956093995, 9.398831087784581 ], [ 125.897224945326997, 9.398831070945731 ], [ 125.897224961497002, 9.402997771513631 ], [ 125.905558941408003, 9.402997739608789 ], [ 125.905558924339999, 9.39883103904052 ], [ 125.912502906876, 9.39883101156658 ], [ 125.912502896096001, 9.39605321138572 ], [ 125.915280888501997, 9.39605319986428 ], [ 125.915280827415998, 9.38077629882641 ], [ 125.922224810851006, 9.38077627223733 ], [ 125.922224833307993, 9.386331872846011 ], [ 125.926391822366, 9.38633185600656 ], [ 125.926391606769997, 9.33216875402438 ], [ 125.909724649466995, 9.33216881961989 ] ] ] } },
{ "type": "Feature", "properties": { "tenement_no": "MPSA No. 244-2007-III", "tenement_name": "Talibayog Mining Corporation", "tenement_type": "MPSA", "commodity": "Limestone and other assoc", "operation_status": "With exploration activity", "province": "Bulacan", "municipality": "San Rafael and San Ildefonso", "permit_ha": 2074.6, "date_approved": "2007-07-24", "date_expiration": "2032-07-24" }, "geometry": { "type": "Polygon", "coordinates": [ [ [ 120.959710710549004, 15.031839940622801 ], [ 120.959710439258004, 15.0735036636388 ], [ 121.001377601646993, 15.0735037087439 ], [ 121.001377754361002, 15.0318399588419 ], [ 120.959710710549004, 15.031839940622801 ] ] ] } },
{ "type": "Feature", "properties": { "tenement_no": "MPSA No. 245-2007-III", "tenement_name": "Eagle Cement Corporation", "tenement_type": "MPSA", "commodity": "Limestone and other assoc", "operation_status": "With commercial operation", "province": "Bulacan", "municipality": "Doña Remedios Trinidad and San Ildefonso", "permit_ha": 83.0, "date_approved": "2007-07-24", "date_expiration": "2032-07-24" }, "geometry": { "type": "Polygon", "coordinates": [ [ [ 121.068045084107993, 15.0568383116672 ], [ 121.068047759291005, 15.065170988102899 ], [ 121.076378532217007, 15.0651710514261 ], [ 121.076378508860003, 15.0568382700284 ], [ 121.068045084107993, 15.0568383116672 ] ] ] } },
{ "type": "Feature", "properties": { "tenement_no": "MPSA No. 246-2007-XIII-SMR", "tenement_name": "Hinatuan Mining Corporation", "tenement_type": "MPSA", "commodity": "Nickel", "operation_status": "With commercial operation", "province": "Surigao del Norte", "municipality": "Talavera and Tagana-an", "permit_ha": 787.6, "date_approved": "2007-07-24", "date_expiration": "2032-07-24" }, "geometry": { "type": "MultiPolygon", "coordinates": [ [ [ [ 125.721474844778001, 9.759366921552941 ], [ 125.719171876104994, 9.7656304826636 ], [ 125.718890890270004, 9.76884725335708 ], [ 125.716982901844005, 9.77047214691777 ], [ 125.714921901579999, 9.7693802320251 ], [ 125.714426897519004, 9.76809132640142 ], [ 125.709937908246005, 9.768127341848279 ], [ 125.708937902773997, 9.76611648995843 ], [ 125.702496917508, 9.76596952704223 ], [ 125.702668943088, 9.771952097792781 ], [ 125.704049956412007, 9.776165791655419 ], [ 125.703518967636995, 9.778448630869191 ], [ 125.700476981031002, 9.780118523979651 ], [ 125.698158039413997, 9.79270663372971 ], [ 125.702255014675998, 9.789231865442989 ], [ 125.706486011392997, 9.790806735848861 ], [ 125.707722005188998, 9.790028785529589 ], [ 125.711194000947998, 9.79094570565702 ], [ 125.714319013446001, 9.795747350466829 ], [ 125.715299999788002, 9.79308453579341 ], [ 125.715210979437998, 9.788303878647209 ], [ 125.717590964273995, 9.7859620356629 ], [ 125.721093956402001, 9.7860850129086 ], [ 125.723826943212003, 9.78456811006769 ], [ 125.729321944093002, 9.787778857637051 ], [ 125.729596928283001, 9.784171114996781 ], [ 125.731615912544996, 9.781476299323071 ], [ 125.737296899724996, 9.78168526136611 ], [ 125.736046887718999, 9.778162517709751 ], [ 125.733482896471997, 9.778868477881529 ], [ 125.730951899447007, 9.778179537817801 ], [ 125.726732885358004, 9.772360971100859 ], [ 125.726040875365996, 9.76935218873812 ], [ 125.722265876064, 9.767261353500739 ], [ 125.720926871556003, 9.765599477736799 ], [ 125.721265857117004, 9.762330710780819 ], [ 125.723207846776006, 9.76079781180934 ], [ 125.723921825068999, 9.756206137451199 ], [ 125.721474844778001, 9.759366921552941 ] ] ], [ [ [ 125.715330054722003, 9.80630259220956 ], [ 125.713444060648001, 9.806571581028111 ], [ 125.713144077242006, 9.810474303379999 ], [ 125.715444073390003, 9.810935260913681 ], [ 125.718533048173001, 9.80638857248821 ], [ 125.716786044135006, 9.804435719152931 ], [ 125.715330054722003, 9.80630259220956 ] ] ] ] } },
{ "type": "Feature", "properties": { "tenement_no": "MPSA No. 247-2007-XIII-SMR-Amended A", "tenement_name": "Ludgoron Mining Corporation", "tenement_type": "MPSA", "commodity": "Nickel", "operation_status": "With commercial operation", "province": "Surigao del Sur", "municipality": "Carrascal", "permit_ha": 2125.2, "date_approved": "2007-07-26", "date_expiration": "2032-07-26" }, "geometry": { "type": "Polygon", "coordinates": [ [ [ 125.809725060709994, 9.373833214010761 ], [ 125.809725294271999, 9.43216201977007 ], [ 125.838892222515, 9.432161904567931 ], [ 125.839158988917006, 9.373820098250659 ], [ 125.809725060709994, 9.373833214010761 ] ] ] } },
{ "type": "Feature", "properties": { "tenement_no": "MPSA No. 247-2007-XIII-SMR-Amended B", "tenement_name": "Kafugan Mining Inc.", "tenement_type": "MPSA", "commodity": "Nickel", "operation_status": "With development/construction activity", "province": "Surigao del Norte", "municipality": "Pantukan and Carrascal", "permit_ha": 1208.5, "date_approved": "2007-07-26", "date_expiration": "2032-07-26" }, "geometry": { "type": "Polygon", "coordinates": [ [ [ 125.793059101436, 9.373833279598429 ], [ 125.793059334098999, 9.432162086232861 ], [ 125.809725294271999, 9.43216201977007 ], [ 125.809725060709994, 9.373833214010761 ], [ 125.793059101436, 9.373833279598429 ] ] ] } },
{ "type": "Feature", "properties": { "tenement_no": "MPSA No. 248-2007-III", "tenement_name": "Orient Aggregates and Structural Concept Developers, Inc", "tenement_type": "MPSA", "commodity": "Basalt, andesite and othe", "operation_status": "With exploration activity", "province": "Bataan", "municipality": "Mariveles", "permit_ha": 51.5, "date_approved": "2007-07-26", "date_expiration": "2032-07-26" }, "geometry": { "type": "Polygon", "coordinates": [ [ [ 120.518117161659006, 14.424780252631599 ], [ 120.512733120682, 14.425368211922599 ], [ 120.512442159955, 14.4266191746073 ], [ 120.514082123438996, 14.4264551528782 ], [ 120.514339075745994, 14.427199115594799 ], [ 120.511533182567007, 14.429629974505501 ], [ 120.518114147812, 14.4301049773154 ], [ 120.521950098703002, 14.4259771173224 ], [ 120.520951034665003, 14.4227913633545 ], [ 120.519075053213001, 14.4227242990766 ], [ 120.518117161659006, 14.424780252631599 ] ] ] } },
{ "type": "Feature", "properties": { "tenement_no": "MPSA No. 249-2007-VIII-OMR", "tenement_name": "Fastem Construction, Inc.", "tenement_type": "MPSA", "commodity": "Iron, cobalt, gold and other associated mineral deposits", "operation_status": "With exploration activity", "province": " ", "municipality": "Dulag and Mayorga", "permit_ha": 4521.6, "date_approved": "2007-07-26", "date_expiration": "2032-07-26" }, "geometry": { "type": "Polygon", "coordinates": [ [ [ 125.044456882668001, 10.998721246519599 ], [ 125.071956824306, 10.998721118656499 ], [ 125.068344517087993, 10.932058798299099 ], [ 125.057789462518997, 10.9153940123709 ], [ 125.049456402481994, 10.898728217548999 ], [ 125.043344337153997, 10.882062412021201 ], [ 125.038622270100007, 10.8653975994918 ], [ 125.011400327397993, 10.865397723001299 ], [ 125.016122394451997, 10.882062536406 ], [ 125.021956460843995, 10.898728342808999 ], [ 125.030011521944999, 10.915394139388001 ], [ 125.040844576349002, 10.932058923545 ], [ 125.044456882668001, 10.998721246519599 ] ] ] } },
{ "type": "Feature", "properties": { "tenement_no": "MPSA No. 250-2007 III-Amended II-A", "tenement_name": "Shangfil Mining and Trading Corporation", "tenement_type": "MPSA", "commodity": "Chromite and Nickel", "operation_status": "With commercial operation", "province": "Zambales", "municipality": "Santa Cruz", "permit_ha": 450.0, "date_approved": "2007-07-27", "date_expiration": "2032-07-27" }, "geometry": { "type": "MultiPolygon", "coordinates": [ [ [ [ 120.059693978653996, 15.7484440228304 ], [ 120.059693986739006, 15.7401110335983 ], [ 120.063860973998999, 15.7401119596174 ], [ 120.063860968609006, 15.735945042934 ], [ 120.055526967139002, 15.735945032558201 ], [ 120.055527008460999, 15.748443983059 ], [ 120.059693978653996, 15.7484440228304 ] ] ], [ [ [ 120.047193947525997, 15.752610081510401 ], [ 120.047194031070006, 15.756775948404201 ], [ 120.051360958142993, 15.7567759933613 ], [ 120.051360983295993, 15.7484439657671 ], [ 120.043027014165006, 15.7484440262888 ], [ 120.043027025843003, 15.752610059031401 ], [ 120.047193947525997, 15.752610081510401 ] ] ], [ [ [ 120.084695052412002, 15.798439025072 ], [ 120.084695044327006, 15.7901069868224 ], [ 120.076360926972995, 15.790106979042701 ], [ 120.076360965600998, 15.798438962836499 ], [ 120.084695052412002, 15.798439025072 ] ] ], [ [ [ 120.068027988210005, 15.815104070386701 ], [ 120.068027959462995, 15.799967086406999 ], [ 120.065943977599005, 15.7999670224432 ], [ 120.065943956937005, 15.802466009282201 ], [ 120.062749957419001, 15.802466077567001 ], [ 120.062749925079999, 15.7999670042913 ], [ 120.059694008297996, 15.799967006884501 ], [ 120.059693920263001, 15.8067710290784 ], [ 120.051360952753001, 15.806771048958399 ], [ 120.051361040787995, 15.8151040401358 ], [ 120.068027988210005, 15.815104070386701 ] ] ] ] } },
{ "type": "Feature", "properties": { "tenement_no": "MPSA No. 250-2007 III-Amended II-B", "tenement_name": "Core Fire Mining Corporation", "tenement_type": "MPSA", "commodity": "Chromite and Nickel", "operation_status": "With exploration activity", "province": "Zambales", "municipality": "Santa Cruz", "permit_ha": 2065.3, "date_approved": "2007-07-27", "date_expiration": "2032-07-27" }, "geometry": { "type": "Polygon", "coordinates": [ [ [ 120.183333032353005, 15.699999982778101 ], [ 120.200000034572, 15.6999999862373 ], [ 120.200000008521002, 15.641666945304101 ], [ 120.174999948961002, 15.641667044784599 ], [ 120.174999992080004, 15.633332997337799 ], [ 120.166666956298002, 15.6333330224252 ], [ 120.166667010197003, 15.683332954035601 ], [ 120.183332914673997, 15.6833330206307 ], [ 120.183333032353005, 15.699999982778101 ] ] ] } },
{ "type": "Feature", "properties": { "tenement_no": "MPSA No. 251(A)-2007-XI", "tenement_name": "Dabawenyo Minerals Corporation", "tenement_type": "MPSA", "commodity": "Molybdenum", "operation_status": "With exploration activity", "province": "Davao Oriental", "municipality": "City of Mati (Capital)", "permit_ha": 6408.0, "date_approved": "2007-07-27", "date_expiration": "2032-07-27" }, "geometry": { "type": "Polygon", "coordinates": [ [ [ 126.243050064770998, 7.10733030784007 ], [ 126.255550032117995, 7.10733027129216 ], [ 126.255550056372002, 7.11566365321956 ], [ 126.268050023718999, 7.11566361578095 ], [ 126.268049999465006, 7.10733023296139 ], [ 126.284715956941994, 7.1073301839337 ], [ 126.284716882206993, 7.08233003779248 ], [ 126.276382903194005, 7.08233206319222 ], [ 126.276382854684996, 7.06566729763868 ], [ 126.284716831900994, 7.06566827293238 ], [ 126.284715758415004, 7.04066912933189 ], [ 126.293049735631001, 7.04066910436875 ], [ 126.293049710478002, 7.03233572301032 ], [ 126.268049776682005, 7.03233579611802 ], [ 126.26804975153, 7.02400341358962 ], [ 126.243049816834997, 7.02400348759021 ], [ 126.243049982125996, 7.07983234677719 ], [ 126.234716004909004, 7.0798323726297 ], [ 126.234715961790002, 7.06566742155626 ], [ 126.231382971337993, 7.06566743136269 ], [ 126.231382946184993, 7.05733404937066 ], [ 126.224715963657999, 7.05733406898386 ], [ 126.224715864843006, 7.02400354108462 ], [ 126.218049882141997, 7.02400356248238 ], [ 126.218049907294002, 7.03233594411657 ], [ 126.209715929180007, 7.03233596729705 ], [ 126.209716126808999, 7.09899802545919 ], [ 126.234716062401006, 7.09899794968775 ], [ 126.234716111809007, 7.11566371472594 ], [ 126.243050089025004, 7.11566369065823 ], [ 126.243050064770998, 7.10733030784007 ] ] ] } },
{ "type": "Feature", "properties": { "tenement_no": "MPSA No. 251(B)-2007-XI", "tenement_name": "Phil. Youbang Mining International Corporation", "tenement_type": "MPSA", "commodity": "Molybdenum", "operation_status": "With exploration activity", "province": "Davao Oriental", "municipality": "City of Mati (Capital)", "permit_ha": 1036.0, "date_approved": "2007-07-27", "date_expiration": "2032-07-27" }, "geometry": { "type": "Polygon", "coordinates": [ [ [ 126.224715864843006, 7.02400354108462 ], [ 126.224715963657999, 7.05733406898386 ], [ 126.231382946184993, 7.05733404937066 ], [ 126.231382971337993, 7.06566743225416 ], [ 126.234715961790002, 7.06566742155626 ], [ 126.234716004011005, 7.0798323726297 ], [ 126.243049982125996, 7.07983234677719 ], [ 126.243049816834997, 7.02400348759021 ], [ 126.224715864843006, 7.02400354108462 ] ] ] } },
{ "type": "Feature", "properties": { "tenement_no": "MPSA No. 252-2007-V", "tenement_name": "Investwell Resources, Inc.", "tenement_type": "MPSA", "commodity": "Gold, silver, copper, iron and other associated mineral deposits", "operation_status": "With exploration activity", "province": "Camarines Norte and Ilocos Norte", "municipality": "Jose Panganiban and Pasuquin, Burgos", "permit_ha": 337.6, "date_approved": "2007-07-27", "date_expiration": "2032-07-27" }, "geometry": { "type": "MultiPolygon", "coordinates": [ [ [ [ 122.667740744149, 14.273513136476 ], [ 122.663727749687993, 14.2735131608523 ], [ 122.665375761179007, 14.275677010797001 ], [ 122.667740744149, 14.273513136476 ] ] ], [ [ [ 122.678683743361006, 14.2752229606828 ], [ 122.679447747934006, 14.2760309039168 ], [ 122.679758741092002, 14.2749939690811 ], [ 122.682917728771997, 14.2735130459352 ], [ 122.672975739349994, 14.273513105134899 ], [ 122.679371734290996, 14.2737690514978 ], [ 122.678683743361006, 14.2752229606828 ] ] ], [ [ [ 122.683670753236996, 14.2777077693306 ], [ 122.684755754606996, 14.278102737807499 ], [ 122.684755725860995, 14.2735130354882 ], [ 122.683422727489003, 14.273513042452899 ], [ 122.683670753236996, 14.2777077693306 ] ] ], [ [ [ 122.668979759877999, 14.2760169677615 ], [ 122.666250784045999, 14.279456760445401 ], [ 122.666747792248003, 14.280818670010699 ], [ 122.664963810857998, 14.283341517220601 ], [ 122.664025812496007, 14.2834775138938 ], [ 122.664163829656005, 14.2861733380408 ], [ 122.664723831318994, 14.2866343050884 ], [ 122.665469827365996, 14.285990342770001 ], [ 122.665749830443005, 14.286727293703599 ], [ 122.664356854253995, 14.290196076398701 ], [ 122.666133852141996, 14.2901950657255 ], [ 122.666589840574005, 14.288477175787699 ], [ 122.667846836980999, 14.287925203144299 ], [ 122.668642841340997, 14.288938132892 ], [ 122.668349849522997, 14.2901890530465 ], [ 122.672721844009004, 14.2901590288227 ], [ 122.675265821690004, 14.287007218644799 ], [ 122.675451829547995, 14.2884811218831 ], [ 122.676422832911001, 14.288990083174401 ], [ 122.676422787994994, 14.2818455457792 ], [ 122.675640789268996, 14.2819435437856 ], [ 122.675343780185003, 14.280594632344799 ], [ 122.676795770298, 14.2791707165071 ], [ 122.672033775824005, 14.279139746253 ], [ 122.672151765942999, 14.277525850164301 ], [ 122.670545756980005, 14.275859968311901 ], [ 122.672076745837003, 14.2744360512594 ], [ 122.672974747609999, 14.2747810228927 ], [ 122.672975739349994, 14.273513105134899 ], [ 122.671380741934996, 14.273513115582 ], [ 122.668979759877999, 14.2760169677615 ] ] ], [ [ [ 122.654647786306995, 14.277881932466601 ], [ 122.652316826130004, 14.2837735644909 ], [ 122.652223841514001, 14.2861244130888 ], [ 122.649611847892004, 14.2867193901342 ], [ 122.649445861684995, 14.288916248776401 ], [ 122.651057859717, 14.288917239433299 ], [ 122.651057877683002, 14.291671061684999 ], [ 122.649135893505004, 14.2938739306851 ], [ 122.650561897152997, 14.294638871171401 ], [ 122.648856906421997, 14.2958628029194 ], [ 122.650283910794002, 14.296964722295501 ], [ 122.650252921610999, 14.298511622909301 ], [ 122.651944919109994, 14.2985116124634 ], [ 122.655352888346002, 14.294158873894901 ], [ 122.656092852206001, 14.288494237230999 ], [ 122.661644788309005, 14.2792658010369 ], [ 122.657724785650004, 14.2784588766546 ], [ 122.657632780198, 14.277330949791599 ], [ 122.659404765486997, 14.2752660734182 ], [ 122.661270763063001, 14.275214065121601 ], [ 122.662144751968995, 14.273513170428799 ], [ 122.655609758907005, 14.273513209605101 ], [ 122.654647786306995, 14.277881932466601 ] ] ], [ [ [ 122.652382007886999, 14.3127116903638 ], [ 122.654559977784004, 14.3082869647364 ], [ 122.653977976380006, 14.307961988258301 ], [ 122.651950994417007, 14.3105618330521 ], [ 122.651698007272998, 14.312461711616001 ], [ 122.652382007886999, 14.3127116903638 ] ] ] ] } },
{ "type": "Feature", "properties": { "tenement_no": "MPSA No. 253-2007-XIII", "tenement_name": "Manila Mining Corporation", "tenement_type": "MPSA", "commodity": "Gold, silver, copper and other associated mineral deposits", "operation_status": "With exploration activity", "province": "Surigao del Norte", "municipality": "Placer", "permit_ha": 216.2, "date_approved": "2007-07-27", "date_expiration": "2032-07-27" }, "geometry": { "type": "Polygon", "coordinates": [ [ [ 125.583193743324998, 9.655399920152391 ], [ 125.583193838547004, 9.67845127052759 ], [ 125.585927832368, 9.67845125990126 ], [ 125.585927809910004, 9.673026647482491 ], [ 125.588660803007997, 9.67302663597042 ], [ 125.588660825465993, 9.67845424944835 ], [ 125.591393818564001, 9.67845423705092 ], [ 125.591393724241001, 9.655399886499961 ], [ 125.583193743324998, 9.655399920152391 ] ] ] } },
{ "type": "Feature", "properties": { "tenement_no": "MPSA No. 254-2007-VIII", "tenement_name": "Strong Built (Mining) Development Corporation", "tenement_type": "MPSA", "commodity": "Magnetite sand and other associated mineral deposits", "operation_status": "Under care and maintenance", "province": "Leyte", "municipality": "Dulag and Mayorga, MacArthur, Javier and Abuyog", "permit_ha": 7553.1, "date_approved": "2007-07-27", "date_expiration": "2032-07-27" }, "geometry": { "type": "Polygon", "coordinates": [ [ [ 125.009733719881993, 10.9487249014909 ], [ 125.031956672774996, 10.9487247991832 ], [ 125.031956614384995, 10.936225673451499 ], [ 125.026400625980997, 10.936225698147499 ], [ 125.026400568488995, 10.923726572986601 ], [ 125.018067585707001, 10.923726611796299 ], [ 125.018067546181001, 10.915394194075899 ], [ 125.022233538109006, 10.915394175552599 ], [ 125.009733447692994, 10.890395982262699 ], [ 125.008344412412995, 10.8820625708103 ], [ 125.001400387656005, 10.873730186101501 ], [ 125.000011157442003, 10.823733692742101 ], [ 125.001400000481993, 10.7904030230128 ], [ 125.004177917429004, 10.7737371787375 ], [ 125.001399922329, 10.773737191092099 ], [ 125.001399667206996, 10.7181850871298 ], [ 124.993066684425997, 10.7181851250834 ], [ 124.993066709578997, 10.7237407352362 ], [ 124.984732727871005, 10.723740772306501 ], [ 124.984732880585, 10.7570714348251 ], [ 124.943066967752003, 10.7570716236864 ], [ 124.943067275874, 10.823733951266 ], [ 124.959733242335005, 10.823733875385299 ], [ 124.959733183943996, 10.811234752360599 ], [ 124.955567192914998, 10.811234770007999 ], [ 124.955567153388998, 10.8029023543835 ], [ 124.959733144417996, 10.802902334970801 ], [ 124.959733106689001, 10.794568919531301 ], [ 124.955567114762005, 10.794568937179699 ], [ 124.955567077032995, 10.7862365225327 ], [ 124.959733068960006, 10.786236504001399 ], [ 124.959732972840001, 10.765404962968899 ], [ 124.993066902717004, 10.765404812943 ], [ 124.993066959310994, 10.777903936149601 ], [ 124.997232951238004, 10.777903918500201 ], [ 124.997232970102999, 10.782069625466701 ], [ 124.993066979074001, 10.7820696448807 ], [ 124.993067057226995, 10.7987354756968 ], [ 124.968067109057998, 10.7987355895274 ], [ 124.968067127923007, 10.802902297027799 ], [ 124.972233118952005, 10.8029022784975 ], [ 124.972233138714998, 10.807067986677399 ], [ 124.968067146787007, 10.807068006089899 ], [ 124.968067263568003, 10.832066253911799 ], [ 124.959733280961999, 10.832066292733501 ], [ 124.959733358216994, 10.8487321247568 ], [ 124.968067341722005, 10.848732087701899 ], [ 124.968067380348998, 10.857064503253399 ], [ 124.976400361334001, 10.8570644661995 ], [ 124.976400401757999, 10.865397882681499 ], [ 125.005567436901003, 10.886229292883201 ], [ 124.993067522554, 10.898728474243701 ], [ 125.009733485422004, 10.898728398382 ], [ 125.009733525846002, 10.907060814939401 ], [ 124.993067561182002, 10.907060891681001 ], [ 124.993067677962998, 10.932059143166301 ], [ 125.001400659845999, 10.9320591043577 ], [ 125.001400719135006, 10.9445582311547 ], [ 125.009733700119, 10.944558192347699 ], [ 125.009733719881993, 10.9487249014909 ] ] ] } },
{ "type": "Feature", "properties": { "tenement_no": "MPSA No. 255-2007-V Amended I", "tenement_name": "Filminera Resources Corporation", "tenement_type": "MPSA", "commodity": "Gold", "operation_status": "With commercial operation", "province": "Masbate", "municipality": "Aroroy", "permit_ha": 5048.8, "date_approved": "2007-07-29", "date_expiration": "2032-07-29" }, "geometry": { "type": "MultiPolygon", "coordinates": [ [ [ [ 123.395063957928002, 12.4113432748313 ], [ 123.398082915323997, 12.404190741718599 ], [ 123.400304926925003, 12.4069675439248 ], [ 123.409749951264999, 12.4140600154242 ], [ 123.409749954858, 12.4146759738871 ], [ 123.400316994893004, 12.4196316879433 ], [ 123.393180014707994, 12.4212356167524 ], [ 123.388728053991002, 12.427510216851999 ], [ 123.398325064293999, 12.431965865576201 ], [ 123.397775110287, 12.440298305429801 ], [ 123.399025145649006, 12.447105840009799 ], [ 123.397633189047994, 12.454930319373201 ], [ 123.404178191138996, 12.456964147897301 ], [ 123.409550183012996, 12.4569021233818 ], [ 123.409753219335997, 12.463662667032599 ], [ 123.410419221303997, 12.464314619842799 ], [ 123.411883212011006, 12.4628787080712 ], [ 123.414047221190998, 12.465010552580599 ], [ 123.411808232328994, 12.466582459357699 ], [ 123.413825240297996, 12.4685513161887 ], [ 123.408478279080001, 12.474416947349299 ], [ 123.412383309519001, 12.480965486194901 ], [ 123.413522296943, 12.4791356034498 ], [ 123.418297275666006, 12.4763047697207 ], [ 123.418428260813997, 12.473627948591499 ], [ 123.426419248678997, 12.473626906583601 ], [ 123.426419225321993, 12.469226204070599 ], [ 123.430555223401001, 12.4700361277299 ], [ 123.430592208837993, 12.4673753065002 ], [ 123.431936204384996, 12.466817338428701 ], [ 123.434730222734999, 12.4710600372124 ], [ 123.434744192436, 12.4652954265086 ], [ 123.443078180431996, 12.465295383528799 ], [ 123.443078044787001, 12.440297070298699 ], [ 123.434747057164003, 12.4402971132827 ], [ 123.434747068842, 12.4426479543898 ], [ 123.433080075050995, 12.4432849201824 ], [ 123.434357057176001, 12.440297115037099 ], [ 123.426411068619998, 12.440297157143901 ], [ 123.426410978787999, 12.423631281200199 ], [ 123.452014942475998, 12.423631148730999 ], [ 123.451971805376004, 12.3982598632209 ], [ 123.452985803006996, 12.39825885776 ], [ 123.452970742752001, 12.3870486151893 ], [ 123.450293773086003, 12.391795308486801 ], [ 123.446671767656994, 12.3898264598604 ], [ 123.442666812219002, 12.3969470000205 ], [ 123.440252809081997, 12.3956341012544 ], [ 123.444257764520003, 12.388514561449 ], [ 123.440635759090995, 12.386546713744499 ], [ 123.441971744361993, 12.3841728664274 ], [ 123.439557741223993, 12.3828609676639 ], [ 123.440891725048004, 12.380488121302401 ], [ 123.443758730617006, 12.3820460010239 ], [ 123.443746693191997, 12.3750964706883 ], [ 123.432554709729999, 12.3751145267178 ], [ 123.432627835288997, 12.3985679420355 ], [ 123.395130889602996, 12.3986211331276 ], [ 123.395063957928002, 12.4113432748313 ] ], [ [ 123.430661077281002, 12.4428829595211 ], [ 123.426533121819006, 12.449935505768099 ], [ 123.421750113056007, 12.447230713014701 ], [ 123.423125098683997, 12.444879864275499 ], [ 123.420733094390002, 12.443527967901799 ], [ 123.422108080018006, 12.4411771198483 ], [ 123.424500083414003, 12.442529016180099 ], [ 123.425878069415006, 12.4401781678558 ], [ 123.430661077281002, 12.4428829595211 ] ] ], [ [ [ 123.409425311798998, 12.480698519446101 ], [ 123.408104326596998, 12.4830803656145 ], [ 123.409316329087005, 12.483729315555101 ], [ 123.410637314289005, 12.4813474692191 ], [ 123.409425311798998, 12.480698519446101 ] ] ], [ [ [ 123.389185466252002, 12.5037090743966 ], [ 123.387864481050997, 12.5060899210771 ], [ 123.389439483763994, 12.506931856406901 ], [ 123.384717490371003, 12.5069318818399 ], [ 123.385967508665004, 12.510625624945799 ], [ 123.388800513899, 12.5124584866733 ], [ 123.393050509982999, 12.512819440588199 ], [ 123.393050497407003, 12.510586591192901 ], [ 123.395134491847998, 12.5099836207352 ], [ 123.396455477049003, 12.507602773987699 ], [ 123.402514486079994, 12.510848523882499 ], [ 123.401193500877994, 12.5132293696443 ], [ 123.402405502470003, 12.5138783201921 ], [ 123.401084517268004, 12.5162591660748 ], [ 123.404719523116, 12.518206016280001 ], [ 123.403397538088996, 12.520587862303501 ], [ 123.407033543761997, 12.5225337125786 ], [ 123.409675513267004, 12.517772019033901 ], [ 123.406040507418993, 12.5158251699396 ], [ 123.407361493519005, 12.513444324438799 ], [ 123.406149491028998, 12.512794373044899 ], [ 123.412754417038002, 12.5008891416926 ], [ 123.415178420220997, 12.5021870417788 ], [ 123.417819390798996, 12.497424348585399 ], [ 123.412973384981996, 12.494829549141601 ], [ 123.414294369285003, 12.4924477023894 ], [ 123.409447361846006, 12.4898519031535 ], [ 123.406805391443001, 12.4946145955227 ], [ 123.401959384726993, 12.4920177962754 ], [ 123.407486326105996, 12.482628399393001 ], [ 123.409425311798998, 12.480698519446101 ], [ 123.405498297788, 12.4768877971556 ], [ 123.403559311197, 12.478816677557299 ], [ 123.401763303161005, 12.477021808350299 ], [ 123.400361316870999, 12.4791036737772 ], [ 123.402478320805002, 12.4803025827421 ], [ 123.396749382454004, 12.490293939901299 ], [ 123.394298386694004, 12.490293951303 ], [ 123.394911372788997, 12.4880481004194 ], [ 123.393078365842001, 12.4861942352018 ], [ 123.39307835596, 12.4844053549474 ], [ 123.391744354170001, 12.4836274141208 ], [ 123.392411342488998, 12.481877527904 ], [ 123.390965331562001, 12.4794407007278 ], [ 123.389050329989004, 12.478544770551199 ], [ 123.390633316030005, 12.476321913554999 ], [ 123.393105317994994, 12.4775718158311 ], [ 123.393078162821993, 12.4486297683211 ], [ 123.384742174278003, 12.4486298113037 ], [ 123.384742198533004, 12.4531495064609 ], [ 123.391513188003003, 12.453149471373701 ], [ 123.391513267953002, 12.4678214813346 ], [ 123.385809275818005, 12.467819511299099 ], [ 123.384737288341, 12.469809383392899 ], [ 123.384744399404994, 12.4902660048353 ], [ 123.389194397303001, 12.490960933763899 ], [ 123.385660443839996, 12.4987314283615 ], [ 123.388083448095998, 12.500029328759799 ], [ 123.386762462893998, 12.502410175144 ], [ 123.389185466252002, 12.5037090743966 ] ], [ [ 123.393488387480005, 12.490293956565401 ], [ 123.393078385604994, 12.4898179909021 ], [ 123.394911372788997, 12.4880481004194 ], [ 123.393488387480005, 12.490293956565401 ] ] ] ] } },
{ "type": "Feature", "properties": { "tenement_no": "MPSA No. 257-2007-IVA", "tenement_name": "Rolando B. Gimeno and La Concepcion Construction and Development Corporation", "tenement_type": "MPSA", "commodity": "Basalt and other associated mineral deposits", "operation_status": "Under care and maintenance", "province": "Rizal", "municipality": "Nayon, Antipolo", "permit_ha": 32.7, "date_approved": "2007-07-29", "date_expiration": "2032-07-29" }, "geometry": { "type": "Polygon", "coordinates": [ [ [ 121.154684221883997, 14.6293714399512 ], [ 121.158384240605997, 14.632463221003 ], [ 121.160895218674, 14.629413399309501 ], [ 121.159704216101005, 14.628807445909301 ], [ 121.160134195609999, 14.625580648196101 ], [ 121.159168191370995, 14.6247917043139 ], [ 121.156548211726005, 14.627952519822999 ], [ 121.154682204267999, 14.626391630508 ], [ 121.153170214778996, 14.628107530687799 ], [ 121.154684221883997, 14.6293714399512 ] ] ] } },
{ "type": "Feature", "properties": { "tenement_no": "MPSA No. 258-2007-II", "tenement_name": "Dinapigue Mining Corporation", "tenement_type": "MPSA", "commodity": "Nickel", "operation_status": "With commercial operation", "province": "Isabela", "municipality": "Dinapigue", "permit_ha": 2410.5, "date_approved": "2007-07-29", "date_expiration": "2032-07-29" }, "geometry": { "type": "MultiPolygon", "coordinates": [ [ [ [ 122.276438845537001, 16.565037940018001 ], [ 122.293105496514002, 16.565037825500699 ], [ 122.293105433631993, 16.5567050030442 ], [ 122.276438783553004, 16.556705117566398 ], [ 122.276438845537001, 16.565037940018001 ] ] ], [ [ [ 122.293105619583002, 16.581703471963699 ], [ 122.284772293645005, 16.581703530508801 ], [ 122.284772356527, 16.590036354097599 ], [ 122.293105681566999, 16.590036296415899 ], [ 122.293105867517994, 16.6150347678606 ], [ 122.284772542479004, 16.615034825534799 ], [ 122.284772704174998, 16.636700169205302 ], [ 122.326439332966004, 16.637255402040999 ], [ 122.326439167676, 16.615034537163901 ], [ 122.318105842636001, 16.615034595698901 ], [ 122.318105718669003, 16.598368946646001 ], [ 122.309772331646002, 16.590036181913501 ], [ 122.309772269662005, 16.581703357456298 ], [ 122.301438882639005, 16.5733705914304 ], [ 122.301438820654994, 16.5650377686726 ], [ 122.293105496514002, 16.565037825500699 ], [ 122.293105619583002, 16.581703471963699 ] ] ] ] } },
{ "type": "Feature", "properties": { "tenement_no": "MPSA No. 259-2007-XIII-SMR-Amended II", "tenement_name": "Adnama Mining Resources, Inc.", "tenement_type": "MPSA", "commodity": "Nickel", "operation_status": "With rehabilitation and decommissioning activity", "province": "Surigao del Norte; Davao Oriental; Agusan del Norte", "municipality": "Urbiztondo, Claver; Lupon and Mati; Las Nieves", "permit_ha": 4145.1, "date_approved": "2007-07-11", "date_expiration": "2032-07-11" }, "geometry": { "type": "Polygon", "coordinates": [ [ [ 125.451390379014001, 8.715549080315659 ], [ 125.451390502980999, 8.748879666800789 ], [ 125.551390273197995, 8.74887930011338 ], [ 125.551390149230997, 8.71554871448344 ], [ 125.451390379014001, 8.715549080315659 ] ] ] } },
{ "type": "Feature", "properties": { "tenement_no": "MPSA No. 261-2008-XIII (Amended)", "tenement_name": "SR Metals, Inc.", "tenement_type": "MPSA", "commodity": "Nickel", "operation_status": "With commercial operation", "province": "Agusan del Norte", "municipality": "Tubay", "permit_ha": 1102.9, "date_approved": "2008-03-09", "date_expiration": "2033-03-09" }, "geometry": { "type": "Polygon", "coordinates": [ [ [ 125.551391953945995, 9.19051441030174 ], [ 125.551391921607006, 9.182181010408611 ], [ 125.531849966425, 9.182181085786951 ], [ 125.532761008140994, 9.19322828686624 ], [ 125.531392025055993, 9.196844032439531 ], [ 125.525709052600007, 9.20017981348745 ], [ 125.524573082616996, 9.207179313674599 ], [ 125.526392076744003, 9.207179307467401 ], [ 125.526392109981998, 9.215512708247941 ], [ 125.534725091864999, 9.21551267543925 ], [ 125.534725123306004, 9.22384507622856 ], [ 125.551392084202007, 9.22384501149946 ], [ 125.551391953945995, 9.19051441030174 ] ] ] } },
{ "type": "Feature", "properties": { "tenement_no": "MPSA No. 262-2008-XIII", "tenement_name": "Philsaga Mining Corporation", "tenement_type": "MPSA", "commodity": "Gold", "operation_status": "With commercial operation", "province": "Agusan del Sur", "municipality": "Bunawan and Rosario", "permit_ha": 2601.1, "date_approved": "2008-03-10", "date_expiration": "2033-03-10" }, "geometry": { "type": "MultiPolygon", "coordinates": [ [ [ [ 126.043054247852993, 8.240581528255509 ], [ 126.043054218208994, 8.232248135636629 ], [ 126.034720239196005, 8.23224816497558 ], [ 126.034720268840999, 8.24058155581575 ], [ 126.018054311363002, 8.24058161360335 ], [ 126.018054341007002, 8.248914005676591 ], [ 126.009720361096001, 8.24891403412529 ], [ 126.009720449130995, 8.27391220825513 ], [ 126.001387469045, 8.273912236702021 ], [ 126.001387498688999, 8.282244628173229 ], [ 126.009720477876996, 8.282244598837959 ], [ 126.009720536266997, 8.298910383141299 ], [ 126.026387494467997, 8.298910323584449 ], [ 126.026387523213998, 8.307242715117461 ], [ 126.034720502401996, 8.30724268578409 ], [ 126.034720531149006, 8.315576077253359 ], [ 126.043054510160999, 8.31557604880952 ], [ 126.043054247852993, 8.240581528255509 ] ], [ [ 126.026387407331995, 8.273912149583429 ], [ 126.026387436077997, 8.28224454105648 ], [ 126.034720414367996, 8.282244512610211 ], [ 126.034720444011995, 8.290577903745371 ], [ 126.018054486533998, 8.290577961525649 ], [ 126.018054369753003, 8.257246396324611 ], [ 126.026387348640824, 8.257246367876542 ], [ 126.026387407331995, 8.273912149583429 ] ] ], [ [ [ 126.018054632060995, 8.332240918874559 ], [ 126.026387612148, 8.33224089043191 ], [ 126.026387582503006, 8.32390849871484 ], [ 126.034720561691003, 8.32390847027156 ], [ 126.034720531149006, 8.315576077253359 ], [ 126.018054573670995, 8.315576136807721 ], [ 126.018054632060995, 8.332240918874559 ] ] ] ] } },
{ "type": "Feature", "properties": { "tenement_no": "MPSA No. 263-2008-XI (Amended I) A", "tenement_name": "Sinophil Mining & Trading Corporation", "tenement_type": "MPSA", "commodity": "Chromite", "operation_status": "With exploration activity", "province": "Davao Oriental", "municipality": "Governor Generoso", "permit_ha": 2424.4, "date_approved": "2008-04-29", "date_expiration": "2033-04-29" }, "geometry": { "type": "Polygon", "coordinates": [ [ [ 126.193048432888006, 6.49071029861629 ], [ 126.193048364616004, 6.46571216341536 ], [ 126.190403371382004, 6.46571217055615 ], [ 126.190400367414995, 6.46437826871494 ], [ 126.184981381973998, 6.46437828388923 ], [ 126.184964389442001, 6.46707208457137 ], [ 126.161887448632001, 6.46653018648746 ], [ 126.161887445039, 6.46571224821247 ], [ 126.159714450908993, 6.4657122535681 ], [ 126.159714473367004, 6.47404463218694 ], [ 126.151381495077004, 6.47404465539418 ], [ 126.151381540890995, 6.49071041286359 ], [ 126.159714519180994, 6.49071038965711 ], [ 126.159714564994999, 6.50737514757763 ], [ 126.151381584909004, 6.50737517078337 ], [ 126.151381631621007, 6.52404092789461 ], [ 126.184714545502999, 6.52404083596732 ], [ 126.184714454773001, 6.49071032182277 ], [ 126.193048432888006, 6.49071029861629 ] ] ] } },
{ "type": "Feature", "properties": { "tenement_no": "MPSA No. 263-2008-XI (Amended I) B", "tenement_name": "Riverbend Consolidated Mining Corporation", "tenement_type": "MPSA", "commodity": "Nickel", "operation_status": "With commercial operation", "province": "Davao Oriental", "municipality": "Banaybanay", "permit_ha": 6477.3, "date_approved": "2008-04-29", "date_expiration": "2033-04-29" }, "geometry": { "type": "Polygon", "coordinates": [ [ [ 126.051383409202003, 7.05733458249326 ], [ 126.051383310386996, 7.02400405284777 ], [ 126.018050394707998, 7.02400415181243 ], [ 126.018050444116, 7.04066991656299 ], [ 126.026383422405004, 7.04066989249137 ], [ 126.026383447558004, 7.04900227541196 ], [ 126.009716490255002, 7.04900232355431 ], [ 126.009716501933994, 7.05316901469819 ], [ 126.001383522745002, 7.05316903966067 ], [ 126.001383509270994, 7.04900234940855 ], [ 125.984716551968006, 7.04900239844245 ], [ 125.984716526815006, 7.04067001463256 ], [ 125.968050568438997, 7.0406700645589 ], [ 125.968050617846998, 7.05733483033288 ], [ 125.984716576222993, 7.05733478129986 ], [ 125.984716701088004, 7.09899869492229 ], [ 126.001383658391006, 7.0989986458937 ], [ 126.001383733850005, 7.12399679559799 ], [ 125.984716775649005, 7.12399684551531 ], [ 125.984716800802005, 7.13232922940116 ], [ 125.993050779813998, 7.13232920355162 ], [ 125.993050804966998, 7.14066258832671 ], [ 125.976383845868, 7.14066263824221 ], [ 125.976383896173999, 7.15732740477495 ], [ 126.001383834460995, 7.15732733079574 ], [ 126.001383808409997, 7.14899494597461 ], [ 126.026383746696993, 7.14899487199406 ], [ 126.026383721543993, 7.14066248849574 ], [ 126.001383783256998, 7.14066256336898 ], [ 126.001383758103998, 7.1323291785934 ], [ 126.034716675579006, 7.13232907876062 ], [ 126.034716650427001, 7.1239966957634 ], [ 126.026383671239003, 7.12399672072208 ], [ 126.026383646086003, 7.11566433781215 ], [ 126.034716625274001, 7.11566431196165 ], [ 126.034716600121001, 7.10733093004615 ], [ 126.026383620933004, 7.10733095500571 ], [ 126.026383572423995, 7.09066618854508 ], [ 126.034716550713995, 7.09066616358462 ], [ 126.034716525560995, 7.08233278081843 ], [ 126.026383546372998, 7.08233280488789 ], [ 126.026383472711004, 7.05733465738005 ], [ 126.051383409202003, 7.05733458249326 ] ] ] } },
{ "type": "Feature", "properties": { "tenement_no": "MPSA No. 264-2008-VII", "tenement_name": "Atlas Consolidated Mining and Development Corporation and Anatolia Jaca, Asterio Buqueron, Cristeta C. Bagano, Lucila Pascual, Mercedes Aytona, Regina De Vera, Ricardo A. Verches and Biga Copper Mines, Inc.", "tenement_type": "MPSA", "commodity": "Copper, gold and other associated mineraL deposits", "operation_status": "With commercial operation", "province": "Cebu", "municipality": "Toledo City", "permit_ha": 656.7, "date_approved": "2008-07-08", "date_expiration": "2033-07-08" }, "geometry": { "type": "MultiPolygon", "coordinates": [ [ [ [ 123.721619238059006, 10.3243953526156 ], [ 123.722555248448998, 10.3269441691036 ], [ 123.725129239742003, 10.3260172228416 ], [ 123.724193230249995, 10.323468406795 ], [ 123.721619238059006, 10.3243953526156 ] ] ], [ [ [ 123.727855224183998, 10.323504386963499 ], [ 123.727855248438004, 10.32892900603 ], [ 123.730594244976999, 10.328928995424899 ], [ 123.730443271415993, 10.334687592170001 ], [ 123.731356269662996, 10.334718586752601 ], [ 123.731323272745996, 10.3356675204047 ], [ 123.732418270568004, 10.335704512825201 ], [ 123.732390275471005, 10.3365174559365 ], [ 123.734000277446, 10.337521378901201 ], [ 123.733720312995999, 10.345653809881901 ], [ 123.732851317824, 10.346172777400101 ], [ 123.735589312740998, 10.3461727650282 ], [ 123.735590301786999, 10.343460954530901 ], [ 123.738329296529002, 10.3434609439262 ], [ 123.737871290480996, 10.341845058156901 ], [ 123.738921277317999, 10.3393402308107 ], [ 123.736391277422996, 10.3383003139793 ], [ 123.736915271016997, 10.3370513984206 ], [ 123.735346269049998, 10.336154468947401 ], [ 123.736716257349997, 10.3338056265729 ], [ 123.734344254045993, 10.332449733161701 ], [ 123.735713241623003, 10.330100890492 ], [ 123.733341240114996, 10.328744997006201 ], [ 123.734711226618998, 10.326396154935701 ], [ 123.729961222857995, 10.323692366308601 ], [ 123.726531183812, 10.3139670626329 ], [ 123.723957193416993, 10.314895007734901 ], [ 123.722084172812004, 10.309797373689401 ], [ 123.711789206568994, 10.3135071576346 ], [ 123.710852196353002, 10.3109583401348 ], [ 123.703131219605993, 10.3137401796566 ], [ 123.705940249701996, 10.3213866317093 ], [ 123.70336625841, 10.3223135774779 ], [ 123.707558302378999, 10.333723760049001 ], [ 123.706225304905004, 10.333861755803399 ], [ 123.707369350741999, 10.344650994583599 ], [ 123.710093345415999, 10.3443680028735 ], [ 123.709067304070999, 10.3346906861492 ], [ 123.713196290799004, 10.333202771157399 ], [ 123.712260281306996, 10.3306539541527 ], [ 123.714834273497999, 10.329727008223299 ], [ 123.716707292305998, 10.3348236423868 ], [ 123.721855276688004, 10.332968750779701 ], [ 123.719045245868003, 10.3253232987809 ], [ 123.721619238059006, 10.3243953526156 ], [ 123.720682227843994, 10.321846535799001 ], [ 123.723256220932996, 10.320919588654199 ], [ 123.724193230249995, 10.323468406795 ], [ 123.726766222616007, 10.322540459576199 ], [ 123.727855224183998, 10.323504386963499 ] ], [ [ 123.716471255474005, 10.3262502444371 ], [ 123.715534245258993, 10.323701427627601 ], [ 123.718108236551004, 10.322774480645901 ], [ 123.719045245868003, 10.3253232987809 ], [ 123.716471255474005, 10.3262502444371 ] ] ], [ [ [ 123.722367293044002, 10.3370744603661 ], [ 123.722367297535001, 10.3380473926018 ], [ 123.724624294923998, 10.3380473828808 ], [ 123.724624304805005, 10.3404402145534 ], [ 123.725668303472006, 10.3404402101347 ], [ 123.725784287653994, 10.3370744453426 ], [ 123.722367293044002, 10.3370744603661 ] ] ] ] } },
{ "type": "Feature", "properties": { "tenement_no": "MPSA No. 265-2008-III", "tenement_name": "San Juanico Resources Corporation", "tenement_type": "MPSA", "commodity": "Limestone", "operation_status": "With exploration activity", "province": "Zambales", "municipality": "Candelaria", "permit_ha": 3440.8, "date_approved": "2008-07-27", "date_expiration": "2033-07-27" }, "geometry": { "type": "MultiPolygon", "coordinates": [ [ [ [ 120.009766192778997, 15.623444286733299 ], [ 120.018100159216004, 15.6234442374212 ], [ 120.018100173589005, 15.6317766639106 ], [ 120.015255250406, 15.631776688133201 ], [ 120.015255128236006, 15.6262631378695 ], [ 120.009766082286006, 15.6262630409769 ], [ 120.00976630417, 15.6401102894236 ], [ 120.02363625353, 15.6401102107037 ], [ 120.023650202569002, 15.623444219253599 ], [ 120.026433155472006, 15.6234441284155 ], [ 120.026433156370004, 15.618027513451199 ], [ 120.029350035505004, 15.618027564495 ], [ 120.029350156776999, 15.620869301180701 ], [ 120.034766087947006, 15.620869251002899 ], [ 120.034765954098006, 15.6067781672373 ], [ 120.009766015810996, 15.606778265004399 ], [ 120.009766192778997, 15.623444286733299 ] ] ], [ [ [ 120.126433385626001, 15.6484419848356 ], [ 120.126433425152001, 15.6567744575781 ], [ 120.141016360166006, 15.6567743745396 ], [ 120.141016243384996, 15.6401094226391 ], [ 120.134766251626004, 15.640109434749901 ], [ 120.134766218389004, 15.6331429290057 ], [ 120.128655133123004, 15.6269153332832 ], [ 120.133805110866007, 15.6218046014764 ], [ 120.133805023730005, 15.6151110083253 ], [ 120.126433098164995, 15.615111054178801 ], [ 120.126432956231, 15.606777562466 ], [ 120.093100037857994, 15.606777760595699 ], [ 120.093100310945999, 15.6484422132006 ], [ 120.126433385626001, 15.6484419848356 ] ] ], [ [ [ 120.045977074370995, 15.6234440791034 ], [ 120.045977137253004, 15.6290656742074 ], [ 120.048750151194994, 15.629065629222101 ], [ 120.048750151194994, 15.631776555774501 ], [ 120.054511162994999, 15.631776460614599 ], [ 120.054511342658003, 15.6567749609987 ], [ 120.059766343340002, 15.6567748917999 ], [ 120.059766145710995, 15.6234439579859 ], [ 120.068100155265995, 15.623443989130401 ], [ 120.068099995365998, 15.6067779353651 ], [ 120.051433006622005, 15.606778055627201 ], [ 120.051433120707998, 15.623443984804799 ], [ 120.045977074370995, 15.6234440791034 ] ] ] ] } },
{ "type": "Feature", "properties": { "tenement_no": "MPSA No. 266-2008-XIII-SMR (AMENDED)", "tenement_name": "Taganito Mining Corporation", "tenement_type": "MPSA", "commodity": "Iron, gold, silver and other associated mineral  deposits", "operation_status": "With commercial operation", "province": "Surigao del Norte", "municipality": "Claver", "permit_ha": 4976.6, "date_approved": "2008-07-27", "date_expiration": "2033-07-27" }, "geometry": { "type": "Polygon", "coordinates": [ [ [ 125.784725826702001, 9.54882074371622 ], [ 125.811670760411999, 9.54882063564021 ], [ 125.813892746860006, 9.54687676646857 ], [ 125.818059733222, 9.545764829996029 ], [ 125.818059710764999, 9.54048820796373 ], [ 125.847781637054993, 9.54048808925438 ], [ 125.849448625456006, 9.5385432228731 ], [ 125.853336613956003, 9.53826522698283 ], [ 125.855559602026005, 9.53632135785031 ], [ 125.859725584071995, 9.534377480296341 ], [ 125.859725574189994, 9.53215464021188 ], [ 125.862225567660005, 9.53215462958096 ], [ 125.863614554430001, 9.5296548033168 ], [ 125.865003548386994, 9.52909983777943 ], [ 125.865836537285006, 9.52660001394716 ], [ 125.866948533927996, 9.52660000951755 ], [ 125.868059522660005, 9.5246551454757 ], [ 125.868059485828994, 9.515489802848821 ], [ 125.876392465915998, 9.5154897691825 ], [ 125.876392447949002, 9.5110450885254 ], [ 125.873892451784997, 9.5104901397145 ], [ 125.873059447615006, 9.50910124164808 ], [ 125.871392449333001, 9.508545287647401 ], [ 125.871670442878994, 9.507156386999981 ], [ 125.868059452591993, 9.507156401175621 ], [ 125.868059419353997, 9.49882399969945 ], [ 125.879170391846003, 9.498823955399541 ], [ 125.881392380091, 9.497435046313999 ], [ 125.883892376255005, 9.497990997097659 ], [ 125.884725367849001, 9.49632411310073 ], [ 125.884725311254996, 9.48215813055806 ], [ 125.859725372968001, 9.48215823068076 ], [ 125.859725439442997, 9.4988240333674 ], [ 125.784725622783995, 9.498824331062879 ], [ 125.784725826702001, 9.54882074371622 ] ], [ [ 125.851392595001997, 9.53215467299062 ], [ 125.851392561764001, 9.523822271352451 ], [ 125.859725540952994, 9.523822237686961 ], [ 125.859725574189994, 9.53215464021188 ], [ 125.851392595001997, 9.53215467299062 ] ] ] } },
{ "type": "Feature", "properties": { "tenement_no": "MPSA No. 267-2008-IX", "tenement_name": "168 Ferrum Pacific Mining Corporation", "tenement_type": "MPSA", "commodity": "Iron, gold, silver and other associated mineral  deposits", "operation_status": "With exploration activity", "province": "Zamboanga del Sur", "municipality": "Midsalip and Bayog", "permit_ha": 8564.4, "date_approved": "2008-08-20", "date_expiration": "2033-08-20" }, "geometry": { "type": "MultiPolygon", "coordinates": [ [ [ [ 123.051393423438995, 7.92397762384386 ], [ 123.051393283302005, 7.88231359941972 ], [ 123.026393475269998, 7.8823136812839 ], [ 123.026393615407002, 7.92397770747923 ], [ 123.051393423438995, 7.92397762384386 ] ] ], [ [ [ 123.159725315851006, 7.95730878852525 ], [ 123.068059714192003, 7.95730909545996 ], [ 123.068059798633001, 7.98230731279047 ], [ 123.126392684039999, 7.98230711618634 ], [ 123.126392656191996, 7.97397470749224 ], [ 123.151392463326005, 7.97397462297742 ], [ 123.151392435478002, 7.96564221445962 ], [ 123.159725343698994, 7.96564218688053 ], [ 123.159725315851006, 7.95730878852525 ] ] ], [ [ [ 123.376390441859996, 7.99897109361696 ], [ 123.376390386164999, 7.98230528625545 ], [ 123.359723128824996, 7.98230534319058 ], [ 123.359723157570997, 7.99063874114353 ], [ 123.351390249350004, 7.99063876961054 ], [ 123.351390277198007, 7.99897117723705 ], [ 123.376390441859996, 7.99897109361696 ] ] ], [ [ [ 123.351390220604003, 7.98230537165816 ], [ 123.326390415266999, 7.98230545528164 ], [ 123.326390444911993, 7.99063885323229 ], [ 123.309723186672997, 7.99063891016627 ], [ 123.309723243267001, 8.00730372593169 ], [ 123.293057425927003, 8.007303782863341 ], [ 123.293057483419005, 8.023969590892129 ], [ 123.276390585404997, 8.02396964782141 ], [ 123.276390613253, 8.032302056395681 ], [ 123.234723550576007, 8.032302196937071 ], [ 123.234723722154996, 8.082298543410131 ], [ 123.268057875712003, 8.08229842956789 ], [ 123.268057761625997, 8.04896780220848 ], [ 123.293057567860998, 8.04896771859867 ], [ 123.293057511266994, 8.032302000357051 ], [ 123.301390419488001, 8.03230197189299 ], [ 123.301390391639998, 8.023969563316991 ], [ 123.318057288755995, 8.02396950549813 ], [ 123.318057260008999, 8.01563709777896 ], [ 123.334723437573999, 8.015637041738 ], [ 123.334723408827998, 8.007303643202921 ], [ 123.343057396823994, 8.007303614737079 ], [ 123.343057340230004, 7.99063879718793 ], [ 123.351390249350004, 7.99063876961054 ], [ 123.351390220604003, 7.98230537165816 ] ] ] ] } },
{ "type": "Feature", "properties": { "tenement_no": "MPSA No. 268-2008-III", "tenement_name": "Filipinas Mining Corporation", "tenement_type": "MPSA", "commodity": "Nickel", "operation_status": "With commercial operation", "province": "Zambales", "municipality": "Santa Cruz", "permit_ha": 953.8, "date_approved": "2008-08-25", "date_expiration": "2033-08-25" }, "geometry": { "type": "Polygon", "coordinates": [ [ [ 120.010588229418005, 15.801854635496699 ], [ 120.010552246501007, 15.809953715257199 ], [ 120.013388360803006, 15.809953754152099 ], [ 120.013388365295, 15.804521098299 ], [ 120.018977267072998, 15.804521163125701 ], [ 120.018963411458003, 15.8072430920797 ], [ 120.016163322292996, 15.8072430843006 ], [ 120.016166253495996, 15.8181307624127 ], [ 120.018944081509005, 15.8180752226357 ], [ 120.018944033, 15.8153810981731 ], [ 120.021777351745996, 15.815381092987201 ], [ 120.021777437983999, 15.8180752243642 ], [ 120.030194152733003, 15.8180754871108 ], [ 120.030194143749995, 15.815381249427199 ], [ 120.027388601810998, 15.8153812036188 ], [ 120.027388529047997, 15.8126870605596 ], [ 120.021777350847998, 15.8126870519164 ], [ 120.021777342763002, 15.807215350950599 ], [ 120.024610646236994, 15.807215380338301 ], [ 120.024610662406005, 15.809937330967299 ], [ 120.030166279805997, 15.8099373957922 ], [ 120.030166252857001, 15.796383205283 ], [ 120.041416341149002, 15.796383328026399 ], [ 120.041416344742004, 15.793661429413101 ], [ 120.044194106280003, 15.7936614086675 ], [ 120.044193985007993, 15.788162061789199 ], [ 120.047055143441995, 15.7881620436362 ], [ 120.047055168594994, 15.790939490767 ], [ 120.049832994811993, 15.7909395737507 ], [ 120.049833024456007, 15.7881621214345 ], [ 120.058194126302993, 15.788162150825 ], [ 120.058194120013994, 15.781773884966499 ], [ 120.033138346041994, 15.781773687871199 ], [ 120.033166192020005, 15.782884601021401 ], [ 120.030332650491999, 15.7828845534767 ], [ 120.030332743017993, 15.7854954510409 ], [ 120.027471565718997, 15.7854954337522 ], [ 120.027471602549994, 15.7828845448322 ], [ 120.024638260448995, 15.782884516305399 ], [ 120.024638226313002, 15.7909393083757 ], [ 120.019054804258005, 15.790939163154199 ], [ 120.019054720715005, 15.788217309818 ], [ 120.021860428842004, 15.788217315869 ], [ 120.021860364163004, 15.785523087955101 ], [ 120.013415860929001, 15.785523055106401 ], [ 120.013415899557003, 15.7834399096543 ], [ 120.010610276769995, 15.7834398067852 ], [ 120.010610298328999, 15.7888282130309 ], [ 120.012526957294, 15.7888282061155 ], [ 120.012527008497997, 15.791577947521301 ], [ 120.010610324379996, 15.7915779492502 ], [ 120.010610361210993, 15.793716532451599 ], [ 120.007804788729999, 15.793716552332899 ], [ 120.007804740221005, 15.796410745629 ], [ 120.010610443855995, 15.7964107352563 ], [ 120.010588264451997, 15.7990771789927 ], [ 120.001360328781004, 15.7990770865041 ], [ 120.001360356627998, 15.8018544323704 ], [ 120.010588229418005, 15.801854635496699 ] ], [ [ 120.024610623778997, 15.804493429402701 ], [ 120.021777263711002, 15.8044934052007 ], [ 120.021777240354993, 15.801799180281799 ], [ 120.024610653422997, 15.8017991992979 ], [ 120.024610491727003, 15.7991050578089 ], [ 120.027416174701003, 15.7991051053497 ], [ 120.027416256446998, 15.807215354407999 ], [ 120.024610646236994, 15.807215380338301 ], [ 120.024610623778997, 15.804493429402701 ] ] ] } },
{ "type": "Feature", "properties": { "tenement_no": "MPSA No. 269-2008-III", "tenement_name": "Mineral Treasures Mining Corporation", "tenement_type": "MPSA", "commodity": "Chromite and other associ", "operation_status": "With exploration activity", "province": "Zambales", "municipality": "Palauig", "permit_ha": 578.6, "date_approved": "2008-10-29", "date_expiration": "2033-10-29" }, "geometry": { "type": "Polygon", "coordinates": [ [ [ 120.068026946163997, 15.4734706387265 ], [ 120.068026932688994, 15.481803109437299 ], [ 120.059693338155, 15.4818031786949 ], [ 120.059693392951999, 15.490135680824199 ], [ 120.068026856331997, 15.4901356635105 ], [ 120.068026903942993, 15.4984682133021 ], [ 120.084693728294994, 15.4984683310305 ], [ 120.084693903466004, 15.473470616216799 ], [ 120.068026946163997, 15.4734706387265 ] ] ] } },
{ "type": "Feature", "properties": { "tenement_no": "MPSA No. 270-2008-III", "tenement_name": "Mineral Treasures Mining Corporation", "tenement_type": "MPSA", "commodity": "Chromite and other associ", "operation_status": "With exploration activity", "province": "Zambales", "municipality": "Palauig", "permit_ha": 1074.9, "date_approved": "2008-10-29", "date_expiration": "2033-10-29" }, "geometry": { "type": "Polygon", "coordinates": [ [ [ 120.109694421167006, 15.440140439536099 ], [ 120.109694298996004, 15.481803260072599 ], [ 120.118027838732999, 15.481803285178501 ], [ 120.118027883649006, 15.465138155488599 ], [ 120.126361365893004, 15.465138120857 ], [ 120.126361244620995, 15.4818032635355 ], [ 120.134694702611, 15.4818033786763 ], [ 120.134694831968005, 15.440140492355701 ], [ 120.109694421167006, 15.440140439536099 ] ] ] } },
{ "type": "Feature", "properties": { "tenement_no": "MPSA No. 271-2008-V", "tenement_name": "Uni-Dragon Mining & Development Corporation", "tenement_type": "MPSA", "commodity": "Gold, copper and other associated mineral deposits", "operation_status": "With exploration activity", "province": "Camarines Norte", "municipality": "Bagumbayan, Gamaus and  Paracale", "permit_ha": 108.9, "date_approved": "2008-11-03", "date_expiration": "2033-11-03" }, "geometry": { "type": "MultiPolygon", "coordinates": [ [ [ [ 122.786360791779003, 14.302796531078499 ], [ 122.788655792395005, 14.303347481846099 ], [ 122.791134828169007, 14.309465070707899 ], [ 122.794318796200997, 14.305157331269699 ], [ 122.790443787458997, 14.302906499370099 ], [ 122.789230760890007, 14.298510791593801 ], [ 122.786363750828997, 14.296391946487301 ], [ 122.786360791779003, 14.302796531078499 ] ] ], [ [ [ 122.769718920829007, 14.320079511595999 ], [ 122.773888906666002, 14.3186375794438 ], [ 122.775563876598994, 14.314215856043701 ], [ 122.780848841484996, 14.3096961171512 ], [ 122.781590822959998, 14.306848297667001 ], [ 122.765321988211994, 14.3192865383613 ], [ 122.769718920829007, 14.320079511595999 ] ] ], [ [ [ 122.763453909239004, 14.3172707313309 ], [ 122.761683921804007, 14.3187416473108 ], [ 122.765321807649997, 14.3192864687288 ], [ 122.763453909239004, 14.3172707313309 ] ] ], [ [ [ 122.765321988211994, 14.3192865383613 ], [ 122.765321807649997, 14.3192864687288 ], [ 122.765321920838005, 14.319286589715301 ], [ 122.765321988211994, 14.3192865383613 ] ] ] ] } },
{ "type": "Feature", "properties": { "tenement_no": "MPSA No. 272-2008-V", "tenement_name": "Uni-Dragon Mining & Development Corporation", "tenement_type": "MPSA", "commodity": "Gold, copper and other associated mineral deposits", "operation_status": "With exploration activity", "province": "Camarines Norte", "municipality": "Paracale", "permit_ha": 175.2, "date_approved": "2008-11-03", "date_expiration": "2033-11-03" }, "geometry": { "type": "MultiPolygon", "coordinates": [ [ [ [ 122.779940825294005, 14.3069243031835 ], [ 122.776422827706995, 14.306843328238701 ], [ 122.776422848368, 14.309872133061599 ], [ 122.779940825294005, 14.3069243031835 ] ] ], [ [ [ 122.750028984373003, 14.3266842031652 ], [ 122.753508972443996, 14.325317269150601 ], [ 122.758544933316998, 14.320106575931 ], [ 122.763598906308999, 14.3168077598752 ], [ 122.765383918067002, 14.318886614756099 ], [ 122.768087901870004, 14.316677742241 ], [ 122.768089890740001, 14.315176838859699 ], [ 122.752919909382996, 14.315176930254101 ], [ 122.750097929172995, 14.317924768703 ], [ 122.748133920008996, 14.316004904524901 ], [ 122.746164934179006, 14.3179207917897 ], [ 122.744200924116996, 14.316000927577599 ], [ 122.746350977969996, 14.324940337068 ], [ 122.750028984373003, 14.3266842031652 ] ] ] ] } },
{ "type": "Feature", "properties": { "tenement_no": "MPSA No. 273-2008-V", "tenement_name": "Orophil Stonecraft, Inc.", "tenement_type": "MPSA", "commodity": "Perlite, bentonite and other associated mineral deposits", "operation_status": "Under care and maintenance", "province": "Camarines Sur", "municipality": "Baao", "permit_ha": 142.8, "date_approved": "2008-11-25", "date_expiration": "2033-11-25" }, "geometry": { "type": "Polygon", "coordinates": [ [ [ 123.393083899464003, 13.4652288390021 ], [ 123.393083997380003, 13.481893735620901 ], [ 123.401416985550995, 13.481893689322099 ], [ 123.400680949126993, 13.4756191084096 ], [ 123.397909953698999, 13.4756241245284 ], [ 123.397897920765999, 13.470200482899299 ], [ 123.401415916556005, 13.470194463769699 ], [ 123.401416887634994, 13.465228790952899 ], [ 123.393083899464003, 13.4652288390021 ] ] ] } },
{ "type": "Feature", "properties": { "tenement_no": "MPSA No. 274-2008-XI (Amended II)", "tenement_name": "Helix Mining and Development Corporation", "tenement_type": "MPSA", "commodity": "Limestone", "operation_status": "With commercial operation", "province": "Davao del Norte", "municipality": "City of Panabo", "permit_ha": 3727.2, "date_approved": "2008-11-26", "date_expiration": "2033-11-26" }, "geometry": { "type": "MultiPolygon", "coordinates": [ [ [ [ 125.534717921511998, 7.14482965474808 ], [ 125.534717934987, 7.14899634803932 ], [ 125.526384954003007, 7.1489963729966 ], [ 125.526385004307997, 7.16566214287549 ], [ 125.547217955335, 7.16566208048456 ], [ 125.547217893351004, 7.14482961731181 ], [ 125.534717921511998, 7.14482965474808 ] ] ], [ [ [ 125.618065890802001, 7.19893841014123 ], [ 125.618237941535, 7.21561718003299 ], [ 125.634753902819, 7.21566912546727 ], [ 125.634731864450004, 7.20310505290541 ], [ 125.643061845960005, 7.20310502795109 ], [ 125.643011833154006, 7.19897333313968 ], [ 125.618065890802001, 7.19893841014123 ] ] ], [ [ [ 125.613885002112994, 7.23232296057301 ], [ 125.613885054215004, 7.24898873037357 ], [ 125.61805204417, 7.24898871789765 ], [ 125.618052063034995, 7.2552382574381 ], [ 125.626385044019997, 7.25523823248663 ], [ 125.626384973951005, 7.23232292225276 ], [ 125.613885002112994, 7.23232296057301 ] ] ], [ [ [ 125.551385199514002, 7.24898892107651 ], [ 125.551385327074001, 7.29065285121395 ], [ 125.593052229850997, 7.29065272379343 ], [ 125.593052203799999, 7.28231933663458 ], [ 125.601385184783993, 7.28231931168465 ], [ 125.601385083275005, 7.24898876780124 ], [ 125.551385199514002, 7.24898892107651 ] ] ] ] } },
{ "type": "Feature", "properties": { "tenement_no": "MPSA No. 275-2008-III", "tenement_name": "Mineral Treasures Mining Corporation", "tenement_type": "MPSA", "commodity": "Chromite and other associ", "operation_status": "No exploration activity due to force majeure reason", "province": "Zambales", "municipality": "Palauig", "permit_ha": 3058.8, "date_approved": "2008-12-22", "date_expiration": "2033-12-22" }, "geometry": { "type": "Polygon", "coordinates": [ [ [ 120.034764926426007, 15.440122543232 ], [ 120.034765280361995, 15.4984517962419 ], [ 120.068099221916995, 15.4984516542752 ], [ 120.068099262340994, 15.4901191938474 ], [ 120.059765148580993, 15.4901192059669 ], [ 120.059765196190995, 15.4817858010933 ], [ 120.068099162628002, 15.481785734432901 ], [ 120.068099079084007, 15.4734532612908 ], [ 120.084765107528995, 15.4734530422548 ], [ 120.084765208139999, 15.4984515746354 ], [ 120.093099261712993, 15.4984514811451 ], [ 120.093098886218002, 15.440122037549701 ], [ 120.084764943137003, 15.440122144054699 ], [ 120.084765014103994, 15.456787150324301 ], [ 120.068098931761, 15.456787221321999 ], [ 120.068098943438997, 15.448454738003999 ], [ 120.059764920408, 15.4484548393096 ], [ 120.059764833271998, 15.4401223129041 ], [ 120.034764926426007, 15.440122543232 ] ] ] } },
{ "type": "Feature", "properties": { "tenement_no": "MPSA No. 276-2009-CAR", "tenement_name": "Heirs of Baldomero Nevada Sr., Trinidad Nevada & Baldomero Nevada, Jr. as represented by Philex Mining Corporation", "tenement_type": "MPSA", "commodity": "Copper", "operation_status": "With commercial operation", "province": "Benguet", "municipality": "Tuba", "permit_ha": 80.9, "date_approved": "2009-01-18", "date_expiration": "2034-01-18" }, "geometry": { "type": "Polygon", "coordinates": [ [ [ 120.619873649398002, 16.2659869961129 ], [ 120.627068623919996, 16.262843028428399 ], [ 120.624073570693994, 16.255229513614999 ], [ 120.616404595621006, 16.2585793608465 ], [ 120.619873649398002, 16.2659869961129 ] ] ] } },
{ "type": "Feature", "properties": { "tenement_no": "MPSA No. 277-2009-IVB", "tenement_name": "Aglubang Mining Corporation", "tenement_type": "MPSA", "commodity": "Nickel and other associated minerals", "operation_status": "With exploration activity", "province": "Occidental Mindoro", "municipality": "Sablayan", "permit_ha": 4635.2, "date_approved": "2009-03-22", "date_expiration": "2034-03-22" }, "geometry": { "type": "Polygon", "coordinates": [ [ [ 121.193083549527003, 13.0394351520247 ], [ 121.193083364474006, 13.0069372896094 ], [ 121.118083399593999, 13.006937700109599 ], [ 121.118651799605999, 13.0771800769206 ], [ 121.193083549527003, 13.0394351520247 ] ] ] } },
{ "type": "Feature", "properties": { "tenement_no": "MPSA No. 278-2009-CAR", "tenement_name": "Macawiwili Gold Mining and Development Company, Inc.", "tenement_type": "MPSA", "commodity": "Gold", "operation_status": "With exploration activity", "province": "Benguet", "municipality": "Itogon", "permit_ha": 812.7, "date_approved": "2009-04-07", "date_expiration": "2034-04-07" }, "geometry": { "type": "MultiPolygon", "coordinates": [ [ [ [ 120.652059703022005, 16.274402933869801 ], [ 120.652259700342995, 16.274183495647002 ], [ 120.650343686368998, 16.272091976839601 ], [ 120.650315702051003, 16.2743890565485 ], [ 120.652059703022005, 16.274402933869801 ] ] ], [ [ [ 120.655259796710993, 16.2875076635538 ], [ 120.657131790541996, 16.286721587934601 ], [ 120.656698783709999, 16.285743870508298 ], [ 120.658401777486006, 16.285027243109301 ], [ 120.655820736215006, 16.279199835537 ], [ 120.655781760112006, 16.282577410153301 ], [ 120.650218761255005, 16.2825163405764 ], [ 120.650276726846002, 16.2777749602059 ], [ 120.644715728536994, 16.2777138925833 ], [ 120.644734715328994, 16.2759528890174 ], [ 120.641979717997998, 16.2761945530909 ], [ 120.642370734878, 16.278511079711102 ], [ 120.644640750652002, 16.280763706409999 ], [ 120.647704739694007, 16.2794748743088 ], [ 120.648162748437002, 16.2805109174801 ], [ 120.648979744627994, 16.280166492157601 ], [ 120.652706805335001, 16.288582615079498 ], [ 120.655259796710993, 16.2875076635538 ] ] ], [ [ [ 120.647151804179003, 16.288293779997201 ], [ 120.636951804234002, 16.287757772179699 ], [ 120.636651843286003, 16.293168554709698 ], [ 120.636973874044003, 16.297484959375499 ], [ 120.642534874149007, 16.297618242841299 ], [ 120.642562933925007, 16.305745527095599 ], [ 120.647198931595995, 16.305728836966502 ], [ 120.647226989575003, 16.313681122297101 ], [ 120.657040987035998, 16.313644947445301 ], [ 120.657263028116006, 16.3193029409756 ], [ 120.667069024282995, 16.319186211241501 ], [ 120.667229923329998, 16.305295387142699 ], [ 120.660651857847, 16.296001558859601 ], [ 120.661187786457006, 16.286313254465899 ], [ 120.657715785308, 16.286129960354 ], [ 120.657334805304004, 16.288824237726299 ], [ 120.647151804179003, 16.288293779997201 ] ] ] ] } },
{ "type": "Feature", "properties": { "tenement_no": "MPSA No. 279-2009-V", "tenement_name": "Vivencio F. Abaño, Jose F. Abaño, Jr., Luis F. Abaño and Ofelia Abaño-Tamayo", "tenement_type": "MPSA", "commodity": "Magnetite and other association mineral deposits", "operation_status": "With exploration activity", "province": "Camarines Sur", "municipality": "Bula", "permit_ha": 173.6, "date_approved": "2009-04-07", "date_expiration": "2034-04-07" }, "geometry": { "type": "Polygon", "coordinates": [ [ [ 123.210769616893998, 13.373568928617599 ], [ 123.217249607908002, 13.3735688919114 ], [ 123.217249656416996, 13.381901339968801 ], [ 123.226416644091003, 13.3819012884072 ], [ 123.226426609103001, 13.375882688167801 ], [ 123.221202567958997, 13.367608265084201 ], [ 123.220050579217997, 13.369398151962701 ], [ 123.217285592622005, 13.3709960619013 ], [ 123.217942555741999, 13.3646734779244 ], [ 123.214970563167995, 13.365340450174999 ], [ 123.215380572228995, 13.367052334669101 ], [ 123.211777591322004, 13.3693132046365 ], [ 123.210769616893998, 13.373568928617599 ] ] ] } },
{ "type": "Feature", "properties": { "tenement_no": "MPSA No. 280-2009-XIII", "tenement_name": "Greenstone Resources Corporation", "tenement_type": "MPSA", "commodity": "Copper", "operation_status": "With exploration activity", "province": "Surigao del Norte", "municipality": "Surigao City, Sison and Tagana-an", "permit_ha": 1514.8, "date_approved": "2009-04-20", "date_expiration": "2034-04-20" }, "geometry": { "type": "MultiPolygon", "coordinates": [ [ [ [ 125.526393987461006, 9.68214523768744 ], [ 125.534726966649004, 9.68214520315218 ], [ 125.534726898377002, 9.66548039463116 ], [ 125.526393918291006, 9.665480429168159 ], [ 125.526393987461006, 9.68214523768744 ] ] ], [ [ [ 125.544510944210003, 9.68214516418932 ], [ 125.544511000803993, 9.69576418932744 ], [ 125.540625009259003, 9.695764206151621 ], [ 125.540625021834998, 9.698810988460149 ], [ 125.551393996715007, 9.698810944186381 ], [ 125.551393962578999, 9.69047853975381 ], [ 125.559726943564002, 9.69047850610489 ], [ 125.559726908529996, 9.68214510220292 ], [ 125.551393928443005, 9.68214513585268 ], [ 125.551393893408999, 9.67381273214802 ], [ 125.543060913323004, 9.67381276579861 ], [ 125.543060947458997, 9.682145169502419 ], [ 125.544510944210003, 9.68214516418932 ] ] ], [ [ [ 125.526394158141002, 9.72380925876678 ], [ 125.526394194074001, 9.73214166420968 ], [ 125.543061154070998, 9.732141595149489 ], [ 125.543061119037006, 9.723809191475629 ], [ 125.551394100920007, 9.72380915783009 ], [ 125.551394031748998, 9.70714334783006 ], [ 125.543061050765004, 9.70714338324821 ], [ 125.543061084900998, 9.71547678733876 ], [ 125.534727104989997, 9.715476820985129 ], [ 125.534727056481003, 9.70386065148541 ], [ 125.531494063790007, 9.703860664767371 ], [ 125.531494043129001, 9.69881102476468 ], [ 125.526394054834995, 9.69881104601609 ], [ 125.526394020699001, 9.690478641586029 ], [ 125.518061040611997, 9.690478675234949 ], [ 125.518061178055007, 9.723809293297739 ], [ 125.526394158141002, 9.72380925876678 ] ] ] ] } },
{ "type": "Feature", "properties": { "tenement_no": "MPSA No. 281-2009-X", "tenement_name": "HOLCIM PHILS. MANUFACTURING CORP.", "tenement_type": "MPSA", "commodity": "Shale/Pozzolan", "operation_status": "With commercial operation", "province": "Misamis Oriental", "municipality": "Iligan City and Lugait", "permit_ha": 440.3, "date_approved": "2009-06-17", "date_expiration": "2034-04-17" }, "geometry": { "type": "MultiPolygon", "coordinates": [ [ [ [ 124.268058012316004, 8.323914671791581 ], [ 124.293057966773006, 8.32391458379524 ], [ 124.293057937129007, 8.315581854025011 ], [ 124.276391300523997, 8.315582245128191 ], [ 124.276391270879998, 8.30724884756772 ], [ 124.268058286301994, 8.30724887690109 ], [ 124.268058012316004, 8.323914671791581 ] ] ], [ [ [ 124.262992369309998, 8.328235377660279 ], [ 124.265164389665998, 8.33508587462144 ], [ 124.268058374337002, 8.332247069599079 ], [ 124.268058012316004, 8.323914671791581 ], [ 124.257130365313003, 8.324126694919791 ], [ 124.255932387320996, 8.32993627914715 ], [ 124.262992369309998, 8.328235377660279 ] ] ] ] } },
{ "type": "Feature", "properties": { "tenement_no": "MPSA No. 282-2009-III", "tenement_name": "Mineral Treasures Mining Corporation", "tenement_type": "MPSA", "commodity": "Chromite and other associ", "operation_status": "No exploration activity due to force majeure reason", "province": "Zambales", "municipality": "Palauig", "permit_ha": 27.0, "date_approved": "2009-06-09", "date_expiration": "2034-06-09" }, "geometry": { "type": "MultiPolygon", "coordinates": [ [ [ [ 120.120232043030001, 15.4748087791352 ], [ 120.125818100741995, 15.4748087202642 ], [ 120.125818028877006, 15.472096880928699 ], [ 120.120232042132002, 15.472096953652599 ], [ 120.120232043030001, 15.4748087791352 ] ] ], [ [ [ 120.120232132862, 15.4802244843377 ], [ 120.123026209602003, 15.4802244523058 ], [ 120.123026131448995, 15.4775165927489 ], [ 120.120232184065998, 15.477516634304401 ], [ 120.120232132862, 15.4802244843377 ] ] ] ] } },
{ "type": "Feature", "properties": { "tenement_no": "MPSA No. 283-2009-XIII-SMR", "tenement_name": "Century Peak Corporation", "tenement_type": "MPSA", "commodity": "Nickel and other associated mineral deposits", "operation_status": "With commercial operation", "province": "Dinagat Islands", "municipality": "Loreto and Libjo", "permit_ha": 3259.0, "date_approved": "2009-06-18", "date_expiration": "2034-06-18" }, "geometry": { "type": "MultiPolygon", "coordinates": [ [ [ [ 125.551396191299006, 10.2154411503208 ], [ 125.593063093178003, 10.2154409717376 ], [ 125.605562955422002, 10.1904426934212 ], [ 125.584728895873994, 10.1654445570455 ], [ 125.559729099520993, 10.198775296077701 ], [ 125.551396118536005, 10.198775333210801 ], [ 125.551396191299006, 10.2154411503208 ] ] ], [ [ [ 125.604174763659998, 10.3737627016611 ], [ 125.606952793795003, 10.3820950992252 ], [ 125.608896863951998, 10.3987609113583 ], [ 125.609729862731996, 10.3987609078241 ], [ 125.609729824105003, 10.3904284967837 ], [ 125.618063804914001, 10.3904284623239 ], [ 125.618063657590994, 10.357096820575499 ], [ 125.615979662250993, 10.357096830295999 ], [ 125.615979625419996, 10.3487644199072 ], [ 125.601396658965001, 10.348764483533699 ], [ 125.601396695795998, 10.3570968930372 ], [ 125.597229705841002, 10.3570969115944 ], [ 125.601396770356999, 10.373762713148301 ], [ 125.604174763659998, 10.3737627016611 ] ] ], [ [ [ 125.668063685980002, 10.390428244078601 ], [ 125.668063722810999, 10.3987606533586 ], [ 125.673257709919, 10.398760631269599 ], [ 125.678479661580994, 10.3904281981322 ], [ 125.67500765055, 10.3862615081207 ], [ 125.672229601550995, 10.3737624056446 ], [ 125.668063575486997, 10.365430014223399 ], [ 125.668063537758002, 10.3570966040743 ], [ 125.659729557847001, 10.3570966403051 ], [ 125.659729632406993, 10.3737624595461 ], [ 125.668063685980002, 10.390428244078601 ] ] ] ] } },
{ "type": "Feature", "properties": { "tenement_no": "MPSA No. 284-2009-XIII SMR", "tenement_name": "Kepha Mining Exploration Limited Company", "tenement_type": "MPSA", "commodity": "Nickel, cobalt, iron and other associated mineral deposits  \r\n", "operation_status": "With exploration activity", "province": "Surigao del Norte", "municipality": "Claver, Surigao del Norte", "permit_ha": 7054.8, "date_approved": "2009-06-18", "date_expiration": "2034-06-18" }, "geometry": { "type": "Polygon", "coordinates": [ [ [ 125.718059383592006, 9.39883177817789 ], [ 125.718059550679001, 9.44049578497242 ], [ 125.726392529866999, 9.44049575129878 ], [ 125.726392563104, 9.448828153241591 ], [ 125.730559553060004, 9.448828137291279 ], [ 125.730559586298, 9.457160537832079 ], [ 125.738892566383996, 9.45716050504617 ], [ 125.738892582554001, 9.46132720559833 ], [ 125.743059572508997, 9.461327189648641 ], [ 125.743059622814997, 9.473826291797151 ], [ 125.747225612945996, 9.47382627496193 ], [ 125.747225646182997, 9.482158677245719 ], [ 125.755559626993005, 9.48215864357612 ], [ 125.755559660231, 9.490492046689059 ], [ 125.768059630273001, 9.49049199618592 ], [ 125.768059663510002, 9.49882439751276 ], [ 125.784725622783995, 9.498824331062879 ], [ 125.784725488036997, 9.46549372451379 ], [ 125.793059467947998, 9.465493691728661 ], [ 125.793059201149006, 9.39883148216845 ], [ 125.718059383592006, 9.39883177817789 ] ] ] } },
{ "type": "Feature", "properties": { "tenement_no": "MPSA No. 285-2009-IVB (Amended)", "tenement_name": "Lebach Mining Corporation", "tenement_type": "MPSA", "commodity": "Nickel, chromite, cobalt, copper, gold and other associated mineral deposits", "operation_status": "With exploration activity", "province": "Palawan", "municipality": "Brooke's Point", "permit_ha": 2582.7, "date_approved": "2009-07-21", "date_expiration": "2034-07-21" }, "geometry": { "type": "Polygon", "coordinates": [ [ [ 117.856118316817998, 8.873899006773589 ], [ 117.855284991052002, 8.876121078861919 ], [ 117.853618324246995, 8.87667660321307 ], [ 117.852507208852003, 8.875843331015609 ], [ 117.848618318443997, 8.876398862887781 ], [ 117.848340550374999, 8.878898691317501 ], [ 117.847784996269993, 8.87945421057454 ], [ 117.844729436120005, 8.879176463476909 ], [ 117.843340554452993, 8.88112077838495 ], [ 117.843618336895005, 8.88223181198763 ], [ 117.834729437988003, 8.882231844826711 ], [ 117.834646193805995, 8.905841326323779 ], [ 117.836673963590997, 8.903063731813271 ], [ 117.842757312475001, 8.90545243273238 ], [ 117.849662905507003, 8.913701838212051 ], [ 117.850007357316002, 8.91556281900329 ], [ 117.852785137718996, 8.915562808353741 ], [ 117.854729595050998, 8.9183403868473 ], [ 117.858251825498996, 8.91972916683965 ], [ 117.858251782379995, 8.908368840147951 ], [ 117.860965673701998, 8.90828550318491 ], [ 117.860987886344006, 8.905591244425359 ], [ 117.872843451714004, 8.905618974808149 ], [ 117.872840657054994, 8.900999850885499 ], [ 117.876776772796006, 8.90100816850749 ], [ 117.876776763812998, 8.89889720287375 ], [ 117.902229565292004, 8.898897107023521 ], [ 117.909729544802005, 8.891953114498371 ], [ 117.909729477428996, 8.87389880707201 ], [ 117.856118316817998, 8.873899006773589 ] ] ] } },
{ "type": "Feature", "properties": { "tenement_no": "MPSA No. 286-2009-VII", "tenement_name": "Apo Land and Quarry Corporation", "tenement_type": "MPSA", "commodity": "Limestone, greywacke, and clay", "operation_status": "With commercial operation", "province": "Cebu", "municipality": "City of Naga", "permit_ha": 132.0, "date_approved": "2009-06-18", "date_expiration": "2034-06-18" }, "geometry": { "type": "Polygon", "coordinates": [ [ [ 123.735188769228003, 10.2224704426424 ], [ 123.735188763837996, 10.221250527693799 ], [ 123.735927765601005, 10.222064467299701 ], [ 123.736774762828006, 10.2217034899751 ], [ 123.736710749778993, 10.2185817088842 ], [ 123.735949745579006, 10.2175707836283 ], [ 123.737071744963004, 10.217570777439899 ], [ 123.737096729805998, 10.214393000702399 ], [ 123.740752724789999, 10.214392984789001 ], [ 123.740752708619993, 10.210788238112899 ], [ 123.743066706807994, 10.2107882283879 ], [ 123.743066691536995, 10.2074884598313 ], [ 123.733477704986996, 10.2071155270971 ], [ 123.733477736428, 10.2143630180808 ], [ 123.731649739385006, 10.2143630269216 ], [ 123.731649770825996, 10.2215955191137 ], [ 123.729821772885003, 10.221595526186199 ], [ 123.729821781867997, 10.2237813740151 ], [ 123.733982776467002, 10.223781356333999 ], [ 123.733982771976002, 10.2226064395233 ], [ 123.735188769228003, 10.2224704426424 ] ] ] } },
{ "type": "Feature", "properties": { "tenement_no": "MPSA No. 287-2009-VII", "tenement_name": "Apo Land and Quarry Corporation", "tenement_type": "MPSA", "commodity": "Limestone", "operation_status": "With exploration activity", "province": "Cebu", "municipality": "City of Naga", "permit_ha": 85.3, "date_approved": "2009-06-18", "date_expiration": "2034-06-18" }, "geometry": { "type": "Polygon", "coordinates": [ [ [ 123.743066837064006, 10.2404471466947 ], [ 123.743066799334997, 10.2321137319069 ], [ 123.734732811339001, 10.232113767268 ], [ 123.734732848169998, 10.240447182939 ], [ 123.743066837064006, 10.2404471466947 ] ] ] } },
{ "type": "Feature", "properties": { "tenement_no": "MPSA No. 288-2009-IX", "tenement_name": "Geotechniques and Mines, Inc.", "tenement_type": "MPSA", "commodity": "Iron, gold and other associated mineral  deposits", "operation_status": "With exploration activity", "province": "Zamboanga del Sur", "municipality": "Midsalip", "permit_ha": 599.6, "date_approved": "2009-08-04", "date_expiration": "2034-08-04" }, "geometry": { "type": "MultiPolygon", "coordinates": [ [ [ [ 123.293058812026999, 8.007273862612649 ], [ 123.309724790166001, 8.00727380657057 ], [ 123.309724747944998, 7.99477470835506 ], [ 123.297224765327002, 7.99477475016553 ], [ 123.297224794073003, 8.00310814966836 ], [ 123.293058798551996, 8.00310816301185 ], [ 123.293058812026999, 8.007273862612649 ] ] ], [ [ [ 123.288891818478007, 8.007273876845581 ], [ 123.288891832850993, 8.01144057639236 ], [ 123.284724839302001, 8.01144059062513 ], [ 123.284724852777003, 8.01560728933309 ], [ 123.251391897573001, 8.015607402304511 ], [ 123.251391911946001, 8.019773102097361 ], [ 123.243058922876003, 8.01977312878328 ], [ 123.243058938147996, 8.02393982931209 ], [ 123.255558920766006, 8.023939787504601 ], [ 123.255558907291004, 8.01977308697538 ], [ 123.263891895461995, 8.01977305939994 ], [ 123.263891909836005, 8.02393975903996 ], [ 123.276391892454001, 8.023939716342969 ], [ 123.276391878081, 8.01977301759203 ], [ 123.288891860698996, 8.019772975784161 ], [ 123.288891847223994, 8.01560727510047 ], [ 123.293058841672007, 8.01560726086783 ], [ 123.293058812026999, 8.007273862612649 ], [ 123.288891818478007, 8.007273876845581 ] ] ] ] } },
{ "type": "Feature", "properties": { "tenement_no": "MPSA No. 289-2009-XI", "tenement_name": "Core Mining Corporation", "tenement_type": "MPSA", "commodity": "Copper and other associated mineral  deposits", "operation_status": "With exploration activity", "province": "Davao Oriental", "municipality": "Lupon", "permit_ha": 1740.2, "date_approved": "2009-08-17", "date_expiration": "2034-08-17" }, "geometry": { "type": "MultiPolygon", "coordinates": [ [ [ [ 126.199972260821994, 7.13351964022482 ], [ 126.199972260821994, 7.11685365182065 ], [ 126.174989267455999, 7.11685365003786 ], [ 126.174989267455999, 7.13351964022482 ], [ 126.199972260821994, 7.13351964022482 ] ] ], [ [ [ 126.233322251678004, 7.16685361838816 ], [ 126.233322251678004, 7.15024163027625 ], [ 126.199989261439001, 7.15018662991077 ], [ 126.199989261439001, 7.14185363528426 ], [ 126.183316264762993, 7.14185363528426 ], [ 126.183316264762993, 7.16685361749684 ], [ 126.233322251678004, 7.16685361838816 ] ] ] ] } },
{ "type": "Feature", "properties": { "tenement_no": "MPSA No. 290-2009-VIII", "tenement_name": "Vincent Tan Tiong", "tenement_type": "MPSA", "commodity": "Magnetite and other associated mineral  deposit", "operation_status": "Under care and maintenance", "province": "Leyte", "municipality": "Macarthur and Javier", "permit_ha": 533.3, "date_approved": "2009-09-27", "date_expiration": "2034-09-27" }, "geometry": { "type": "MultiPolygon", "coordinates": [ [ [ [ 124.993066979074001, 10.7820696448807 ], [ 124.997232970102999, 10.782069625466701 ], [ 124.997232951238004, 10.777903918500201 ], [ 124.984732977603002, 10.7779039740957 ], [ 124.984732938975, 10.7695705586949 ], [ 124.981955944597999, 10.7695705719323 ], [ 124.983343986340998, 10.7792928827689 ], [ 124.991677969845, 10.779292845705299 ], [ 124.991677981522997, 10.7820696519404 ], [ 124.986122004796997, 10.7842925193406 ], [ 124.990844022443994, 10.790403071546599 ], [ 124.990844029631006, 10.79206895263 ], [ 124.98473304318, 10.792068981750001 ], [ 124.976400078365003, 10.7959577459453 ], [ 124.972233087511, 10.7959577653584 ], [ 124.972233100086996, 10.798735570996801 ], [ 124.993067057226995, 10.7987354756968 ], [ 124.993066979074001, 10.7820696448807 ] ] ], [ [ [ 124.959733068960006, 10.786236504001399 ], [ 124.955567077032995, 10.7862365225327 ], [ 124.955567114762005, 10.794568937179699 ], [ 124.959733106689001, 10.794568919531301 ], [ 124.959733144417996, 10.802902334970801 ], [ 124.955567153388998, 10.8029023543835 ], [ 124.955567192914998, 10.811234770007999 ], [ 124.96806716655, 10.811234713536299 ], [ 124.968067146787007, 10.807068006089899 ], [ 124.972233138714998, 10.807067986677399 ], [ 124.972233118952005, 10.8029022784975 ], [ 124.969456125473002, 10.802902290851099 ], [ 124.959733174063004, 10.8090129075409 ], [ 124.959733148012006, 10.803457296575401 ], [ 124.963622117471999, 10.7987356098227 ], [ 124.963622098607004, 10.794568902765301 ], [ 124.959733087824006, 10.790403210970799 ], [ 124.963900058915002, 10.786236484587601 ], [ 124.968067050667997, 10.7862364651739 ], [ 124.973622020381995, 10.782069732243899 ], [ 124.973621963788005, 10.7698485897272 ], [ 124.972232966237996, 10.7695706151744 ], [ 124.972233022832, 10.7820697384211 ], [ 124.959733049196998, 10.7820697948983 ], [ 124.959733068960006, 10.786236504001399 ] ] ] ] } },
{ "type": "Feature", "properties": { "tenement_no": "MPSA No. 291-2009-XIII-SMR", "tenement_name": "Krominco, Inc", "tenement_type": "MPSA", "commodity": "Chromite", "operation_status": "Under care and maintenance", "province": "Dinagat Islands", "municipality": "Loreto", "permit_ha": 774.0, "date_approved": "2009-09-27", "date_expiration": "2034-09-27" }, "geometry": { "type": "Polygon", "coordinates": [ [ [ 125.626396489455004, 10.3237661471611 ], [ 125.626396528081997, 10.3320985563119 ], [ 125.618063583029993, 10.340432001209599 ], [ 125.618063619861005, 10.348764411070199 ], [ 125.626396600845993, 10.3487643748384 ], [ 125.626396637677004, 10.3570967861121 ], [ 125.643063597674001, 10.3570967136504 ], [ 125.643063561741997, 10.3487643032585 ], [ 125.651396540929994, 10.3487642670268 ], [ 125.651396504098997, 10.3404318571624 ], [ 125.643063524013002, 10.340431893395101 ], [ 125.634729507269995, 10.332098520078199 ], [ 125.634729470438998, 10.323766110042699 ], [ 125.626396489455004, 10.3237661471611 ] ] ] } },
{ "type": "Feature", "properties": { "tenement_no": "MPSA No. 292-2009-VIII-Amended A", "tenement_name": "Nickelace, Inc.", "tenement_type": "MPSA", "commodity": "Nickel", "operation_status": "With commercial operation", "province": "Eastern Samar", "municipality": "Homonhon Island and Guiuan", "permit_ha": 2051.8, "date_approved": "2009-10-22", "date_expiration": "2034-10-22" }, "geometry": { "type": "Polygon", "coordinates": [ [ [ 125.751397843673004, 10.691795580512 ], [ 125.751397913741002, 10.707071503458801 ], [ 125.735564952348, 10.7070715731902 ], [ 125.734730992370999, 10.7154049912868 ], [ 125.728065008770997, 10.7154050204143 ], [ 125.726398050911996, 10.723737441272499 ], [ 125.734731030099994, 10.7237374033195 ], [ 125.734731101966005, 10.7392923079634 ], [ 125.751398053878006, 10.7376253496084 ], [ 125.759731022286999, 10.735125488376401 ], [ 125.776397988572, 10.736236334624399 ], [ 125.776397931079998, 10.723737216202601 ], [ 125.784730910267996, 10.723737178249699 ], [ 125.784730846488003, 10.7101521365162 ], [ 125.776397867300005, 10.710071180096801 ], [ 125.776397808908996, 10.6974330712909 ], [ 125.754278862960007, 10.697433170153699 ], [ 125.754175835180007, 10.691332600597701 ], [ 125.751397843673004, 10.691795580512 ] ], [ [ 125.754592010278003, 10.7297258917764 ], [ 125.749842021787998, 10.729725913841699 ], [ 125.749842006516005, 10.7262951552887 ], [ 125.754758993614004, 10.7262951332232 ], [ 125.754592010278003, 10.7297258917764 ] ] ] } },
{ "type": "Feature", "properties": { "tenement_no": "MPSA No. 292-2009-VIII-Amended B", "tenement_name": "Chromiteking, Inc.", "tenement_type": "MPSA", "commodity": "Chromite", "operation_status": "With commercial operation", "province": "Eastern Samar", "municipality": "Guiuan", "permit_ha": 1539.2, "date_approved": "2009-10-22", "date_expiration": "2034-10-22" }, "geometry": { "type": "MultiPolygon", "coordinates": [ [ [ [ 125.754278862960007, 10.697433170153699 ], [ 125.776397808908996, 10.6974330712909 ], [ 125.776397867300005, 10.710071180096801 ], [ 125.784730846488003, 10.7101521365162 ], [ 125.784730910267996, 10.723737178249699 ], [ 125.776397931079998, 10.723737216202601 ], [ 125.776397988572, 10.736236334624399 ], [ 125.784730967759998, 10.7362362984382 ], [ 125.801397907994996, 10.73206951703 ], [ 125.809730871911995, 10.7287367144512 ], [ 125.809175735523993, 10.698738831561499 ], [ 125.801397729230004, 10.693183259029301 ], [ 125.801397753485006, 10.698738866869499 ], [ 125.784730795284005, 10.698738941016201 ], [ 125.784730775520998, 10.694295254854399 ], [ 125.776397797230999, 10.6945722729224 ], [ 125.759730817470995, 10.6904066412984 ], [ 125.754175835180007, 10.691332600597701 ], [ 125.754278862960007, 10.697433170153699 ] ] ], [ [ [ 125.749842021787998, 10.729725913841699 ], [ 125.754592010278003, 10.7297258917764 ], [ 125.754758993614004, 10.7262951332232 ], [ 125.749842006516005, 10.7262951552887 ], [ 125.749842021787998, 10.729725913841699 ] ] ] ] } },
{ "type": "Feature", "properties": { "tenement_no": "MPSA No. 294-2009-III (Amended A)", "tenement_name": "Helix Mining and Development Corporation (formerly Holcim Mining and Development Corporation)", "tenement_type": "MPSA", "commodity": "Limestone, silica, shale", "operation_status": "With exploration activity", "province": "Bulacan", "municipality": "Norzagaray and Dona Remedios Trinidad", "permit_ha": 1172.6, "date_approved": "2009-11-04", "date_expiration": "2034-11-04" }, "geometry": { "type": "MultiPolygon", "coordinates": [ [ [ [ 121.078142230547002, 14.929633787507701 ], [ 121.080178215426002, 14.929536847667199 ], [ 121.079345223831993, 14.928674875983599 ], [ 121.079622202281996, 14.9276479038744 ], [ 121.080595188228003, 14.9282028938038 ], [ 121.080178172307001, 14.9254810171764 ], [ 121.083053203424001, 14.9258420273061 ], [ 121.084761149612007, 14.924814025221 ], [ 121.084761153206003, 14.923481085400301 ], [ 121.076428215340002, 14.9234811930343 ], [ 121.076428198271998, 14.927786974603499 ], [ 121.078142125444003, 14.9282028946718 ], [ 121.078142230547002, 14.929633787507701 ] ] ], [ [ [ 121.079153343688006, 14.9443408016975 ], [ 121.079206258051002, 14.9401471584459 ], [ 121.080095281162002, 14.9401471298036 ], [ 121.080261305996004, 14.938952226343 ], [ 121.079395201603006, 14.935538420495901 ], [ 121.079967263149001, 14.935047374569001 ], [ 121.079034228878001, 14.9335915609072 ], [ 121.077345270378999, 14.9344385724748 ], [ 121.076428217137007, 14.9337585158008 ], [ 121.076428347391996, 14.948479599353201 ], [ 121.072428390181003, 14.9484796713901 ], [ 121.072428342570007, 14.949036609760601 ], [ 121.076634294255996, 14.949035562190399 ], [ 121.079153343688006, 14.9443408016975 ] ] ], [ [ [ 121.079817426855001, 14.9557011708161 ], [ 121.080872314000999, 14.951868301073199 ], [ 121.072428347959999, 14.9507015491572 ], [ 121.072428357841005, 14.952646450098801 ], [ 121.076428391410005, 14.952646388478099 ], [ 121.076428385122, 14.9548682708302 ], [ 121.079817426855001, 14.9557011708161 ] ] ], [ [ [ 121.079845413867005, 14.9562850954919 ], [ 121.072261352046993, 14.956285154508 ], [ 121.072261385285003, 14.9634787135493 ], [ 121.079845421952001, 14.9634785929176 ], [ 121.079845413867005, 14.9562850954919 ] ] ], [ [ [ 121.073067521742004, 14.984588415568901 ], [ 121.072539524358007, 14.9830884526058 ], [ 121.071622627422002, 14.9849773342786 ], [ 121.069067533090006, 14.985088357210101 ], [ 121.069650581031993, 14.986449264008399 ], [ 121.076428568378006, 14.986699251024801 ], [ 121.076428652819999, 14.9901439861962 ], [ 121.080595616723997, 14.990143982725201 ], [ 121.080595579893, 14.9859772874687 ], [ 121.084761543073995, 14.9859771894115 ], [ 121.084761510735007, 14.981810485064701 ], [ 121.076428546817993, 14.981810523247001 ], [ 121.076428486631002, 14.9734780497934 ], [ 121.072261481403999, 14.9734781035979 ], [ 121.072261568540995, 14.981810560561501 ], [ 121.074345537829004, 14.9840334257335 ], [ 121.073067521742004, 14.984588415568901 ] ] ], [ [ [ 121.074817620477006, 14.993865822787701 ], [ 121.069428623495, 14.993865841010001 ], [ 121.069428621697995, 14.998476484236299 ], [ 121.076428633057006, 14.9984764495278 ], [ 121.076428652819999, 14.9901439861962 ], [ 121.074817631257005, 14.9901440235093 ], [ 121.074817620477006, 14.993865822787701 ] ] ], [ [ [ 121.110281193584001, 14.929361630550201 ], [ 121.106470207773, 14.9349082634048 ], [ 121.101428290171, 14.933836316650099 ], [ 121.101428321612005, 14.940146997007499 ], [ 121.103495265131002, 14.940146992667801 ], [ 121.102789209978994, 14.941462873827099 ], [ 121.103122304387995, 14.944312731058901 ], [ 121.093095344220998, 14.944312840418201 ], [ 121.093095270559004, 14.942868832760601 ], [ 121.086567351729997, 14.9443128369465 ], [ 121.088928314738993, 14.9443128100406 ], [ 121.088928331806997, 14.9484795351275 ], [ 121.093095351407001, 14.9484794847884 ], [ 121.093095346916002, 14.952646217502201 ], [ 121.097261342435999, 14.9526461810505 ], [ 121.097261416997, 14.956812018769099 ], [ 121.101428337781996, 14.956811923302199 ], [ 121.101428398867, 14.9598677623932 ], [ 121.103872428193, 14.9611726821377 ], [ 121.105039443053002, 14.9635895462816 ], [ 121.102261418308004, 14.965978324052999 ], [ 121.101428415935004, 14.9651454188585 ], [ 121.101428462648002, 14.9734779118111 ], [ 121.105595435534994, 14.973477865816999 ], [ 121.105595299889998, 14.9401469701011 ], [ 121.109761264867998, 14.940146860739601 ], [ 121.109761195697004, 14.935980178771301 ], [ 121.118095219625999, 14.9359801813752 ], [ 121.118095166626006, 14.9318133908011 ], [ 121.113928230569002, 14.9318133908011 ], [ 121.113928149719996, 14.923480997730801 ], [ 121.118095206150997, 14.9234808892288 ], [ 121.118095045353002, 14.9173142872994 ], [ 121.116109101126995, 14.9199251890218 ], [ 121.116095126933999, 14.9210920247966 ], [ 121.114761200602999, 14.921537043552799 ], [ 121.115178117708993, 14.919842153253899 ], [ 121.112872196273997, 14.9199202004533 ], [ 121.111706130033994, 14.918064319041999 ], [ 121.111706086915007, 14.914203618019799 ], [ 121.109067094427004, 14.9135646015069 ], [ 121.110734061269, 14.912203658619299 ], [ 121.112539119830998, 14.912759597269501 ], [ 121.112539050660999, 14.9072040021468 ], [ 121.118095042657998, 14.9072040108276 ], [ 121.117164034086997, 14.8984824794932 ], [ 121.111589031942003, 14.8984824959875 ], [ 121.109760966626993, 14.9010134157959 ], [ 121.106983995606001, 14.901815376994399 ], [ 121.106984028843996, 14.9072010654275 ], [ 121.109345073599997, 14.907201054142501 ], [ 121.109345027786006, 14.90875993599 ], [ 121.105594987276007, 14.908759933385699 ], [ 121.105595183109003, 14.923480993390699 ], [ 121.101428155424003, 14.9234810541518 ], [ 121.101428216509007, 14.931813485411199 ], [ 121.105395191176996, 14.9261418997796 ], [ 121.110281193584001, 14.929361630550201 ] ] ], [ [ [ 121.088875351867003, 14.960978717207899 ], [ 121.087678466227004, 14.960978722415099 ], [ 121.087678423108002, 14.963478589446099 ], [ 121.088875415646996, 14.9634785868426 ], [ 121.088875351867003, 14.960978717207899 ] ] ], [ [ [ 121.081206431590999, 14.973477999460201 ], [ 121.090400553777002, 14.973477915282301 ], [ 121.090400477420005, 14.9708951766323 ], [ 121.080456473975005, 14.9708951991957 ], [ 121.081206431590999, 14.973477999460201 ] ] ], [ [ [ 121.101428462648002, 14.9734779118111 ], [ 121.090317447036995, 14.9734779413167 ], [ 121.090317518003999, 14.9770887134855 ], [ 121.084761473005997, 14.977088826299401 ], [ 121.084761510735007, 14.981810485064701 ], [ 121.088928608488999, 14.981810400890099 ], [ 121.088928474639999, 14.9776447687524 ], [ 121.101428560564003, 14.9776446568066 ], [ 121.101428462648002, 14.9734779118111 ] ] ] ] } },
{ "type": "Feature", "properties": { "tenement_no": "MPSA No. 294-2009-III (Amended B)", "tenement_name": "HELIX MINING AND DEVELOPMENT CORPORATION", "tenement_type": "MPSA", "commodity": " ", "operation_status": "With exploration activity", "province": "Bulacan", "municipality": " ", "permit_ha": 245.5, "date_approved": "2009-11-04", "date_expiration": "2034-11-04" }, "geometry": { "type": "Polygon", "coordinates": [ [ [ 121.118104652835001, 14.917134877129399 ], [ 121.116145753289004, 14.919745734156299 ], [ 121.116101394615796, 14.920913732858406 ], [ 121.114808417981152, 14.921345091063856 ], [ 121.115187724292994, 14.9196627443247 ], [ 121.112881801959006, 14.9197407933252 ], [ 121.111715734821004, 14.917884909497699 ], [ 121.111715692600001, 14.914024205255201 ], [ 121.109238779687075, 14.913424434451555 ], [ 121.110734061269, 14.912203658619299 ], [ 121.112539119830998, 14.912759597269501 ], [ 121.112548658521888, 14.907204002161812 ], [ 121.118095042657998, 14.9072040108276 ], [ 121.117173640670998, 14.8983030466788 ], [ 121.111320591978995, 14.898303122205 ], [ 121.109770569616998, 14.9008339876947 ], [ 121.106993598596006, 14.901635950429601 ], [ 121.106984028843996, 14.9072010654275 ], [ 121.109345073599997, 14.907201054142501 ], [ 121.109345033058958, 14.908580516938791 ], [ 121.105604590265997, 14.9085805126095 ], [ 121.105595183109003, 14.923480993390699 ], [ 121.118095206150997, 14.9234808892288 ], [ 121.118104652835001, 14.917134877129399 ] ] ] } },
{ "type": "Feature", "properties": { "tenement_no": "MPSA No. 295-2009-I (Amended I)", "tenement_name": "Helix Mining and Development Corporation (formerly Holcim Mining and Development Corporation)", "tenement_type": "MPSA", "commodity": "Silica", "operation_status": "With commercial operation", "province": "Pangasinan", "municipality": "Agno", "permit_ha": 2752.1, "date_approved": "2015-07-13", "date_expiration": "2034-11-04" }, "geometry": { "type": "MultiPolygon", "coordinates": [ [ [ [ 119.809768831658005, 16.006755162044701 ], [ 119.826435832978007, 16.006755049791401 ], [ 119.826435773688999, 15.998422559247 ], [ 119.801435772519994, 15.998422725906901 ], [ 119.801435935114995, 16.021338326097599 ], [ 119.803518936019998, 16.021338313146298 ], [ 119.803518964765999, 16.025504058085001 ], [ 119.801435964760003, 16.025504072762899 ], [ 119.801436069862007, 16.040087183052599 ], [ 119.809769069712004, 16.040087126935301 ], [ 119.809768980778003, 16.027587889976498 ], [ 119.805602980765997, 16.027587917605199 ], [ 119.805602951121998, 16.023421172312801 ], [ 119.809768951134004, 16.023421143820102 ], [ 119.809768831658005, 16.006755162044701 ] ] ], [ [ [ 119.791019075571995, 16.0411281893699 ], [ 119.793103090673995, 16.043212048753698 ], [ 119.793103068215999, 16.0400872391699 ], [ 119.791019068386007, 16.040087252983302 ], [ 119.791019037843, 16.035920507282398 ], [ 119.793103038571999, 16.0359204926053 ], [ 119.793103016114003, 16.0327956835321 ], [ 119.791019008198006, 16.031753760822401 ], [ 119.786853037830994, 16.035920534910002 ], [ 119.784769007457001, 16.031753803127899 ], [ 119.782686008349003, 16.031753816942 ], [ 119.782685948161998, 16.0234213251372 ], [ 119.788935933632004, 16.021338410713199 ], [ 119.788935948903003, 16.023421282829801 ], [ 119.793102919993999, 16.019254510091098 ], [ 119.793102829264996, 16.0067552734345 ], [ 119.784768828691995, 16.006755328697601 ], [ 119.784768770301994, 15.998422838164901 ], [ 119.768102767010006, 15.9984229486959 ], [ 119.768102871213998, 16.013005058226799 ], [ 119.770185887389999, 16.015088917032099 ], [ 119.776435887233006, 16.0150888755864 ], [ 119.776436066895997, 16.0400873505411 ], [ 119.784769067644007, 16.040087293560401 ], [ 119.784769126933, 16.0484197863247 ], [ 119.793103127505006, 16.048419730209801 ], [ 119.789978097938999, 16.044253004212798 ], [ 119.789978075481002, 16.041128196276599 ], [ 119.791019075571995, 16.0411281893699 ] ], [ [ 119.784768933794993, 16.021338438342699 ], [ 119.780602888866994, 16.015088847956001 ], [ 119.784768888879, 16.015088820325602 ], [ 119.788935918361005, 16.019254537721 ], [ 119.784768933794993, 16.021338438342699 ] ] ], [ [ [ 119.818103131369995, 16.048419562728299 ], [ 119.801436129151, 16.0484196749582 ], [ 119.801436189338006, 16.056752166192801 ], [ 119.818103190657993, 16.056752054830898 ], [ 119.818103131369995, 16.048419562728299 ] ] ], [ [ [ 119.776436066895997, 16.0400873505411 ], [ 119.768103065250997, 16.040087405794999 ], [ 119.759769079050997, 16.042170334165998 ], [ 119.759769183255997, 16.056752445029101 ], [ 119.768103183828003, 16.056752389779799 ], [ 119.768103364390001, 16.081750867275701 ], [ 119.776436365137002, 16.081750810307 ], [ 119.776436066895997, 16.0400873505411 ] ] ], [ [ [ 119.809769249374995, 16.0650856017925 ], [ 119.801436248626999, 16.0650856570395 ], [ 119.801436307916006, 16.0734181505902 ], [ 119.809769308664002, 16.073418095345499 ], [ 119.809769249374995, 16.0650856017925 ] ] ], [ [ [ 119.834769370917996, 16.0817504201578 ], [ 119.834769310731005, 16.0734179270219 ], [ 119.82643631178, 16.073417983129801 ], [ 119.826436190508005, 16.056751998718301 ], [ 119.818103190657993, 16.056752054830898 ], [ 119.818103370320998, 16.081750531505701 ], [ 119.809769369749006, 16.0817505876112 ], [ 119.809769429935997, 16.090084079610001 ], [ 119.826436430358001, 16.090083966540501 ], [ 119.826436370170995, 16.081750474536999 ], [ 119.834769370917996, 16.0817504201578 ] ] ], [ [ [ 119.776436425323993, 16.0900843031595 ], [ 119.770186423683995, 16.090084345452698 ], [ 119.770186439854001, 16.092167218245802 ], [ 119.776436469342002, 16.096333922796699 ], [ 119.776436425323993, 16.0900843031595 ] ] ], [ [ [ 119.778519507975005, 16.101541590827001 ], [ 119.776436507070997, 16.1015416054993 ], [ 119.776436545698004, 16.106749287933699 ], [ 119.784769546446, 16.106749231835298 ], [ 119.784769486258995, 16.098416739534599 ], [ 119.777478485426997, 16.098416788730699 ], [ 119.778519507975005, 16.101541590827001 ] ] ] ] } },
{ "type": "Feature", "properties": { "tenement_no": "MPSA No. 296-2009-IVA", "tenement_name": "Gozon Development Corporation", "tenement_type": "MPSA", "commodity": "Rock Aggregates", "operation_status": "With commercial operation", "province": "Rizal", "municipality": "City of Antipolo", "permit_ha": 160.0, "date_approved": "2009-11-10", "date_expiration": "2034-11-10" }, "geometry": { "type": "Polygon", "coordinates": [ [ [ 121.233708032875001, 14.606152433967299 ], [ 121.239070134298004, 14.622221379162401 ], [ 121.246168049445998, 14.609581139992301 ], [ 121.243990025648998, 14.605750396880399 ], [ 121.239167994968, 14.600539758766001 ], [ 121.237433995839993, 14.600539769197701 ], [ 121.237434031771997, 14.606189409812099 ], [ 121.233708032875001, 14.606152433967299 ] ] ] } },
{ "type": "Feature", "properties": { "tenement_no": "MPSA No. 298-2009-III (Amended A)", "tenement_name": "Teresa Marble Corporation", "tenement_type": "MPSA", "commodity": "Limestone, silica, shale", "operation_status": "With exploration activity", "province": "Bulacan", "municipality": "Norzagaray and Doña Remedios Trinidad", "permit_ha": 395.4, "date_approved": "2009-11-04", "date_expiration": "2034-11-04" }, "geometry": { "type": "MultiPolygon", "coordinates": [ [ [ [ 121.103928222554998, 14.923481006410899 ], [ 121.105595183109003, 14.923480993390699 ], [ 121.105594987276007, 14.908759933385699 ], [ 121.109317056045001, 14.9087598873778 ], [ 121.109317074909001, 14.907204076801801 ], [ 121.106984096217005, 14.9072040481551 ], [ 121.106983995606001, 14.901815376994399 ], [ 121.105595060040002, 14.9018154612004 ], [ 121.105594936071995, 14.898482618391901 ], [ 121.103927983603, 14.8984825619643 ], [ 121.103928039299007, 14.908485053764901 ], [ 121.096622066245999, 14.9084819937963 ], [ 121.096622041092999, 14.9099539308822 ], [ 121.097400115978004, 14.9102878980858 ], [ 121.096622083314003, 14.9120098360947 ], [ 121.096592127194, 14.9157535898471 ], [ 121.088928106330002, 14.9159536806315 ], [ 121.088928109025005, 14.9175315238884 ], [ 121.076428099457004, 14.917537569784701 ], [ 121.076428215340002, 14.9234811930343 ], [ 121.103928222554998, 14.923481006410899 ] ] ], [ [ [ 121.113292173041998, 14.916106429772899 ], [ 121.115900088312998, 14.910745824783699 ], [ 121.118095034573003, 14.9136505832741 ], [ 121.118095078590997, 14.9068150570772 ], [ 121.112845069846998, 14.9073009607354 ], [ 121.112400128896994, 14.916217367687 ], [ 121.113292173041998, 14.916106429772899 ] ] ] ] } },
{ "type": "Feature", "properties": { "tenement_no": "MPSA No. 298-2009-III (Amended B)", "tenement_name": "Helix Mining and Development Corporation (formerly Holcim Mining and Development Corporation)", "tenement_type": "MPSA", "commodity": "Marbleized limestone and", "operation_status": "With exploration activity", "province": "Bulacan", "municipality": "Norzagaray", "permit_ha": 289.0, "date_approved": "2009-11-23", "date_expiration": "2034-11-23" }, "geometry": { "type": "Polygon", "coordinates": [ [ [ 121.076428099457004, 14.917537569784701 ], [ 121.076428215340002, 14.9234811930343 ], [ 121.103928222554998, 14.923481006410899 ], [ 121.103928039299007, 14.908485053764901 ], [ 121.096622066245999, 14.9084819937963 ], [ 121.096622041092999, 14.9099539308822 ], [ 121.097400115978004, 14.9102878980858 ], [ 121.096622083314003, 14.9120098360947 ], [ 121.096592127194, 14.9157535898471 ], [ 121.088928106330002, 14.9159536806315 ], [ 121.088928109025005, 14.9175315238884 ], [ 121.076428099457004, 14.917537569784701 ] ] ] } },
{ "type": "Feature", "properties": { "tenement_no": "MPSA No. 300-2009-V", "tenement_name": "Yinlu Bicol Mining Corporation", "tenement_type": "MPSA", "commodity": "Iron, gold and other associated mineral  deposits", "operation_status": "With exploration activity", "province": "Camarines Norte", "municipality": "Paracale", "permit_ha": 669.4, "date_approved": "2009-11-23", "date_expiration": "2034-11-23" }, "geometry": { "type": "MultiPolygon", "coordinates": [ [ [ [ 122.781200346866001, 14.2309382200096 ], [ 122.780134353847004, 14.231808170057301 ], [ 122.778200341228001, 14.2295563275323 ], [ 122.779382328308998, 14.227765435904001 ], [ 122.778162321829996, 14.2263445363418 ], [ 122.782957291661006, 14.222427762256 ], [ 122.784755302042001, 14.224506616666799 ], [ 122.784755244549999, 14.215183220773699 ], [ 122.776422253684004, 14.215183270409799 ], [ 122.776422357887995, 14.231848189524101 ], [ 122.781988351728003, 14.2318481564104 ], [ 122.781200346866001, 14.2309382200096 ] ] ], [ [ [ 122.726422416635003, 14.231848487293499 ], [ 122.726422365431006, 14.223516028081599 ], [ 122.709755383873997, 14.223516126479501 ], [ 122.709755488976995, 14.2401820462443 ], [ 122.745461447311001, 14.240181832919699 ], [ 122.744941424271005, 14.236478076675199 ], [ 122.751422413312994, 14.2360500660093 ], [ 122.751422387261997, 14.2318483383961 ], [ 122.726422416635003, 14.231848487293499 ] ] ] ] } },
{ "type": "Feature", "properties": { "tenement_no": "MPSA No. 301-2009-IX", "tenement_name": "Roldan B. Dalman", "tenement_type": "MPSA", "commodity": "Gold, and other associated mineral  deposits", "operation_status": "With exploration activity", "province": "Zamboanga del Norte", "municipality": "Jose Dalman (Ponot)", "permit_ha": 513.1, "date_approved": "2009-11-25", "date_expiration": "2034-11-25" }, "geometry": { "type": "Polygon", "coordinates": [ [ [ 123.076393286268001, 8.34891702892021 ], [ 123.076393315912, 8.35724943050033 ], [ 123.068060325944003, 8.357249460718689 ], [ 123.068060413978998, 8.38224766653383 ], [ 123.076393403946994, 8.382247636317359 ], [ 123.076393375200993, 8.37391523608613 ], [ 123.084726364269997, 8.37391520498031 ], [ 123.084726276235997, 8.348916999589971 ], [ 123.076393286268001, 8.34891702892021 ] ] ] } },
{ "type": "Feature", "properties": { "tenement_no": "MPSA No. 302-2009-I", "tenement_name": "Rigid Aggregates and Mining Corporation", "tenement_type": "MPSA", "commodity": "Iron, copper, gold and ot", "operation_status": "With commercial operation", "province": "Ilocos Norte", "municipality": "Piddig and Carasi", "permit_ha": 2938.2, "date_approved": "2009-11-24", "date_expiration": "2034-11-24" }, "geometry": { "type": "Polygon", "coordinates": [ [ [ 120.851453162710001, 18.2649474131955 ], [ 120.901453145285004, 18.264947033585599 ], [ 120.901452729365005, 18.214949928654001 ], [ 120.851452747688, 18.214950306666399 ], [ 120.851453162710001, 18.2649474131955 ] ] ] } },
{ "type": "Feature", "properties": { "tenement_no": "MPSA No. 303-2009-VIII", "tenement_name": "United Philippine and China Mining Corporation", "tenement_type": "MPSA", "commodity": "Manganese and other associated mineral  deposits", "operation_status": "With exploration activity", "province": "Eastern Samar", "municipality": "City of Borongan (Capital)", "permit_ha": 3185.5, "date_approved": "2009-12-07", "date_expiration": "2034-12-07" }, "geometry": { "type": "Polygon", "coordinates": [ [ [ 125.368070001478003, 11.582012113286901 ], [ 125.368070113767004, 11.604510553446101 ], [ 125.388070101048001, 11.6108990135327 ], [ 125.381681209085997, 11.629508755186199 ], [ 125.393070278430002, 11.6486743717245 ], [ 125.418070221209007, 11.6486742494304 ], [ 125.418069887933996, 11.582011871280301 ], [ 125.368070001478003, 11.582012113286901 ] ] ] } },
{ "type": "Feature", "properties": { "tenement_no": "MPSA No. 304-2009-IVB", "tenement_name": "Altai Philippines Mining Corporation", "tenement_type": "MPSA", "commodity": "Nickel, iron, cobalt, chromite and other associated mineral deposits", "operation_status": "With exploration activity", "province": "Romblon", "municipality": "San Fernando, Sibuyan Island", "permit_ha": 1595.0, "date_approved": "2009-12-22", "date_expiration": "2034-12-22" }, "geometry": { "type": "MultiPolygon", "coordinates": [ [ [ [ 122.570856197488993, 12.3669101052544 ], [ 122.579109716198005, 12.3514183267059 ], [ 122.579109684757, 12.3452084667449 ], [ 122.564216088064001, 12.345208543091299 ], [ 122.564216127590001, 12.3524400026643 ], [ 122.556859191314004, 12.3524400412751 ], [ 122.556859268568999, 12.366910178962 ], [ 122.570856197488993, 12.3669101052544 ] ] ], [ [ [ 122.516398593912001, 12.3885983757842 ], [ 122.512720265013002, 12.388598395087 ], [ 122.512720303639995, 12.3958281860354 ], [ 122.520077517494997, 12.395828148308301 ], [ 122.520077635174999, 12.417525024032299 ], [ 122.527420682598006, 12.417524986308401 ], [ 122.527420649359996, 12.4111368032925 ], [ 122.534791752068003, 12.411136765567701 ], [ 122.534791630794999, 12.3885982801479 ], [ 122.556859385349995, 12.3885981652087 ], [ 122.553495206289, 12.3855250562086 ], [ 122.553495182933005, 12.381366724358999 ], [ 122.550022964391005, 12.381366741907399 ], [ 122.550022925763997, 12.3741352840805 ], [ 122.516398516657006, 12.374135458692299 ], [ 122.516398593912001, 12.3885983757842 ] ] ] ] } },
{ "type": "Feature", "properties": { "tenement_no": "MPSA No. 306-2009-V", "tenement_name": "Pargum Consolidated Corporation", "tenement_type": "MPSA", "commodity": "Gold, silver and other associated mineral deposits", "operation_status": "With development/construction activity", "province": "Camarines Norte", "municipality": "Paracale", "permit_ha": 480.6, "date_approved": "2009-12-22", "date_expiration": "2034-12-22" }, "geometry": { "type": "MultiPolygon", "coordinates": [ [ [ [ 122.730914892268999, 14.308359503637099 ], [ 122.734529872872997, 14.306001633976599 ], [ 122.732597863495997, 14.304050771560901 ], [ 122.730940874241995, 14.3056106811755 ], [ 122.730133871807993, 14.304868733871199 ], [ 122.731492821610999, 14.297354212040901 ], [ 122.732642821480994, 14.2975511920818 ], [ 122.732851814531998, 14.296394265487599 ], [ 122.734440813895006, 14.296667238815299 ], [ 122.734923796700997, 14.2939984085648 ], [ 122.735406779507002, 14.2913265781836 ], [ 122.732667779375006, 14.2908556254741 ], [ 122.733504750505006, 14.2862279205888 ], [ 122.728028749890001, 14.2852860137295 ], [ 122.727062785176997, 14.290626675022599 ], [ 122.723411784825004, 14.2899987373544 ], [ 122.722183768069002, 14.287033935268299 ], [ 122.721156768222002, 14.286857952837 ], [ 122.720673785417006, 14.2895277836059 ], [ 122.719335785224999, 14.289297806326701 ], [ 122.717681834971998, 14.2968863256467 ], [ 122.716106838547006, 14.2970463232021 ], [ 122.724190840671, 14.299032147660601 ], [ 122.724207835898, 14.298415185941399 ], [ 122.726982836912995, 14.298873141261099 ], [ 122.726500853033997, 14.3015429704014 ], [ 122.729109857961006, 14.3027258775631 ], [ 122.728658874942994, 14.3052187196998 ], [ 122.726051875055006, 14.3047697631013 ], [ 122.728336886405998, 14.3069986060652 ], [ 122.727854903424998, 14.309668436157301 ], [ 122.730592897443998, 14.3092494465863 ], [ 122.730914892268999, 14.308359503637099 ] ] ], [ [ [ 122.740932875572, 14.3076884863573 ], [ 122.740276880834998, 14.308327449340901 ], [ 122.742240889998996, 14.3102463128649 ], [ 122.741242896752993, 14.3112172565534 ], [ 122.744200924116996, 14.316000927577599 ], [ 122.746164934179006, 14.3179207917897 ], [ 122.748133920008996, 14.316004904524901 ], [ 122.750097929172995, 14.317924768703 ], [ 122.757970872121007, 14.310263217717401 ], [ 122.756006862956994, 14.3083443534673 ], [ 122.758002847653003, 14.306428465456801 ], [ 122.756861842614001, 14.3053405424847 ], [ 122.758826828246001, 14.3034296558151 ], [ 122.753656832445003, 14.302971715872401 ], [ 122.750111856653007, 14.3064215139891 ], [ 122.746847840645003, 14.3032327392471 ], [ 122.744870847231994, 14.303859710296299 ], [ 122.742905837345006, 14.301938847587801 ], [ 122.740937851339993, 14.3038547338382 ], [ 122.738973842175994, 14.301934871262 ], [ 122.737004856346005, 14.303849758250401 ], [ 122.740932875572, 14.3076884863573 ] ] ] ] } },
{ "type": "Feature", "properties": { "tenement_no": "MPSA No. 307-2009-VII", "tenement_name": "Atlas Consolidated Mining and Development Corporation", "tenement_type": "MPSA", "commodity": "Copper, gold  and other associated mineral deposits", "operation_status": "With exploration activity", "province": "Cebu", "municipality": "Toledo and Naga", "permit_ha": 1291.1, "date_approved": "2009-12-22", "date_expiration": "2034-12-22" }, "geometry": { "type": "MultiPolygon", "coordinates": [ [ [ [ 123.693306328275, 10.3345947604075 ], [ 123.695879320640998, 10.3336668150977 ], [ 123.696816329059999, 10.3362156315258 ], [ 123.699390321249993, 10.3352886852106 ], [ 123.701263341856006, 10.340386320556499 ], [ 123.703837334046, 10.3394593732936 ], [ 123.705710353753005, 10.344556008620801 ], [ 123.707369350741999, 10.344650994583599 ], [ 123.706225304905004, 10.333861755803399 ], [ 123.707558302378999, 10.333723760049001 ], [ 123.70336625841, 10.3223135774779 ], [ 123.705940249701996, 10.3213866317093 ], [ 123.703131219605993, 10.3137401796566 ], [ 123.710852196353002, 10.3109583401348 ], [ 123.711166182697994, 10.3082615282979 ], [ 123.722691170738003, 10.309576386271001 ], [ 123.726400160035993, 10.308239463835699 ], [ 123.726400154646001, 10.3071085434047 ], [ 123.734733142817007, 10.307108506284299 ], [ 123.734733031426003, 10.2821102601644 ], [ 123.718067057778995, 10.282110331759499 ], [ 123.718067064964998, 10.2839232042635 ], [ 123.731797081058005, 10.292278559646901 ], [ 123.707549183579999, 10.3070806270955 ], [ 123.704086152108999, 10.2985912366345 ], [ 123.693067169797004, 10.2985922848721 ], [ 123.693069264667997, 10.3202497664607 ], [ 123.686051287004005, 10.3227776206986 ], [ 123.689795325868999, 10.3329728893641 ], [ 123.692369318060003, 10.332045944087501 ], [ 123.693306328275, 10.3345947604075 ] ], [ [ 123.728235148666997, 10.3063195907514 ], [ 123.728094144607994, 10.3054336532758 ], [ 123.728970142147006, 10.3052626616198 ], [ 123.729179145977994, 10.3062305934747 ], [ 123.728235148666997, 10.3063195907514 ] ] ], [ [ [ 123.715537311209005, 10.3385273886805 ], [ 123.721895301125997, 10.3385273604011 ], [ 123.722376269009999, 10.3316388413153 ], [ 123.721366271576997, 10.3316388466178 ], [ 123.721855276688004, 10.332968750779701 ], [ 123.716707292305998, 10.3348236423868 ], [ 123.714834273497999, 10.329727008223299 ], [ 123.712260281306996, 10.3306539541527 ], [ 123.713196290799004, 10.333202771157399 ], [ 123.709067304070999, 10.3346906861492 ], [ 123.709865343114998, 10.3437890439707 ], [ 123.710050331385006, 10.3412392214659 ], [ 123.715528321768005, 10.341239197605301 ], [ 123.715537311209005, 10.3385273886805 ] ] ], [ [ [ 123.737871290480996, 10.341845058156901 ], [ 123.738329296529002, 10.3434609439262 ], [ 123.741805291587994, 10.3434609280194 ], [ 123.742716278507999, 10.3408991045281 ], [ 123.738921277317999, 10.3393402308107 ], [ 123.737871290480996, 10.341845058156901 ] ] ], [ [ [ 123.725582314937, 10.343209017352899 ], [ 123.724633319399004, 10.343550996430499 ], [ 123.724633324788996, 10.345140885213 ], [ 123.727087327210995, 10.346172802144 ], [ 123.732851317824, 10.346172777400101 ], [ 123.732851316026995, 10.3456238158555 ], [ 123.725498325152998, 10.345375865068601 ], [ 123.725582314937, 10.343209017352899 ] ] ], [ [ [ 123.733543328715001, 10.3488855851409 ], [ 123.735907328927993, 10.3498865055124 ], [ 123.737502311072006, 10.3461727570748 ], [ 123.735589312740998, 10.3461727650282 ], [ 123.735589326216001, 10.3488855754202 ], [ 123.733543328715001, 10.3488855851409 ] ] ] ] } },
{ "type": "Feature", "properties": { "tenement_no": "MPSA No. 308-2009-V", "tenement_name": "Heirs of Isabelo F. Fonacier", "tenement_type": "MPSA", "commodity": "Gold, iron and other associated mineral deposits", "operation_status": "With development/construction activity", "province": "Camarines Norte", "municipality": "Jose Panganiban", "permit_ha": 140.2, "date_approved": "2009-12-17", "date_expiration": "2034-12-17" }, "geometry": { "type": "MultiPolygon", "coordinates": [ [ [ [ 122.678039668370005, 14.2631077487419 ], [ 122.675918680406994, 14.2646996588125 ], [ 122.677008690782998, 14.266557532068299 ], [ 122.679695683849999, 14.2658945590732 ], [ 122.679898677951996, 14.264859624399 ], [ 122.678039668370005, 14.2631077487419 ] ] ], [ [ [ 122.674946686202006, 14.2653476224268 ], [ 122.668569680746998, 14.2633757876951 ], [ 122.666637700116993, 14.2660506260773 ], [ 122.668720706410994, 14.2674345246842 ], [ 122.674325697016002, 14.2670215176302 ], [ 122.674946686202006, 14.2653476224268 ] ] ], [ [ [ 122.674139709819002, 14.2690663865571 ], [ 122.673389721660001, 14.270854275039101 ], [ 122.675250726399995, 14.271742207316599 ], [ 122.684048720291003, 14.2724571084958 ], [ 122.684052702523005, 14.2697462833641 ], [ 122.685442700796003, 14.2697472758466 ], [ 122.685446684824996, 14.267036451189499 ], [ 122.682665686655994, 14.267032467282 ], [ 122.682668673555, 14.2648636083449 ], [ 122.683868672756006, 14.2649655942026 ], [ 122.683381660107003, 14.262713742133201 ], [ 122.682047673588997, 14.2648216141036 ], [ 122.679888678804005, 14.2651306065643 ], [ 122.679884691183005, 14.2670284833744 ], [ 122.674325697016002, 14.2670215176302 ], [ 122.674139709819002, 14.2690663865571 ] ] ], [ [ [ 122.674167756120994, 14.2764549080677 ], [ 122.678895750259997, 14.2764798778339 ], [ 122.679447747934006, 14.2760309039168 ], [ 122.678534743398004, 14.2752229615533 ], [ 122.679371734290996, 14.2737690514978 ], [ 122.672976741868993, 14.2737600888443 ], [ 122.672974747609999, 14.2747810228927 ], [ 122.672076745837003, 14.2744360512594 ], [ 122.670545756980005, 14.275859968311901 ], [ 122.672151765942999, 14.277525850164301 ], [ 122.672033775824005, 14.279139746253 ], [ 122.674163773889006, 14.2791667328142 ], [ 122.674167756120994, 14.2764549080677 ] ] ] ] } },
{ "type": "Feature", "properties": { "tenement_no": "MPSA No. 309-2009-IVB", "tenement_name": "Dayap Mines, Inc.", "tenement_type": "MPSA", "commodity": "Iron and other associated mineral deposits", "operation_status": "With exploration activity", "province": "Occidental Mindoro", "municipality": "Mamburao", "permit_ha": 1560.4, "date_approved": "2009-12-22", "date_expiration": "2034-12-22" }, "geometry": { "type": "Polygon", "coordinates": [ [ [ 120.834750992346002, 13.265256315944701 ], [ 120.825028995845003, 13.2652563692798 ], [ 120.825029044353997, 13.2735888247948 ], [ 120.818085046546997, 13.273588864139001 ], [ 120.801418148533003, 13.290254868782 ], [ 120.801418197041997, 13.2985873237871 ], [ 120.809751194195997, 13.2985872774531 ], [ 120.809751292113006, 13.3152531891675 ], [ 120.843085280379995, 13.31525300297 ], [ 120.843085038732994, 13.2735887251227 ], [ 120.834751040854997, 13.273588771461499 ], [ 120.834750992346002, 13.265256315944701 ] ], [ [ 120.822251093271007, 13.28192129696 ], [ 120.822251118424006, 13.2860880246641 ], [ 120.834751113619006, 13.286087954722399 ], [ 120.834751162128001, 13.2944204112633 ], [ 120.830585163912005, 13.294420433993601 ], [ 120.830585188167007, 13.298587161180899 ], [ 120.818085192073994, 13.298587231119001 ], [ 120.818085143565, 13.2902547752365 ], [ 120.813918145523999, 13.290254798841399 ], [ 120.813918097015005, 13.281921342422899 ], [ 120.822251093271007, 13.28192129696 ] ] ] } },
{ "type": "Feature", "properties": { "tenement_no": "MPSA No. 310-2010 XIII", "tenement_name": "Asian Alstron Mining & Development Corporation", "tenement_type": "MPSA", "commodity": "Gold, copper, silver and other associated mineral deposits", "operation_status": "With exploration activity", "province": "Agusan del Norte", "municipality": "Tubay and Santiago", "permit_ha": 338.8, "date_approved": "2010-01-17", "date_expiration": "2035-01-17" }, "geometry": { "type": "Polygon", "coordinates": [ [ [ 125.589835961995007, 9.215512462626281 ], [ 125.589835994333995, 9.223844863420609 ], [ 125.593058986977994, 9.22384485100684 ], [ 125.593059019318005, 9.2321772500951 ], [ 125.603483995139001, 9.23217721019453 ], [ 125.603483934951996, 9.21688431084088 ], [ 125.618058901010997, 9.216884254977719 ], [ 125.618058895621004, 9.215512353559641 ], [ 125.622594884749006, 9.215512336711971 ], [ 125.622594868579995, 9.211462628241639 ], [ 125.609724899539998, 9.21146267701184 ], [ 125.609724914812006, 9.215512385481601 ], [ 125.589835961995007, 9.215512462626281 ] ] ] } },
{ "type": "Feature", "properties": { "tenement_no": "MPSA No. 311-2010-XIII", "tenement_name": "Phil Alstron Mining Corporation", "tenement_type": "MPSA", "commodity": "Gold, copper, silver and other associated mineral deposits", "operation_status": "With development/construction activity", "province": "Agusan del Norte", "municipality": "Tubay and Santiago", "permit_ha": 311.7, "date_approved": "2010-01-07", "date_expiration": "2035-01-07" }, "geometry": { "type": "MultiPolygon", "coordinates": [ [ [ [ 125.568059013657006, 9.21551254686476 ], [ 125.576391993743002, 9.21551251494283 ], [ 125.576391961403999, 9.207179115044481 ], [ 125.568058980418996, 9.207179146967199 ], [ 125.568059013657006, 9.21551254686476 ] ] ], [ [ [ 125.57639205932, 9.23217731482262 ], [ 125.584725038507997, 9.232177283788859 ], [ 125.584725007066993, 9.223844882928001 ], [ 125.589835994333995, 9.223844863420609 ], [ 125.589835961995007, 9.215512462626281 ], [ 125.576391993743002, 9.21551251494283 ], [ 125.57639205932, 9.23217731482262 ] ] ] ] } },
{ "type": "Feature", "properties": { "tenement_no": "MPSA No. 312-2010-IX", "tenement_name": "Peng Cheng Metallic Resources Corporation", "tenement_type": "MPSA", "commodity": "Gold, copper, silver and other associated mineral deposits", "operation_status": "With exploration activity", "province": "Zamboanga del Norte ; Zamboanga del Sur", "municipality": "Siayan ; Bayog", "permit_ha": 1198.7, "date_approved": "2010-01-24", "date_expiration": "2035-01-24" }, "geometry": { "type": "Polygon", "coordinates": [ [ [ 123.109725000001006, 7.99060968257551 ], [ 123.109725085340997, 8.015607879986881 ], [ 123.126392064203003, 8.01560782394591 ], [ 123.126392092949004, 8.023940224259229 ], [ 123.143059070014004, 8.023940166440401 ], [ 123.143058956827005, 7.99060956959716 ], [ 123.109725000001006, 7.99060968257551 ] ] ] } },
{ "type": "Feature", "properties": { "tenement_no": "MPSA No. 314-2010-VII", "tenement_name": "Solid Earth Development Corporation", "tenement_type": "MPSA", "commodity": "Silica sand", "operation_status": "With commercial operation", "province": "Cebu", "municipality": "Pinamungajan and Binabag", "permit_ha": 85.2, "date_approved": "2010-02-09", "date_expiration": "2035-02-09" }, "geometry": { "type": "Polygon", "coordinates": [ [ [ 123.626400089781995, 10.2571124803389 ], [ 123.626400126613007, 10.265445896285399 ], [ 123.634733112987007, 10.265445859160099 ], [ 123.634733076155996, 10.257112444096601 ], [ 123.626400089781995, 10.2571124803389 ] ] ] } },
{ "type": "Feature", "properties": { "tenement_no": "MPSA No. 315-2010-III", "tenement_name": "Mina Tierra Gracia, Inc.", "tenement_type": "MPSA", "commodity": "Nickel and other associat", "operation_status": "With exploration activity", "province": "Zambales", "municipality": "Iba and Botolan", "permit_ha": 5108.6, "date_approved": "2010-02-09", "date_expiration": "2035-02-09" }, "geometry": { "type": "Polygon", "coordinates": [ [ [ 120.051581021133003, 15.3319770535267 ], [ 120.051027951769001, 15.3319800380826 ], [ 120.052030996241996, 15.3326829617522 ], [ 120.048803002677005, 15.331980055409501 ], [ 120.040469987555994, 15.3347579861796 ], [ 120.040473007692, 15.343088045760901 ], [ 120.034913985676994, 15.348644049619001 ], [ 120.034916988744996, 15.3528110191401 ], [ 120.030748009020996, 15.3528130253932 ], [ 120.026581002895995, 15.356977004566501 ], [ 120.026584054473005, 15.393087980924999 ], [ 120.034914018017005, 15.3930910668051 ], [ 120.034916995033996, 15.394477009489201 ], [ 120.043247998826004, 15.394480074562701 ], [ 120.043249947272002, 15.3903109864063 ], [ 120.034914011729001, 15.390313029540801 ], [ 120.034917047136005, 15.3819770617744 ], [ 120.043247931452996, 15.381893983664201 ], [ 120.043250029917004, 15.3653110931733 ], [ 120.059913932049994, 15.3653130412703 ], [ 120.059916929728004, 15.373644023211201 ], [ 120.101513998371999, 15.3736080935573 ], [ 120.101612058469001, 15.3494860404746 ], [ 120.109061947019995, 15.349487977458001 ], [ 120.109061929053993, 15.342312944830701 ], [ 120.123961982837002, 15.3423160808416 ], [ 120.123963993266997, 15.3549440121848 ], [ 120.12658100937, 15.3549469825525 ], [ 120.126583990878004, 15.331977018006601 ], [ 120.114080983633002, 15.3319360165286 ], [ 120.114083984006001, 15.325727037490401 ], [ 120.101580992929001, 15.319477065068901 ], [ 120.089080972581996, 15.319479971827599 ], [ 120.089084001700996, 15.2986439771015 ], [ 120.076580968404002, 15.2986470643778 ], [ 120.076584019980999, 15.3069770166205 ], [ 120.068248015267002, 15.3069800387904 ], [ 120.068249957424996, 15.3236440107693 ], [ 120.051581021133003, 15.3319770535267 ] ], [ [ 120.048805988677003, 15.3347550120594 ], [ 120.056608966338999, 15.3387860808506 ], [ 120.057656030057998, 15.3381109501642 ], [ 120.060797965917004, 15.3392080672839 ], [ 120.064333958556006, 15.337415997589099 ], [ 120.066130996061005, 15.3378770032378 ], [ 120.066516933867007, 15.338555046371599 ], [ 120.069227947884997, 15.338441053755 ], [ 120.069587002706996, 15.3393190429773 ], [ 120.069311996059, 15.3408270810751 ], [ 120.067719981950006, 15.3426550062494 ], [ 120.067884035879999, 15.3431690246987 ], [ 120.070031013901001, 15.3441190159987 ], [ 120.070986902211004, 15.345216078166599 ], [ 120.067688940664993, 15.343304990965001 ], [ 120.067505964621006, 15.342580036637299 ], [ 120.069097962561003, 15.340780017179799 ], [ 120.069105994398001, 15.3386110338307 ], [ 120.066405967674996, 15.3386910338343 ], [ 120.064361950060004, 15.337597070872601 ], [ 120.060813923590004, 15.339391057032101 ], [ 120.057652999141993, 15.338294051762199 ], [ 120.056719941514004, 15.338922010986099 ], [ 120.048805988677003, 15.3347550120594 ] ] ] } },
{ "type": "Feature", "properties": { "tenement_no": "MPSA No. 316-2010-III-Amended II-A", "tenement_name": "Westchinamin Corporation (Assignment from Ramon G. Perlas)", "tenement_type": "MPSA", "commodity": "Nickel", "operation_status": "With development/construction activity", "province": "Zambales", "municipality": "Santa Cruz", "permit_ha": 948.0, "date_approved": "2010-02-09", "date_expiration": "2035-02-09" }, "geometry": { "type": "MultiPolygon", "coordinates": [ [ [ [ 120.018099716346001, 15.5734473278879 ], [ 120.018099729821003, 15.565114780207001 ], [ 120.034765703467997, 15.565114749918999 ], [ 120.034765645077997, 15.5567812762004 ], [ 120.018099599565005, 15.556781323797701 ], [ 120.018099671431003, 15.54844885753 ], [ 120.001432560515994, 15.5484489977314 ], [ 120.001432725805998, 15.5734474126908 ], [ 120.018099716346001, 15.5734473278879 ] ] ], [ [ [ 120.046295334899995, 15.7968504104395 ], [ 120.046295365443001, 15.801155056091501 ], [ 120.043101341669995, 15.8011551070894 ], [ 120.043101541095993, 15.815099269141101 ], [ 120.051434487045995, 15.815101244955301 ], [ 120.051437419147007, 15.8067657669386 ], [ 120.059767450064001, 15.8067686849715 ], [ 120.059770418995996, 15.7970722694758 ], [ 120.057351281088998, 15.797072285034799 ], [ 120.057351290072006, 15.7943224496507 ], [ 120.049045336698995, 15.794322555971901 ], [ 120.049045356462003, 15.7968503179499 ], [ 120.046295334899995, 15.7968504104395 ] ] ] ] } },
{ "type": "Feature", "properties": { "tenement_no": "MPSA No. 317-2010-VIII", "tenement_name": "Edgar L. Lim", "tenement_type": "MPSA", "commodity": "Manganese and other associated mineral  deposits", "operation_status": "With exploration activity", "province": "Leyte", "municipality": "Macarthur, La paz and Mayorga", "permit_ha": 791.6, "date_approved": "2010-02-09", "date_expiration": "2035-02-09" }, "geometry": { "type": "Polygon", "coordinates": [ [ [ 124.959733242335005, 10.823733875385299 ], [ 124.951400259552997, 10.823733914207899 ], [ 124.951400335909995, 10.840399746953601 ], [ 124.943067354026994, 10.8403997840096 ], [ 124.943067314500993, 10.8320663677298 ], [ 124.926400350012003, 10.832066443608401 ], [ 124.968067399213993, 10.8612312118911 ], [ 124.968067341722005, 10.848732087701899 ], [ 124.959733358216994, 10.8487321247568 ], [ 124.959733280961999, 10.832066292733501 ], [ 124.968067263568003, 10.832066253911799 ], [ 124.96806716655, 10.811234713536299 ], [ 124.959733183943996, 10.811234752360599 ], [ 124.959733242335005, 10.823733875385299 ] ] ] } },
{ "type": "Feature", "properties": { "tenement_no": "MPSA No. 319-2010-VI", "tenement_name": "San Dominico Minerals and Industrial Corporation", "tenement_type": "MPSA", "commodity": "Manganese and other associated mineral  deposits", "operation_status": "With exploration activity", "province": "Negros Occidental", "municipality": "City of Kabankalan", "permit_ha": 850.6, "date_approved": "2010-02-09", "date_expiration": "2035-02-09" }, "geometry": { "type": "Polygon", "coordinates": [ [ [ 122.751399779360995, 9.91547414094263 ], [ 122.743066788495, 9.91547417456872 ], [ 122.743066895393994, 9.94047242313793 ], [ 122.759732876228, 9.940472353236411 ], [ 122.759732770227004, 9.915474104661859 ], [ 122.768066760020005, 9.91547407015088 ], [ 122.768066689053001, 9.89880823953872 ], [ 122.751399708394004, 9.898808308564201 ], [ 122.751399779360995, 9.91547414094263 ] ] ] } },
{ "type": "Feature", "properties": { "tenement_no": "MPSA No. 320-2010-XI", "tenement_name": "Oro-East Mining Company, Inc.", "tenement_type": "MPSA", "commodity": "Gold", "operation_status": "With exploration activity", "province": "Davao Oriental", "municipality": "City of Mati (Capital)", "permit_ha": 7997.5, "date_approved": "2010-02-09", "date_expiration": "2035-02-09" }, "geometry": { "type": "MultiPolygon", "coordinates": [ [ [ [ 126.134716270625006, 7.08233248307041 ], [ 126.159716206216999, 7.08233240907915 ], [ 126.159716157708004, 7.06566764442957 ], [ 126.184716092401999, 7.06566757043565 ], [ 126.184716017842007, 7.04066942354057 ], [ 126.176383039551993, 7.04066944850372 ], [ 126.176382991042999, 7.02400368462795 ], [ 126.168050012753994, 7.024003709592 ], [ 126.168049987600995, 7.01567132666119 ], [ 126.159716009486004, 7.01567135251729 ], [ 126.159716032841999, 7.02400373366449 ], [ 126.143050076262995, 7.02400378359258 ], [ 126.143050052007993, 7.0156714006631 ], [ 126.134716072996, 7.01567142473603 ], [ 126.134716270625006, 7.08233248307041 ] ] ], [ [ [ 126.284715931788995, 7.09899780260198 ], [ 126.288882920847001, 7.09899778923054 ], [ 126.288882945100994, 7.1073301714539 ], [ 126.284715956941994, 7.1073301839337 ], [ 126.284716036891993, 7.13433918252206 ], [ 126.288158028023005, 7.13432817244023 ], [ 126.288144011610001, 7.12890357489646 ], [ 126.295782992832997, 7.12900154367021 ], [ 126.295765975148996, 7.12357694633988 ], [ 126.298482969250998, 7.12357093843068 ], [ 126.298488976285995, 7.12628173739525 ], [ 126.301204969664994, 7.12627373016528 ], [ 126.301213977971003, 7.12898752864959 ], [ 126.303926970977002, 7.12897852134901 ], [ 126.303935978384999, 7.13168932041044 ], [ 126.306649971216004, 7.13168131238364 ], [ 126.306673998454997, 7.14066164706331 ], [ 126.326382945956993, 7.14066158912572 ], [ 126.326382647716002, 7.04066900540762 ], [ 126.284715758415004, 7.04066912933189 ], [ 126.284715931788995, 7.09899780260198 ] ] ] ] } },
{ "type": "Feature", "properties": { "tenement_no": "MPSA No. 321-2010-XII", "tenement_name": "Carmen Copper Corporation", "tenement_type": "MPSA", "commodity": "Gold, copper and other associated mineral deposits", "operation_status": "With exploration activity", "province": "South Cotabato and Sultan Kudarat", "municipality": "Tampakan and South Cotabato", "permit_ha": 11728.0, "date_approved": "2010-02-10", "date_expiration": "2035-02-10" }, "geometry": { "type": "MultiPolygon", "coordinates": [ [ [ [ 124.509717499871002, 6.23240000127113 ], [ 124.511801496109001, 6.23239999591311 ], [ 124.518051472595999, 6.22823428766566 ], [ 124.526384467954003, 6.23239995572782 ], [ 124.551384421511997, 6.23239989053837 ], [ 124.551384399952994, 6.22406750778239 ], [ 124.559717383632005, 6.22406748634987 ], [ 124.559717362971, 6.21573510360649 ], [ 124.543051392916993, 6.21573514736515 ], [ 124.543051329136006, 6.1907369989867 ], [ 124.559717296496004, 6.19073695522594 ], [ 124.559717274936006, 6.18240357316786 ], [ 124.551384291255999, 6.18240359549511 ], [ 124.551384269696996, 6.17407121191892 ], [ 124.568051237779002, 6.17407116994299 ], [ 124.568051216219999, 6.16573878656834 ], [ 124.593051167083004, 6.16573872226378 ], [ 124.593051124862995, 6.14907295740908 ], [ 124.568051173100997, 6.14907302260881 ], [ 124.568051108421997, 6.12407487651096 ], [ 124.576384092100994, 6.12407485507445 ], [ 124.576384049881, 6.10740909217932 ], [ 124.509717176478006, 6.1074092618905 ], [ 124.509717499871002, 6.23240000127113 ] ] ], [ [ [ 125.093051047637999, 6.49904568261739 ], [ 125.076384083148994, 6.49904572813707 ], [ 125.076384128962999, 6.51571149313782 ], [ 125.068051145282993, 6.51571151634317 ], [ 125.068051099469002, 6.49904575134316 ], [ 125.059717116862998, 6.49904577454927 ], [ 125.059717094405002, 6.49071339043462 ], [ 125.034717147134003, 6.49071346005408 ], [ 125.034717192049996, 6.50737822501311 ], [ 125.018051227385996, 6.50737827142453 ], [ 125.018051273200001, 6.52404403646529 ], [ 125.009717291491995, 6.52404405788524 ], [ 125.009717313950006, 6.5323764412122 ], [ 125.026384279338004, 6.53237639658805 ], [ 125.026384255981, 6.52404401326034 ], [ 125.034717238762994, 6.52404399094787 ], [ 125.034717261219996, 6.53237637338349 ], [ 125.059717208490994, 6.5323763037698 ], [ 125.059717186032998, 6.52404392133301 ], [ 125.084717132405004, 6.52404385350318 ], [ 125.084717156660005, 6.53237623594108 ], [ 125.093051138367997, 6.53237621184403 ], [ 125.093051093452004, 6.51571144761969 ], [ 125.109717057218006, 6.51571140299401 ], [ 125.109716988046998, 6.49071325565845 ], [ 125.093051025180003, 6.49071230062219 ], [ 125.093051047637999, 6.49904568261739 ] ] ] ] } },
{ "type": "Feature", "properties": { "tenement_no": "MPSA No. 322-2010-XIII-SMR", "tenement_name": "4D Ventures and Development Inc.", "tenement_type": "MPSA", "commodity": "Nickel and other associated mineral deposits", "operation_status": "With commercial operation", "province": "Surigao del Sur", "municipality": "Carrascal", "permit_ha": 2374.6, "date_approved": "2010-02-10", "date_expiration": "2035-02-10" }, "geometry": { "type": "Polygon", "coordinates": [ [ [ 125.838891923375996, 9.357167298387671 ], [ 125.838892288989996, 9.448827706633329 ], [ 125.859725238219994, 9.44882762422346 ], [ 125.859724872605995, 9.35716721684234 ], [ 125.838891923375996, 9.357167298387671 ] ] ] } },
{ "type": "Feature", "properties": { "tenement_no": "MPSA No. 323-2010-VII", "tenement_name": "Solid Earth Development Corporation", "tenement_type": "MPSA", "commodity": "Silica, and other associated mineral deposits", "operation_status": "With exploration activity", "province": "Cebu", "municipality": "Pinamungajan", "permit_ha": 1273.6, "date_approved": "2010-02-25", "date_expiration": "2035-02-25" }, "geometry": { "type": "MultiPolygon", "coordinates": [ [ [ [ 123.626400052950999, 10.248780064066899 ], [ 123.634733039324999, 10.2487800287076 ], [ 123.634733003392995, 10.2404476125656 ], [ 123.643066990489999, 10.2404475772054 ], [ 123.643067027320996, 10.2487799924643 ], [ 123.651400014594003, 10.248779957105 ], [ 123.651399941831002, 10.232114125299599 ], [ 123.618066992015997, 10.2321142685123 ], [ 123.618067101609995, 10.2571125165812 ], [ 123.626400089781995, 10.2571124803389 ], [ 123.626400052950999, 10.248780064066899 ] ] ], [ [ [ 123.626400163442995, 10.2737783122297 ], [ 123.634733149818004, 10.273778275989301 ], [ 123.634733186649001, 10.2821106915023 ], [ 123.651400161918005, 10.282110619023401 ], [ 123.651400087357999, 10.2654457884452 ], [ 123.618067138441006, 10.2654459316428 ], [ 123.618067212103, 10.2821107630973 ], [ 123.626400199375993, 10.2821107277418 ], [ 123.626400163442995, 10.2737783122297 ] ], [ [ 123.630231132278993, 10.2683866738448 ], [ 123.631314132201993, 10.2685256590318 ], [ 123.628164149233996, 10.271392471670101 ], [ 123.628725136349004, 10.2689146423899 ], [ 123.630231132278993, 10.2683866738448 ] ] ] ] } },
{ "type": "Feature", "properties": { "tenement_no": "MPSA No. 326-2010-VI", "tenement_name": "Far East Cement Corporation", "tenement_type": "MPSA", "commodity": "Limestone and other associated mineral deposits", "operation_status": "With exploration activity", "province": "Aklan ; Antique", "municipality": "Buruanga ; Libertad", "permit_ha": 1468.9, "date_approved": "2010-02-22", "date_expiration": "2035-02-22" }, "geometry": { "type": "Polygon", "coordinates": [ [ [ 121.876409421375001, 11.7986813919204 ], [ 121.884742499378007, 11.815347223636399 ], [ 121.901409485426001, 11.815347140104601 ], [ 121.901409444104004, 11.8070137050599 ], [ 121.918076430152993, 11.807013621525501 ], [ 121.918076515492999, 11.823679495104599 ], [ 121.901409529443995, 11.8236795777546 ], [ 121.901409614784001, 11.840345452045501 ], [ 121.918076600833004, 11.8403453685213 ], [ 121.918076557712993, 11.8320119314282 ], [ 121.934742544835999, 11.832011849659899 ], [ 121.934742455003999, 11.814422036842799 ], [ 121.920853385902006, 11.7986811720865 ], [ 121.876409421375001, 11.7986813919204 ] ] ] } },
{ "type": "Feature", "properties": { "tenement_no": "MPSA No. 327-2010-VII", "tenement_name": "Peblea Q. Alfaro", "tenement_type": "MPSA", "commodity": "Diorite, basalt and other associated mineral deposits", "operation_status": "With exploration activity", "province": "Cebu", "municipality": "Busay and Kalunasan", "permit_ha": 341.2, "date_approved": "2010-02-25", "date_expiration": "2035-02-25" }, "geometry": { "type": "Polygon", "coordinates": [ [ [ 123.893067036320005, 10.340439483712499 ], [ 123.884733051018003, 10.340439519061499 ], [ 123.884733087849, 10.348771936675799 ], [ 123.876400100577001, 10.348771972023901 ], [ 123.876400136509005, 10.357104388397801 ], [ 123.884733124679997, 10.357104352166999 ], [ 123.884733161510994, 10.3654377665283 ], [ 123.893067147710994, 10.3654377302984 ], [ 123.893067036320005, 10.340439483712499 ] ] ] } },
{ "type": "Feature", "properties": { "tenement_no": "MPSA No. 328-2010-XIII-SMR", "tenement_name": "AAM Philippine Natural Resources Exploration and Development Corporation", "tenement_type": "MPSA", "commodity": "Nickel", "operation_status": "With exploration activity", "province": "Dinagat Islands", "municipality": "Basilisa (Rizal)", "permit_ha": 1700.9, "date_approved": "2010-03-08", "date_expiration": "2035-03-08" }, "geometry": { "type": "Polygon", "coordinates": [ [ [ 125.587506529852007, 10.082116465537 ], [ 125.618062457440999, 10.082116337292801 ], [ 125.618062099911995, 9.998789266458759 ], [ 125.610701115826998, 9.998650307592451 ], [ 125.601395200100995, 10.013121316522801 ], [ 125.601395281847999, 10.0321199640149 ], [ 125.603062278333994, 10.032119956938301 ], [ 125.603062313368994, 10.0404533636487 ], [ 125.609728298765006, 10.0404533353428 ], [ 125.609728338291006, 10.049896663496799 ], [ 125.59931236269, 10.0498967086079 ], [ 125.599312367181994, 10.050868639396199 ], [ 125.597228371841993, 10.050868647356999 ], [ 125.597228388011999, 10.0546183811555 ], [ 125.599728392260999, 10.057118192193601 ], [ 125.603062384335004, 10.057118178041501 ], [ 125.603062430150004, 10.0676734274805 ], [ 125.593062453577005, 10.0676734699357 ], [ 125.593062494001003, 10.077116798335499 ], [ 125.587506529852007, 10.082116465537 ] ] ] } },
{ "type": "Feature", "properties": { "tenement_no": "MPSA No. 329-2010-V", "tenement_name": "Filminera Resources Corporation", "tenement_type": "MPSA", "commodity": "Gold and other associated mineral deposits", "operation_status": "With exploration activity", "province": "Masbate", "municipality": "Aroroy", "permit_ha": 591.1, "date_approved": "2010-03-22", "date_expiration": "2035-03-22" }, "geometry": { "type": "MultiPolygon", "coordinates": [ [ [ [ 123.391488189685006, 12.4531374724238 ], [ 123.384741198707999, 12.4531495064609 ], [ 123.384835039416998, 12.4235545033979 ], [ 123.382812041481998, 12.423557514223701 ], [ 123.377284076023997, 12.428505208450501 ], [ 123.377289237743, 12.458468187421399 ], [ 123.380502231240001, 12.4580142011335 ], [ 123.383241239457007, 12.460278033652401 ], [ 123.385517220043994, 12.457245225518101 ], [ 123.388644209733997, 12.456318272934199 ], [ 123.390567223380998, 12.4592630636904 ], [ 123.390567240449002, 12.4623918522067 ], [ 123.387399257938, 12.4648337043909 ], [ 123.385607277049999, 12.467807513028101 ], [ 123.391488268737007, 12.467808482257601 ], [ 123.391488189685006, 12.4531374724238 ] ] ], [ [ [ 123.382432293069002, 12.469925387395399 ], [ 123.377293317891002, 12.4731661948352 ], [ 123.377293344840993, 12.4782248545672 ], [ 123.378462343180999, 12.4782308477604 ], [ 123.378445363226007, 12.4818906017041 ], [ 123.377294364427996, 12.481886607467899 ], [ 123.377296388332994, 12.4861273218871 ], [ 123.384715377532999, 12.486127283296099 ], [ 123.384716289322995, 12.4699293756762 ], [ 123.382432293069002, 12.469925387395399 ] ] ], [ [ [ 123.387994395407006, 12.490278986997801 ], [ 123.385754397737003, 12.4902789975225 ], [ 123.385754443550994, 12.4985614396318 ], [ 123.389194397303001, 12.490960933763899 ], [ 123.387994395407006, 12.490278986997801 ] ] ], [ [ [ 123.380468468060002, 12.501764251303101 ], [ 123.378542491768997, 12.5057399939513 ], [ 123.378545501125004, 12.507411880868499 ], [ 123.379836505952994, 12.508571795543499 ], [ 123.383551501387004, 12.5085757770896 ], [ 123.384769491148006, 12.5069448798283 ], [ 123.389392482111006, 12.5069268566407 ], [ 123.387864481050997, 12.5060899210771 ], [ 123.389185466252002, 12.5037090743966 ], [ 123.386762462893998, 12.502410175144 ], [ 123.388083448095998, 12.500029328759799 ], [ 123.385799443756994, 12.4988054230286 ], [ 123.385804459949995, 12.501749224516701 ], [ 123.380468468060002, 12.501764251303101 ] ] ] ] } },
{ "type": "Feature", "properties": { "tenement_no": "MPSA No. 330-2010-VII", "tenement_name": "Solid Earth Development Corporation", "tenement_type": "MPSA", "commodity": "Siliceous Clay", "operation_status": "With development/construction activity", "province": "Cebu", "municipality": "Naga and San Fernando", "permit_ha": 1705.2, "date_approved": "2010-04-29", "date_expiration": "2035-04-29" }, "geometry": { "type": "Polygon", "coordinates": [ [ [ 123.651399868168994, 10.2154492953042 ], [ 123.651400014594003, 10.248779957105 ], [ 123.693066949710001, 10.248779777656599 ], [ 123.693066912879004, 10.240447361508 ], [ 123.684732925781006, 10.2404473977523 ], [ 123.684732853018005, 10.2237815676224 ], [ 123.709732813762997, 10.2237814597681 ], [ 123.709732776932, 10.215449045110899 ], [ 123.651399868168994, 10.2154492953042 ] ] ] } },
{ "type": "Feature", "properties": { "tenement_no": "MPSA No. 331-2010-VIII", "tenement_name": "Manganese Mineral Belt Mining Development Corporation", "tenement_type": "MPSA", "commodity": "Manganese and other associated mineral  deposits", "operation_status": "With exploration activity", "province": "Samar (Western Samar)", "municipality": "Catbalogan City and Jiabong and Motiong", "permit_ha": 2069.6, "date_approved": "2010-05-04", "date_expiration": "2035-05-04" }, "geometry": { "type": "Polygon", "coordinates": [ [ [ 124.909737920219001, 11.7653356794419 ], [ 124.90973809, 11.798666381658499 ], [ 124.976404950827003, 11.798666052786899 ], [ 124.976404866384996, 11.782000201177199 ], [ 124.951404918216994, 11.782000324291699 ], [ 124.943071893213997, 11.7736679403938 ], [ 124.943071880638001, 11.771168112030299 ], [ 124.934737898031997, 11.771168153363201 ], [ 124.934737889049003, 11.7692242873264 ], [ 124.943071870756995, 11.7692242459932 ], [ 124.943071851892, 11.765335514106701 ], [ 124.909737920219001, 11.7653356794419 ] ] ] } },
{ "type": "Feature", "properties": { "tenement_no": "MPSA No. 332-2010-I", "tenement_name": "Napoleon R. Navato", "tenement_type": "MPSA", "commodity": "Silica and other associat", "operation_status": "With commercial operation", "province": "Pangasinan", "municipality": "Bugallon", "permit_ha": 825.2, "date_approved": "2010-05-12", "date_expiration": "2035-05-12" }, "geometry": { "type": "MultiPolygon", "coordinates": [ [ [ [ 120.151435014542997, 15.890094027587899 ], [ 120.159768013494002, 15.890093972292499 ], [ 120.159767955103007, 15.881760483282401 ], [ 120.151434955254004, 15.88176053858 ], [ 120.151435014542997, 15.890094027587899 ] ] ], [ [ [ 120.184768072154995, 15.8984262946536 ], [ 120.193102071829003, 15.898426238496601 ], [ 120.193101953251997, 15.881760262956 ], [ 120.184767955373999, 15.881760317389601 ], [ 120.184767895186994, 15.873427828848399 ], [ 120.176434895338005, 15.873427885012401 ], [ 120.176435072306006, 15.8984263499467 ], [ 120.168102071557996, 15.8984264052397 ], [ 120.168102131745002, 15.906758893912601 ], [ 120.184768131444002, 15.9067587824672 ], [ 120.184768072154995, 15.8984262946536 ] ] ], [ [ [ 120.209768129918004, 15.906758616595001 ], [ 120.209768071528003, 15.898426128774499 ], [ 120.193102071829003, 15.898426238496601 ], [ 120.193102131117996, 15.906758728040399 ], [ 120.209768129918004, 15.906758616595001 ] ] ] ] } },
{ "type": "Feature", "properties": { "tenement_no": "MPSA No. 333-2010-IX", "tenement_name": "Maharlika Dragon Mining Corporation", "tenement_type": "MPSA", "commodity": "Chromite and other associated mineral deposits", "operation_status": "With exploration activity", "province": "Zamboanga del Norte ; Zamboanga Sibugay", "municipality": "Polanco, Sergio Osmena and kalawit; Ipil", "permit_ha": 7962.5, "date_approved": "2010-05-13", "date_expiration": "2035-05-13" }, "geometry": { "type": "MultiPolygon", "coordinates": [ [ [ [ 122.551391848662007, 7.748961948539 ], [ 122.551391876509996, 7.75729434854825 ], [ 122.559724867376005, 7.75729432095535 ], [ 122.559724840426, 7.74896192094551 ], [ 122.551391848662007, 7.748961948539 ] ] ], [ [ [ 122.568058941610005, 7.78229249331961 ], [ 122.568058967661003, 7.79062589276725 ], [ 122.584724951189997, 7.79062583758576 ], [ 122.584724923343003, 7.78229243813703 ], [ 122.568058941610005, 7.78229249331961 ] ] ], [ [ [ 122.476392341023995, 7.87395319784843 ], [ 122.476392451517, 7.90728380157137 ], [ 122.493059434871, 7.90728374551558 ], [ 122.493059407022997, 7.89895134526628 ], [ 122.501392398787004, 7.89895131768271 ], [ 122.501392314346006, 7.87395311598262 ], [ 122.476392341023995, 7.87395319784843 ] ] ], [ [ [ 123.468059574796996, 8.29891924822674 ], [ 123.468059487660994, 8.273921046346 ], [ 123.459725499664998, 8.27392107657079 ], [ 123.459725470020004, 8.265588676198441 ], [ 123.434725506579994, 8.265588763318879 ], [ 123.434725564071996, 8.282253563861159 ], [ 123.426392576799003, 8.28225359319638 ], [ 123.426392635189998, 8.298919394007759 ], [ 123.401392670852005, 8.29891948023189 ], [ 123.401392701394002, 8.30725188134838 ], [ 123.393059712324998, 8.30725191068175 ], [ 123.393059742868004, 8.3155853108437 ], [ 123.384725753075003, 8.31558534106532 ], [ 123.384725812363996, 8.33225014140595 ], [ 123.376392824193005, 8.33225017073744 ], [ 123.376392942769996, 8.365581775830091 ], [ 123.384725930941002, 8.365581746501119 ], [ 123.384725959687003, 8.373914147381919 ], [ 123.401392936752998, 8.373914088725209 ], [ 123.401392966396998, 8.38224649075849 ], [ 123.409725953670005, 8.382246460542049 ], [ 123.409725924924004, 8.3739140602856 ], [ 123.418059912022002, 8.37391403095725 ], [ 123.418059853630993, 8.35724822887499 ], [ 123.426392841802993, 8.35724819865659 ], [ 123.426392752869006, 8.332249995637349 ], [ 123.434725741039998, 8.332249966305859 ], [ 123.434725711395998, 8.323917565893479 ], [ 123.451392687563001, 8.323917507229259 ], [ 123.451392657919001, 8.315585106403439 ], [ 123.468059634086003, 8.315585048626801 ], [ 123.468059663730997, 8.323917449453861 ], [ 123.476392652800001, 8.323917420121751 ], [ 123.476392563866995, 8.298919218892751 ], [ 123.468059574796996, 8.29891924822674 ] ] ] ] } },
{ "type": "Feature", "properties": { "tenement_no": "MPSA No. 335-2010-VII", "tenement_name": "Apo Land and Quarry Corporation", "tenement_type": "MPSA", "commodity": "Limestone and other associated mineral deposits", "operation_status": "With exploration activity", "province": "Cebu", "municipality": "San Fernando", "permit_ha": 169.9, "date_approved": "2010-05-30", "date_expiration": "2035-05-30" }, "geometry": { "type": "MultiPolygon", "coordinates": [ [ [ [ 123.701399627064006, 10.177951711778899 ], [ 123.701399645929001, 10.1821174184127 ], [ 123.707882635518999, 10.1821173918876 ], [ 123.702716614763006, 10.1755738738586 ], [ 123.708474586663002, 10.1711241615437 ], [ 123.704874572891001, 10.1665634975076 ], [ 123.701399589334997, 10.169227324810301 ], [ 123.701399627064006, 10.177951711778899 ] ] ], [ [ [ 123.709732659253007, 10.1884529386256 ], [ 123.709732667336993, 10.1904507983736 ], [ 123.714482661217005, 10.190450778922401 ], [ 123.709732642185003, 10.1844622195215 ], [ 123.709732659253007, 10.1884529386256 ] ] ], [ [ [ 123.718066691266003, 10.1987831789037 ], [ 123.721082686916006, 10.1987831647577 ], [ 123.718066675095997, 10.194980445129399 ], [ 123.718066683180993, 10.1968833114231 ], [ 123.718066691266003, 10.1987831789037 ] ] ], [ [ [ 123.729660690580999, 10.202399874181401 ], [ 123.731488687623994, 10.2023998662244 ], [ 123.731488701996994, 10.206015612443601 ], [ 123.733316699040003, 10.2060156053708 ], [ 123.733316704429996, 10.2071155270971 ], [ 123.737896696633996, 10.207115507647 ], [ 123.728193659076993, 10.1948274115879 ], [ 123.723118684371997, 10.1987831559165 ], [ 123.729660674410994, 10.198783128508699 ], [ 123.729660690580999, 10.202399874181401 ] ] ], [ [ [ 123.741260685252001, 10.2055046059312 ], [ 123.739116677062, 10.2027938056384 ], [ 123.737413685082004, 10.2041107213049 ], [ 123.739880694210996, 10.2070385044531 ], [ 123.741260685252001, 10.2055046059312 ] ] ] ] } },
{ "type": "Feature", "properties": { "tenement_no": "MPSA No. 336-2010-XI-Amended A", "tenement_name": "Napnapan Mineral Resources, Inc.", "tenement_type": "MPSA", "commodity": "Gold", "operation_status": "With exploration activity", "province": "Davao de Oro (Compostela Valley)", "municipality": "Pantukan", "permit_ha": 4164.7, "date_approved": "2010-06-07", "date_expiration": "2035-06-07" }, "geometry": { "type": "MultiPolygon", "coordinates": [ [ [ [ 125.968050968189999, 7.17399319728734 ], [ 125.968050917884, 7.15732742973177 ], [ 125.943050979597004, 7.15732750549357 ], [ 125.943051055054994, 7.18232565627135 ], [ 125.959717014329996, 7.18232560546916 ], [ 125.959716989176997, 7.17399322224326 ], [ 125.968050968189999, 7.17399319728734 ] ] ], [ [ [ 125.971855970323006, 7.17771191078591 ], [ 125.971855961339998, 7.17499911132728 ], [ 125.988161920764, 7.17499306220415 ], [ 125.988161985443, 7.19669945665214 ], [ 125.996244965284006, 7.19656044306577 ], [ 125.996244973369002, 7.19899126298127 ], [ 126.026383897613997, 7.19899117207541 ], [ 126.026383821256999, 7.17399302170461 ], [ 125.968050968189999, 7.17399319728734 ], [ 125.968050979867996, 7.17771192237248 ], [ 125.971855970323006, 7.17771191078591 ] ] ], [ [ [ 126.00138411204, 7.24898755140168 ], [ 126.026384048531, 7.24898747476405 ], [ 126.026383973072001, 7.22398932354397 ], [ 126.001703034626999, 7.22398939751227 ], [ 126.001703050797005, 7.22922501154298 ], [ 125.982690098213993, 7.22925306659885 ], [ 125.982690040722005, 7.21026546988091 ], [ 125.971801067089999, 7.21026550463815 ], [ 125.971801035648994, 7.19941630554121 ], [ 125.959717063737003, 7.19899137260303 ], [ 125.959717140094, 7.22398952495166 ], [ 125.976384098295, 7.22398947415415 ], [ 125.976384225855, 7.26565339526536 ], [ 125.993051183158002, 7.26565334447254 ], [ 125.993051107699998, 7.24065519171529 ], [ 126.001384086887001, 7.24065516676306 ], [ 126.00138411204, 7.24898755140168 ] ] ] ] } },
{ "type": "Feature", "properties": { "tenement_no": "MPSA No. 336-2010-XI-Amended B", "tenement_name": "Hexat Mining Corporation", "tenement_type": "MPSA", "commodity": "Gold", "operation_status": "With exploration activity", "province": "Davao de Oro (Compostela Valley)", "municipality": "Pantukan", "permit_ha": 867.9, "date_approved": "2010-06-07", "date_expiration": "2035-06-07" }, "geometry": { "type": "Polygon", "coordinates": [ [ [ 125.996244973369002, 7.19899126298127 ], [ 125.996245014691993, 7.21297622893929 ], [ 126.001703001389998, 7.21297621200638 ], [ 126.001703034626999, 7.22398939751227 ], [ 126.026383973072001, 7.22398932354397 ], [ 126.026383897613997, 7.19899117207541 ], [ 125.996244973369002, 7.19899126298127 ] ] ] } },
{ "type": "Feature", "properties": { "tenement_no": "MPSA No. 337-2010-II-OMR", "tenement_name": "Peniel Resources Mining Corporation", "tenement_type": "MPSA", "commodity": "Magnetite and other assoc", "operation_status": "With development/construction activity", "province": "Cagayan", "municipality": "Offshore areas of Sanchez Mira, Pamplona, Abulug, Ballesteros, Aparri, Buguey and Gonzaga", "permit_ha": 14893.3, "date_approved": "2010-06-08", "date_expiration": "2035-06-08" }, "geometry": { "type": "Polygon", "coordinates": [ [ [ 121.495255181469005, 18.546359271786802 ], [ 121.669354719311997, 18.5022604766048 ], [ 121.895053894910006, 18.424663207403899 ], [ 121.976854020253, 18.447561253538701 ], [ 121.987753936263005, 18.438728347256902 ], [ 121.897953766241002, 18.409630723629501 ], [ 121.661554561461998, 18.489427999440501 ], [ 121.597954721492002, 18.496428083776099 ], [ 121.492869035986999, 18.538759728172501 ], [ 121.491055040085996, 18.529260262377001 ], [ 121.361155922717998, 18.594557532549398 ], [ 121.217756440863994, 18.675753984901998 ], [ 121.222156610111, 18.695852799149101 ], [ 121.368455772854006, 18.606856825917699 ], [ 121.495255181469005, 18.546359271786802 ] ] ] } },
{ "type": "Feature", "properties": { "tenement_no": "MPSA No. 338-2010-II-OMR (Amended A)", "tenement_name": "JDVC Resources Corporation", "tenement_type": "MPSA", "commodity": "Magnetite and other assoc", "operation_status": "With development/construction activity", "province": "Cagayan", "municipality": "Offshore area of Gonzaga", "permit_ha": 1914.9, "date_approved": "2010-06-08", "date_expiration": "2035-06-08" }, "geometry": { "type": "Polygon", "coordinates": [ [ [ 121.871723426171002, 18.432699031227301 ], [ 121.871751340420005, 18.449020306535001 ], [ 121.893754038981996, 18.441662231870701 ], [ 121.969854131963004, 18.460160576453301 ], [ 121.976854020253, 18.447561253538701 ], [ 121.895053894910006, 18.424663207403899 ], [ 121.871723426171002, 18.432699031227301 ] ] ] } },
{ "type": "Feature", "properties": { "tenement_no": "MPSA No. 338-2010-II-OMR (Amended B)", "tenement_name": "Sanlorenzo Mines, Inc.", "tenement_type": "MPSA", "commodity": "Magnetite and other assoc", "operation_status": "With exploration activity", "province": "Cagayan", "municipality": "Offshore areas of  Pamplona and Abulug", "permit_ha": 2409.7, "date_approved": "2010-06-08", "date_expiration": "2035-06-08" }, "geometry": { "type": "Polygon", "coordinates": [ [ [ 121.368455799803002, 18.606856741632999 ], [ 121.368445998284997, 18.630168404033999 ], [ 121.475396434504006, 18.571344959090801 ], [ 121.472894315619996, 18.5571147970245 ], [ 121.368455799803002, 18.606856741632999 ] ] ] } },
{ "type": "Feature", "properties": { "tenement_no": "MPSA No. 338-2010-II-OMR (Amended C)", "tenement_name": "Catagayan Iron Sand Mining Resources Corporation", "tenement_type": "MPSA", "commodity": "Magnetite and other assoc", "operation_status": "With exploration activity", "province": "Cagayan", "municipality": "Offshore area of Aparri", "permit_ha": 3201.6, "date_approved": "2010-06-08", "date_expiration": "2035-06-08" }, "geometry": { "type": "Polygon", "coordinates": [ [ [ 121.563471687364995, 18.529081937776599 ], [ 121.563452358315004, 18.542756149435601 ], [ 121.673254826982998, 18.515259668197501 ], [ 121.754890648664002, 18.488010614922299 ], [ 121.754946075616004, 18.472842046513101 ], [ 121.669354719311997, 18.5022604493446 ], [ 121.563471687364995, 18.529081937776599 ] ] ] } },
{ "type": "Feature", "properties": { "tenement_no": "MPSA No. 338-2010-II-OMR (Amended D)", "tenement_name": "Catagayan Mining Resources (Phils.), Inc.", "tenement_type": "MPSA", "commodity": "Magnetite and other assoc", "operation_status": "With exploration activity", "province": "Cagayan", "municipality": "Offshore areas of Abulug and Ballesteros", "permit_ha": 1456.6, "date_approved": "2010-06-08", "date_expiration": "2035-06-08" }, "geometry": { "type": "Polygon", "coordinates": [ [ [ 121.472894204228993, 18.5571143533362 ], [ 121.475394323462993, 18.5713440700851 ], [ 121.497555317754006, 18.559258482870302 ], [ 121.563452358315004, 18.542756149435601 ], [ 121.563471687364995, 18.529081937776599 ], [ 121.495255210215007, 18.546359244533502 ], [ 121.472894204228993, 18.5571143533362 ] ] ] } },
{ "type": "Feature", "properties": { "tenement_no": "MPSA No. 338-2010-II-OMR (Amended E)", "tenement_name": "Cagayan Ore Metal Mining Exploration Corporation", "tenement_type": "MPSA", "commodity": "Magnetite and other assoc", "operation_status": "With exploration activity", "province": "Cagayan", "municipality": "Offshore area of Buguey", "permit_ha": 2163.4, "date_approved": "2010-06-08", "date_expiration": "2035-06-08" }, "geometry": { "type": "Polygon", "coordinates": [ [ [ 121.754946075616004, 18.472842046513101 ], [ 121.754890648664002, 18.488010614922299 ], [ 121.871751340420005, 18.449006419948301 ], [ 121.871723425271995, 18.4326851433215 ], [ 121.754946075616004, 18.472842046513101 ] ] ] } },
{ "type": "Feature", "properties": { "tenement_no": "MPSA No. 339-2010-II-OMR", "tenement_name": "T & T Resources and Mining Corporation", "tenement_type": "MPSA", "commodity": "Magnetite and other assoc", "operation_status": "With exploration activity", "province": "Cagayan", "municipality": "Offshore areas of Sanchez Mira, Pamplona, Abulug, Ballesteros, Aparri, Buguey and Gonzaga", "permit_ha": 14749.6, "date_approved": "2010-06-08", "date_expiration": "2035-06-08" }, "geometry": { "type": "Polygon", "coordinates": [ [ [ 121.217756468711002, 18.6757539568185 ], [ 121.361155977514997, 18.5945575053039 ], [ 121.595254551037996, 18.476162524217202 ], [ 121.663554472694003, 18.472462214278401 ], [ 121.897653620240007, 18.392165073654901 ], [ 121.986353792417006, 18.421462694275501 ], [ 122.001975932687998, 18.413303048340701 ], [ 121.950009087899005, 18.3869349757883 ], [ 121.900009032560007, 18.3753860286856 ], [ 121.837145369151997, 18.396205300829699 ], [ 121.708537524307999, 18.442863582162399 ], [ 121.658796016683993, 18.457463118626201 ], [ 121.596532206899994, 18.4617633464979 ], [ 121.484788301934998, 18.5170610137646 ], [ 121.338238435565998, 18.5881580500421 ], [ 121.218123019974996, 18.6622047306562 ], [ 121.217756468711002, 18.6757539568185 ] ] ] } },
{ "type": "Feature", "properties": { "tenement_no": "MPSA No. 340-2010-II-OMR", "tenement_name": "J & M Resources and Mining Corporation", "tenement_type": "MPSA", "commodity": "Magnetite Sand", "operation_status": "With exploration activity", "province": "Cagayan", "municipality": "Offshore areas of  Abulug, Ballesteros, Aparri, Buguey and Gonzaga", "permit_ha": 9883.6, "date_approved": "2010-06-08", "date_expiration": "2035-06-08" }, "geometry": { "type": "Polygon", "coordinates": [ [ [ 121.492869035986999, 18.5387597000664 ], [ 121.597954719694997, 18.4964280011407 ], [ 121.661554616258996, 18.489427916801699 ], [ 121.897953767139995, 18.4096321129472 ], [ 121.987753936263005, 18.438728347256902 ], [ 121.986353792417006, 18.421462694275501 ], [ 121.897653620240007, 18.392165073654901 ], [ 121.663554472694003, 18.472462214278401 ], [ 121.595254551037996, 18.476162524217202 ], [ 121.491055067933999, 18.529260262377001 ], [ 121.492869035986999, 18.5387597000664 ] ] ] } },
{ "type": "Feature", "properties": { "tenement_no": "MPSA No. 341-2010-IVB", "tenement_name": "Aglubang Mining Corporation", "tenement_type": "MPSA", "commodity": "Nickel and other associated mineral deposits", "operation_status": "With exploration activity", "province": "Occidental Mindoro", "municipality": "Sablayan", "permit_ha": 867.5, "date_approved": "2010-06-08", "date_expiration": "2035-06-08" }, "geometry": { "type": "Polygon", "coordinates": [ [ [ 121.193083602528006, 13.0486015489153 ], [ 121.184749605548006, 13.0486015944215 ], [ 121.18474974838, 13.0735999494156 ], [ 121.176416753023005, 13.0735999957922 ], [ 121.176416848244003, 13.0902658994075 ], [ 121.159749854110999, 13.0902659904046 ], [ 121.159749901721, 13.098598443054099 ], [ 121.193083887293994, 13.0985982601911 ], [ 121.193083602528006, 13.0486015489153 ] ], [ [ 121.184749843602006, 13.090265853033999 ], [ 121.179638871606002, 13.0948205813207 ], [ 121.175444863021994, 13.092820736375501 ], [ 121.181694819745999, 13.085710169939 ], [ 121.184472823830006, 13.0867930836434 ], [ 121.184749843602006, 13.090265853033999 ] ] ] } },
{ "type": "Feature", "properties": { "tenement_no": "MPSA No. 342-2010-IVB", "tenement_name": "Aglubang Mining Corporation", "tenement_type": "MPSA", "commodity": "Nickel and other associated mineral deposits", "operation_status": "With exploration activity", "province": "Occidental Mindoro", "municipality": "Sablayan", "permit_ha": 3643.9, "date_approved": "2010-06-08", "date_expiration": "2035-06-08" }, "geometry": { "type": "Polygon", "coordinates": [ [ [ 121.118651799605999, 13.0771800769206 ], [ 121.118083399593999, 13.006937700109599 ], [ 121.101416407257005, 13.0069377911374 ], [ 121.076416466273997, 13.015271380251001 ], [ 121.076416845363994, 13.0819329952225 ], [ 121.109749830211996, 13.0819328123471 ], [ 121.118651799605999, 13.0771800769206 ] ] ] } },
{ "type": "Feature", "properties": { "tenement_no": "MPSA No. 343-2010-XIII", "tenement_name": "Das-agan Mining Corporation", "tenement_type": "MPSA", "commodity": "Gold", "operation_status": "With exploration activity", "province": "Surigao del Sur", "municipality": "Lingig and Barobo", "permit_ha": 3908.0, "date_approved": "2010-06-08", "date_expiration": "2035-06-08" }, "geometry": { "type": "MultiPolygon", "coordinates": [ [ [ [ 126.376385805835994, 8.07392559156404 ], [ 126.368052827547004, 8.073925619135791 ], [ 126.368053055719002, 8.14058773064373 ], [ 126.384719011399994, 8.140587673730881 ], [ 126.384718981755995, 8.132254284616041 ], [ 126.393052959870005, 8.13225425615903 ], [ 126.393052932920995, 8.12392186683083 ], [ 126.401385909414003, 8.123921839262501 ], [ 126.401385709988006, 8.065593118394901 ], [ 126.376385777089993, 8.065593202890669 ], [ 126.376385805835994, 8.07392559156404 ] ] ], [ [ [ 126.051388111882005, 8.490563255920719 ], [ 126.051388081338999, 8.48222986312209 ], [ 126.076388017829998, 8.48222977338466 ], [ 126.076387928897006, 8.45723159613584 ], [ 126.051387992406006, 8.45723168499052 ], [ 126.051388022948998, 8.46556507748914 ], [ 126.043055043761001, 8.46556510769911 ], [ 126.043055103049994, 8.482229892442239 ], [ 126.034721124037006, 8.48222992176237 ], [ 126.034721154579003, 8.490563314559729 ], [ 126.051388111882005, 8.490563255920719 ] ] ] ] } },
{ "type": "Feature", "properties": { "tenement_no": "MPSA No. 344-2010-XIII", "tenement_name": "Philex Gold Philippines, Inc.", "tenement_type": "MPSA", "commodity": "Gold and other associated mineral deposits", "operation_status": "With exploration activity", "province": "Agusan del Sur", "municipality": "Lianga and Barobo", "permit_ha": 6457.9, "date_approved": "2010-06-08", "date_expiration": "2035-06-08" }, "geometry": { "type": "Polygon", "coordinates": [ [ [ 125.976388390444995, 8.51556170214594 ], [ 125.976388511718, 8.54889227615122 ], [ 126.001388448208004, 8.548892186429461 ], [ 126.001388477852998, 8.556947600578789 ], [ 126.008332460388999, 8.556947575705919 ], [ 126.008332569084999, 8.58694539152803 ], [ 126.051388460428001, 8.586945237861549 ], [ 126.051388503547003, 8.59888836754107 ], [ 126.093055396441997, 8.59888821832052 ], [ 126.093055366797998, 8.590555824270471 ], [ 126.101388345985995, 8.59055579407042 ], [ 126.101388315443003, 8.58222240153879 ], [ 126.082499363606999, 8.58222246904632 ], [ 126.082499325878004, 8.571946217259731 ], [ 126.059721383921001, 8.57194629898154 ], [ 126.059721360565007, 8.565557763850199 ], [ 126.051388383173006, 8.56555779316394 ], [ 126.051388352629999, 8.55722440052455 ], [ 126.043055373442002, 8.55722443072727 ], [ 126.043055346493006, 8.5497249768471 ], [ 126.045277340127996, 8.5497249688521 ], [ 126.045277314076998, 8.54250349456837 ], [ 126.052777294484997, 8.54250346791788 ], [ 126.052777241483994, 8.52750456040533 ], [ 126.049166250298995, 8.52750457284273 ], [ 126.049166225145996, 8.52028309845082 ], [ 126.045277234126999, 8.520283112665201 ], [ 126.045277207176994, 8.512783658926621 ], [ 126.042499213873995, 8.512783668699219 ], [ 126.042499187822997, 8.505284215512569 ], [ 126.035277205452005, 8.50528424038877 ], [ 126.035277232401995, 8.512783694463369 ], [ 126.038055225704994, 8.512783684690771 ], [ 126.038055251756006, 8.520283138428841 ], [ 126.041666242942, 8.52028312599121 ], [ 126.041666269890996, 8.52750459949425 ], [ 126.045277259279999, 8.52750458705685 ], [ 126.045277287127007, 8.535004039847291 ], [ 126.026388335291003, 8.535004108251529 ], [ 126.026388265223005, 8.51556152446355 ], [ 126.018055286034993, 8.51556155378114 ], [ 126.018055255492001, 8.50722816056517 ], [ 125.993055319001996, 8.50722824940828 ], [ 125.993055348645996, 8.51556164262232 ], [ 125.976388390444995, 8.51556170214594 ] ] ] } },
{ "type": "Feature", "properties": { "tenement_no": "MPSA No. 345-2010-IVA", "tenement_name": "Rapid City Realty and Development Corporation", "tenement_type": "MPSA", "commodity": "Silica and other associated mineral deposits", "operation_status": "With exploration activity", "province": "Rizal", "municipality": "Teresa, Morong, Binangonan and Angono", "permit_ha": 1010.3, "date_approved": "2010-06-08", "date_expiration": "2035-06-08" }, "geometry": { "type": "MultiPolygon", "coordinates": [ [ [ [ 121.190314577104999, 14.5318384368097 ], [ 121.190314542969006, 14.526561773703399 ], [ 121.184758546479998, 14.5265618076177 ], [ 121.184758580616005, 14.5318384707232 ], [ 121.190314577104999, 14.5318384368097 ] ] ], [ [ [ 121.184758580616005, 14.5318384707232 ], [ 121.180925582487006, 14.5318384942017 ], [ 121.180925624707996, 14.538505069535599 ], [ 121.179481626007004, 14.5385050764921 ], [ 121.178369659908, 14.5437827482905 ], [ 121.184758656973003, 14.543782709161601 ], [ 121.184758580616005, 14.5318384707232 ] ] ], [ [ [ 121.243092817988, 14.5735024581153 ], [ 121.249758761164003, 14.565169948834599 ], [ 121.251425760345001, 14.565169939270801 ], [ 121.251425600445003, 14.5401715341195 ], [ 121.243092605087, 14.540171584553001 ], [ 121.243092551187999, 14.5318381159359 ], [ 121.226438559269994, 14.531846216912299 ], [ 121.226425613648004, 14.5401716862897 ], [ 121.22225861471, 14.5401717115064 ], [ 121.222258667709994, 14.548504179716 ], [ 121.243092658088003, 14.548504052767401 ], [ 121.243092711087996, 14.5568365203924 ], [ 121.226425720547994, 14.556836622990801 ], [ 121.226425730429, 14.5585035161055 ], [ 121.232258727825993, 14.5585034813266 ], [ 121.232258770046997, 14.565170054907 ], [ 121.234758768906005, 14.5651700401264 ], [ 121.234758822805006, 14.5735025085412 ], [ 121.243092817988, 14.5735024581153 ] ] ], [ [ [ 121.232679823894998, 14.5735025224518 ], [ 121.232485816540006, 14.5724385910364 ], [ 121.229584816026005, 14.572006636544 ], [ 121.229946825408007, 14.5735025389707 ], [ 121.227347826813997, 14.5735025546201 ], [ 121.227347842984003, 14.5761743840816 ], [ 121.223643855505003, 14.577669312312899 ], [ 121.226425880448005, 14.5818350287988 ], [ 121.227814879795005, 14.581835020105 ], [ 121.229119833661997, 14.574780461321501 ], [ 121.233369847713007, 14.5772522791155 ], [ 121.234758822805006, 14.5735025085412 ], [ 121.232679823894998, 14.5735025224518 ] ] ] ] } },
{ "type": "Feature", "properties": { "tenement_no": "MPSA No. 346-2010-IVA", "tenement_name": "V.I.L. Mines, Inc.", "tenement_type": "MPSA", "commodity": "Nickel and other associated mineral deposits", "operation_status": "With exploration activity", "province": "Quezon", "municipality": "Tagkawayan, Quezon;  and Labo and Sta. Elena", "permit_ha": 11203.9, "date_approved": "2010-06-24", "date_expiration": "2035-06-24" }, "geometry": { "type": "MultiPolygon", "coordinates": [ [ [ [ 122.418088922154993, 14.098525962583301 ], [ 122.393088947037, 14.098526110697 ], [ 122.393089361159994, 14.165188786687899 ], [ 122.468089284718005, 14.165188342477199 ], [ 122.468089232615995, 14.156854883722501 ], [ 122.476422223482004, 14.1568548332025 ], [ 122.476422171379994, 14.148522373560301 ], [ 122.493089153835001, 14.148522276001 ], [ 122.493089205038999, 14.1568547356468 ], [ 122.501422196804, 14.1568546851269 ], [ 122.501422145600003, 14.1485222263503 ], [ 122.509755136465998, 14.148522176699601 ], [ 122.509755032260998, 14.131856258367 ], [ 122.518089023851005, 14.1318562087126 ], [ 122.518088971748, 14.1235237495733 ], [ 122.534754955276995, 14.1235236511321 ], [ 122.534754851971002, 14.1068577337479 ], [ 122.509754877751007, 14.106857880113701 ], [ 122.509754722341995, 14.081859504336901 ], [ 122.418193818431007, 14.0819710358964 ], [ 122.418088922154993, 14.098525962583301 ] ] ], [ [ [ 122.534755110686007, 14.148522028618499 ], [ 122.534755058583002, 14.1401895701093 ], [ 122.526422066818995, 14.140189618890799 ], [ 122.526422119819998, 14.148522078269201 ], [ 122.534755110686007, 14.148522028618499 ] ] ] ] } },
{ "type": "Feature", "properties": { "tenement_no": "MPSA No. 347-2010-IVA", "tenement_name": "Roxanna S. Go", "tenement_type": "MPSA", "commodity": "Silica and other associated mineral deposits", "operation_status": "With exploration activity", "province": "Rizal", "municipality": "Teresa and Morong", "permit_ha": 115.1, "date_approved": "2010-06-24", "date_expiration": "2035-06-24" }, "geometry": { "type": "MultiPolygon", "coordinates": [ [ [ [ 121.243092872784999, 14.581834927950799 ], [ 121.251425868143002, 14.5818348766573 ], [ 121.251425814244001, 14.5735024076894 ], [ 121.243092817988, 14.5735024581153 ], [ 121.243092872784999, 14.581834927950799 ] ] ], [ [ [ 121.234758835381996, 14.575446384747099 ], [ 121.234758875805994, 14.5818349775054 ], [ 121.238925873846, 14.5818349531627 ], [ 121.238925833422002, 14.5754463595343 ], [ 121.234758835381996, 14.575446384747099 ] ] ] ] } },
{ "type": "Feature", "properties": { "tenement_no": "MPSA No. 348-2010-VII", "tenement_name": "Solid Earth Development Corporation", "tenement_type": "MPSA", "commodity": "Limestone and other associated mineral deposits", "operation_status": "With exploration activity", "province": "Cebu", "municipality": "San Fernando", "permit_ha": 503.1, "date_approved": "2010-06-24", "date_expiration": "2035-06-24" }, "geometry": { "type": "Polygon", "coordinates": [ [ [ 123.659732746744993, 10.190451012336499 ], [ 123.659732818611005, 10.207115842720199 ], [ 123.651399833133993, 10.2071158780841 ], [ 123.651399868168994, 10.2154492953042 ], [ 123.676399828914001, 10.2154491883311 ], [ 123.676399818134001, 10.212701379316901 ], [ 123.675538819764995, 10.212810374314399 ], [ 123.676399814541, 10.2118764380545 ], [ 123.676399757048998, 10.198783356611999 ], [ 123.668066769776004, 10.1987833919769 ], [ 123.668066732944993, 10.1904509769707 ], [ 123.659732746744993, 10.190451012336499 ] ], [ [ 123.673752770453007, 10.201036209161 ], [ 123.674477767480994, 10.200580237975499 ], [ 123.675935769120002, 10.2013641767858 ], [ 123.675393779575998, 10.203569025229401 ], [ 123.674316780398996, 10.2034910345126 ], [ 123.673752770453007, 10.201036209161 ] ], [ [ 123.675991780874, 10.2040689879369 ], [ 123.675135787019997, 10.205101919012799 ], [ 123.673641788091004, 10.205057927773501 ], [ 123.673882782725002, 10.2037690174795 ], [ 123.675991780874, 10.2040689879369 ] ] ] } },
{ "type": "Feature", "properties": { "tenement_no": "MPSA No. 349-2010-IX", "tenement_name": "Mount Zynai 0304 Mining Corporation", "tenement_type": "MPSA", "commodity": "Iron, gold, silver, copper and other associated mineral deposits", "operation_status": "With exploration activity", "province": "Zamboanga del Sur ; Zamboanga del Norte", "municipality": "Midsalip; Siayan", "permit_ha": 2661.3, "date_approved": "2010-06-27", "date_expiration": "2035-06-27" }, "geometry": { "type": "MultiPolygon", "coordinates": [ [ [ [ 123.251391926319002, 8.023939801736949 ], [ 123.243058938147996, 8.02393982931209 ], [ 123.243058922876003, 8.01977312878328 ], [ 123.251391911946001, 8.019773102097361 ], [ 123.251391869724998, 8.007274002273119 ], [ 123.234724892659003, 8.007274059204789 ], [ 123.234724920507006, 8.01560745834545 ], [ 123.230558927681997, 8.015607471688529 ], [ 123.226391960184003, 8.02393988624141 ], [ 123.226391988930004, 8.03227228475208 ], [ 123.218059014233006, 8.036439013632 ], [ 123.209725011863995, 8.03227234079076 ], [ 123.201392003031998, 8.0267177696064 ], [ 123.201392050642994, 8.04060576910917 ], [ 123.234725005846997, 8.04060565525524 ], [ 123.234724977100996, 8.03227225717751 ], [ 123.251391955963001, 8.03227219935988 ], [ 123.251391926319002, 8.023939801736949 ] ] ], [ [ [ 123.168059150234996, 8.057270680802111 ], [ 123.143059184099997, 8.05727076529964 ], [ 123.143059240694001, 8.07393656511551 ], [ 123.101392295696996, 8.073936707421231 ], [ 123.101392352291001, 8.09060250707522 ], [ 123.093059362323004, 8.090602535535179 ], [ 123.093059420713999, 8.10726733572865 ], [ 123.109725398853001, 8.10726727881106 ], [ 123.109725370106005, 8.098934879108519 ], [ 123.118059359000995, 8.098934849759781 ], [ 123.118059302407005, 8.082269051155549 ], [ 123.159725247579004, 8.08226890885277 ], [ 123.159725218833003, 8.073936509082589 ], [ 123.168059207728007, 8.07393648062147 ], [ 123.168059150234996, 8.057270680802111 ] ] ] ] } },
{ "type": "Feature", "properties": { "tenement_no": "MPSA No. 350-2010-XII", "tenement_name": "Hard Rock Mineral Trading, Inc.", "tenement_type": "MPSA", "commodity": "Iron, gold, silver and other associated mineral deposits", "operation_status": "With exploration activity", "province": "Sarangani", "municipality": "Kiamba", "permit_ha": 15237.2, "date_approved": "2010-06-28", "date_expiration": "2035-06-28" }, "geometry": { "type": "Polygon", "coordinates": [ [ [ 124.743050366513998, 5.96575318686757 ], [ 124.718050415649998, 5.96575324851564 ], [ 124.718050394989007, 5.95741986812768 ], [ 124.701383427804998, 5.95741991190741 ], [ 124.701383469126995, 5.97408567224396 ], [ 124.751383370854995, 5.97408554626943 ], [ 124.693050486345996, 5.97408569368647 ], [ 124.693050527669001, 5.9907514551001 ], [ 124.668050575907003, 5.99075151674533 ], [ 124.668050596567994, 5.99908389810851 ], [ 124.634716662200006, 5.99908398298111 ], [ 124.634716724184003, 6.0240821249227 ], [ 124.618050757722997, 6.02408216780371 ], [ 124.618050799044994, 6.04074793097556 ], [ 124.751383538840003, 6.04074759151123 ], [ 124.751383433849057, 5.99908368816053 ], [ 124.818050301750006, 5.99908352020212 ], [ 124.818050093341, 5.91575671687312 ], [ 124.801383125257999, 5.9157567588691 ], [ 124.801383145919999, 5.92408913917061 ], [ 124.793050163138005, 5.92408915972151 ], [ 124.793050184698004, 5.93242153937741 ], [ 124.784716200294994, 5.93242155992799 ], [ 124.784716179634003, 5.92408917937891 ], [ 124.768050212275, 5.92408922137425 ], [ 124.768050233834003, 5.93242160192271 ], [ 124.759716250330001, 5.9324216224733 ], [ 124.759716270991007, 5.94075500379932 ], [ 124.751383288209993, 5.9407550252431 ], [ 124.751383307973001, 5.94908740483857 ], [ 124.759716291651998, 5.94908738428857 ], [ 124.759716312313003, 5.95741976448589 ], [ 124.743050346751005, 5.95741980647867 ], [ 124.743050366513998, 5.96575318686757 ] ] ] } },
{ "type": "Feature", "properties": { "tenement_no": "MPSA No. 351-2011-VIII", "tenement_name": "Mount Zynai 0304 Mining Corporation", "tenement_type": "MPSA", "commodity": "Chromite  and other associated mineral deposits", "operation_status": "Under care and maintenance", "province": "Eastern Samar", "municipality": "Homonhon Island and Guiuan", "permit_ha": 521.7, "date_approved": "2011-02-17", "date_expiration": "2036-02-17" }, "geometry": { "type": "Polygon", "coordinates": [ [ [ 125.701398226711007, 10.7487357921447 ], [ 125.705842214879993, 10.7487357727285 ], [ 125.711120139669006, 10.7348477263098 ], [ 125.718065130114994, 10.736514578191199 ], [ 125.722231118449002, 10.7362365782193 ], [ 125.726398089539998, 10.732069852419 ], [ 125.729731079093995, 10.7315148784553 ], [ 125.734731075914993, 10.733458717975999 ], [ 125.734731030099994, 10.7237374033195 ], [ 125.713065083887003, 10.7237375004085 ], [ 125.701398121607994, 10.7259593960699 ], [ 125.701398144964998, 10.7309590446973 ], [ 125.705565159174995, 10.7362366532395 ], [ 125.704731173146001, 10.7390144623515 ], [ 125.701398182694007, 10.739014477355401 ], [ 125.701398226711007, 10.7487357921447 ] ] ] } },
{ "type": "Feature", "properties": { "tenement_no": "MPSA No. 352-2022-VI", "tenement_name": "Semirara Mining and Power Corporation", "tenement_type": "MPSA", "commodity": "Limestone", "operation_status": "Under care and maintenance", "province": "Antique", "municipality": "Semirara, Caluya", "permit_ha": 3828.5, "date_approved": "2022-03-09", "date_expiration": "2046-03-09" }, "geometry": { "type": "Polygon", "coordinates": [ [ [ 121.355578099862001, 12.1136627963634 ], [ 121.359744687372995, 12.1119962165311 ], [ 121.368078047446005, 12.105052199797999 ], [ 121.376411352722997, 12.1069964673211 ], [ 121.383355730518005, 12.1036633256006 ], [ 121.390577986874007, 12.0961637924608 ], [ 121.390577869194999, 12.0736652998711 ], [ 121.398633339029004, 12.0686655957479 ], [ 121.401411057448001, 12.053388826817001 ], [ 121.407799884732, 12.040334121471499 ], [ 121.413910938556995, 12.032001309223601 ], [ 121.418077621288006, 12.0292237057175 ], [ 121.415299793274997, 12.023668533000199 ], [ 121.415299750155995, 12.015335762244501 ], [ 121.409744109399995, 12.007003010329401 ], [ 121.398633016534006, 12.007003066563801 ], [ 121.393077447642995, 11.9931151378448 ], [ 121.390299635798996, 11.990337569068799 ], [ 121.386132937794997, 11.9903375901579 ], [ 121.380577483888999, 11.9986703872849 ], [ 121.378077572166006, 12.015335951151 ], [ 121.368077689017994, 12.0367234551117 ], [ 121.368077751900003, 12.0486670925418 ], [ 121.373355499721995, 12.0583886331169 ], [ 121.376411097600993, 12.0583886181825 ], [ 121.384744429826995, 12.0653325598155 ], [ 121.384744472945997, 12.073665330616601 ], [ 121.380577875553996, 12.073665351699301 ], [ 121.376411188331005, 12.075609682233299 ], [ 121.370855667949002, 12.090330954358199 ], [ 121.368077970190996, 12.090330967533999 ], [ 121.368077955817995, 12.0878311351879 ], [ 121.365577958754997, 12.087831147485501 ], [ 121.359744603829, 12.095886187796699 ], [ 121.356966942003993, 12.1028301854075 ], [ 121.359189162014005, 12.106996554276201 ], [ 121.358355771568995, 12.108663117883101 ], [ 121.355578072913005, 12.108663131058099 ], [ 121.355578099862001, 12.1136627963634 ] ] ] } },
{ "type": "Feature", "properties": { "tenement_no": "MPSA No. 353-2022-III", "tenement_name": "Ore Asia Mining and Development Corporation", "tenement_type": "MPSA", "commodity": "Iron", "operation_status": "With commercial operation", "province": "Bulacan", "municipality": "Doña Remedios Trinidad", "permit_ha": 444.7, "date_approved": "2022-06-20", "date_expiration": "2043-06-20" }, "geometry": { "type": "Polygon", "coordinates": [ [ [ 121.134762017927002, 15.0568054074757 ], [ 121.134762193997005, 15.081803836738301 ], [ 121.151429183638996, 15.0818017272869 ], [ 121.151429137825005, 15.071677405068501 ], [ 121.147560060657995, 15.0701244318481 ], [ 121.149132025268997, 15.0568032526678 ], [ 121.134762017927002, 15.0568054074757 ] ] ] } },
{ "type": "Feature", "properties": { "tenement_no": "MPSA No. 354-2024-IVA", "tenement_name": "ATN Holdings, Inc.", "tenement_type": "MPSA", "commodity": "Aggregate", "operation_status": "With commercial operation", "province": "Rizal", "municipality": "Rodriguez and Macabud", "permit_ha": 83.1, "date_approved": "2024-01-21", "date_expiration": "2048-01-21" }, "geometry": { "type": "Polygon", "coordinates": [ [ [ 121.134760220397993, 14.781822879081499 ], [ 121.134760275195006, 14.7901563499347 ], [ 121.143094272173997, 14.7901562986901 ], [ 121.143094217376998, 14.781822827835001 ], [ 121.134760220397993, 14.781822879081499 ] ] ] } },
{ "type": "Feature", "properties": { "tenement_no": "MPSA No. 355-2024-VIII", "tenement_name": "Emir Mineral Resources Corporation", "tenement_type": "MPSA", "commodity": "Manganese and other associated mineral  deposits", "operation_status": "With commercial operation", "province": "Eastern Samar", "municipality": "Homonhon Island and Guiuan", "permit_ha": 285.5, "date_approved": "2024-02-21", "date_expiration": "2043-08-25" }, "geometry": { "type": "Polygon", "coordinates": [ [ [ 125.734731094778994, 10.737625423745699 ], [ 125.734731075914993, 10.733458717975999 ], [ 125.729731079093995, 10.7315148784553 ], [ 125.726398089539998, 10.732069852419 ], [ 125.722231118449002, 10.7362365782193 ], [ 125.718065130114994, 10.736514578191199 ], [ 125.711120139669006, 10.7348477263098 ], [ 125.705842214879993, 10.7487357727285 ], [ 125.715287193405004, 10.748735730365899 ], [ 125.718065160658, 10.7431801091999 ], [ 125.734731094778994, 10.737625423745699 ] ] ] } },
{ "type": "Feature", "properties": { "tenement_no": "MPSA No. 356-2024-CAR", "tenement_name": "Makilala Mining Company, Inc.", "tenement_type": "MPSA", "commodity": "Gold", "operation_status": "With development/construction activity", "province": "Kalinga", "municipality": "Pasil and Balatoc", "permit_ha": 2510.0, "date_approved": "2024-03-12", "date_expiration": "2049-03-12" }, "geometry": { "type": "Polygon", "coordinates": [ [ [ 121.043112327228002, 17.341049846072998 ], [ 121.043112347888993, 17.343733015839 ], [ 121.044445647196994, 17.343733006406801 ], [ 121.045445661651996, 17.3455328923284 ], [ 121.045445683211994, 17.348332725596698 ], [ 121.051445681013007, 17.348332682724202 ], [ 121.051445812167003, 17.364998361721401 ], [ 121.059779107561994, 17.3649983025627 ], [ 121.059779173139006, 17.373331137007501 ], [ 121.101445854031994, 17.373330835226099 ], [ 121.101445699520994, 17.3535820091417 ], [ 121.086581503789006, 17.315001080908601 ], [ 121.082445405998001, 17.315001110924801 ], [ 121.08144542478, 17.317262093559599 ], [ 121.078445441599001, 17.319334212317699 ], [ 121.076445445027005, 17.319734202868599 ], [ 121.074445446658004, 17.31973421659 ], [ 121.074445409828002, 17.315001169241999 ], [ 121.058862135167999, 17.317440026571099 ], [ 121.049892757093005, 17.332416970769 ], [ 121.043112327228002, 17.341049846072998 ] ], [ [ 121.054334317115007, 17.353171543411602 ], [ 121.071087330327003, 17.343110630687502 ], [ 121.075582082292996, 17.350002968244102 ], [ 121.081447058815002, 17.347176143751 ], [ 121.083959877531996, 17.349853467036201 ], [ 121.084938810324005, 17.353975435220399 ], [ 121.087252898344005, 17.3525827312647 ], [ 121.085711020109002, 17.3553395182822 ], [ 121.086351327564998, 17.3563241759581 ], [ 121.079171565115004, 17.360636470337599 ], [ 121.075202698595007, 17.364767643461999 ], [ 121.072887672733998, 17.361212871613301 ], [ 121.063314121036996, 17.366962049149201 ], [ 121.054334317115007, 17.353171543411602 ] ] ] } },
{ "type": "Feature", "properties": { "tenement_no": "MPSA No. 357-2025-IX", "tenement_name": "Florjenmar Mining and Development Corporation", "tenement_type": "MPSA", "commodity": "Nickel", "operation_status": "With commercial operation", "province": "Zamboanga Del Norte", "municipality": "Gutalac", "permit_ha": 7856.7, "date_approved": "2025-03-10", "date_expiration": "2050-03-10" }, "geometry": { "type": "MultiPolygon", "coordinates": [ [ [ [ 122.384845458018006, 7.85751275665994 ], [ 122.384846089532999, 7.83251459511028 ], [ 122.376512807612997, 7.83251438597563 ], [ 122.376512597407, 7.84084710732343 ], [ 122.368179315486998, 7.84084689730307 ], [ 122.368179103485005, 7.84917961818563 ], [ 122.376512387201004, 7.84917982731187 ], [ 122.376512176096995, 7.85751254753789 ], [ 122.384845458018006, 7.85751275665994 ] ] ], [ [ [ 122.343178945109997, 7.85751170926988 ], [ 122.343178734904001, 7.86584443045716 ], [ 122.359845299642998, 7.86584485047262 ], [ 122.359845510746993, 7.85751212751399 ], [ 122.368178893278994, 7.85751233841581 ], [ 122.368179103485005, 7.84917961818563 ], [ 122.351512438133994, 7.84917919815331 ], [ 122.35151222703, 7.8575119192818 ], [ 122.343178945109997, 7.85751170926988 ] ] ], [ [ [ 122.393178841448005, 7.85751296578198 ], [ 122.384845458018006, 7.85751275665994 ], [ 122.384845247811995, 7.86584547782622 ], [ 122.393178630343002, 7.86584568783392 ], [ 122.393178841448005, 7.85751296578198 ] ] ], [ [ [ 122.376511543682994, 7.88251070959131 ], [ 122.376511754787003, 7.87417798886057 ], [ 122.359845088539004, 7.87417757063327 ], [ 122.359844667228998, 7.89084301161724 ], [ 122.368178050658997, 7.89084322161229 ], [ 122.368178261763006, 7.88251050048186 ], [ 122.376511543682994, 7.88251070959131 ] ] ], [ [ [ 122.376510913065999, 7.9075088725345 ], [ 122.401510860336003, 7.90750950071465 ], [ 122.401511070542, 7.89917677935924 ], [ 122.384844406089996, 7.89917636115718 ], [ 122.384844615397995, 7.89084364071257 ], [ 122.368178050658997, 7.89084322161229 ], [ 122.368177840453001, 7.89917594295517 ], [ 122.376511123271996, 7.89917615205618 ], [ 122.376510913065999, 7.9075088725345 ] ] ], [ [ [ 122.401510227922998, 7.93250766312703 ], [ 122.401510439027007, 7.92417494189184 ], [ 122.409843721844993, 7.92417515098019 ], [ 122.409843932051004, 7.91584243100903 ], [ 122.359844035712996, 7.91584117467407 ], [ 122.359843193992006, 7.94917205970721 ], [ 122.318176679288001, 7.94917101343944 ], [ 122.318177521907998, 7.91584012832149 ], [ 122.293177572841003, 7.91583950104376 ], [ 122.293177362635006, 7.92417222107421 ], [ 122.284843980103005, 7.92417201109613 ], [ 122.284843347689005, 7.94917017624725 ], [ 122.276510065769003, 7.94916996717163 ], [ 122.276509854664994, 7.95750268848201 ], [ 122.268176570948, 7.95750247941065 ], [ 122.268176150537002, 7.97416792343875 ], [ 122.259842768005001, 7.97416771348625 ], [ 122.259842556901006, 7.98250043494803 ], [ 122.268175940331005, 7.98250064489625 ], [ 122.268175730124995, 7.99083336633163 ], [ 122.284842295762004, 7.99083378444029 ], [ 122.284842716173998, 7.97416834067485 ], [ 122.309842666139005, 7.97416896786343 ], [ 122.309842455932994, 7.98250168929967 ], [ 122.318175837566997, 7.98250189835827 ], [ 122.318176258875994, 7.96583645565536 ], [ 122.359842773579999, 7.96583750099098 ], [ 122.359842562476004, 7.97417022224065 ], [ 122.368175945008005, 7.97417043219311 ], [ 122.368175524595998, 7.99083587587327 ], [ 122.376508807414993, 7.99083608492761 ], [ 122.376510280651999, 7.93250703498497 ], [ 122.401510227922998, 7.93250766312703 ] ] ], [ [ [ 122.426509544576007, 7.95750645354609 ], [ 122.426509334369996, 7.96583917530721 ], [ 122.434842616289998, 7.96583938437437 ], [ 122.434842827393993, 7.95750666350713 ], [ 122.426509544576007, 7.95750645354609 ] ] ], [ [ [ 122.401508755584004, 7.99083671209063 ], [ 122.376508807414993, 7.99083608492761 ], [ 122.376508597208996, 7.99916880610212 ], [ 122.401508544479995, 7.99916943414189 ], [ 122.401508755584004, 7.99083671209063 ] ] ] ] } },
{ "type": "Feature", "properties": { "tenement_no": "MPSA No. 358-2025-VIII", "tenement_name": "Majestic Earth Core Ventures, Inc.", "tenement_type": "MPSA", "commodity": "Aggregates", "operation_status": "With development/construction activity", "province": "Western Samar", "municipality": "Calbayog City", "permit_ha": 1274.3, "date_approved": "2025-07-16", "date_expiration": "2050-07-16" }, "geometry": { "type": "MultiPolygon", "coordinates": [ [ [ [ 124.476401349450995, 12.132255531222301 ], [ 124.468068372958001, 12.1322553353722 ], [ 124.468067968715999, 12.148921165797599 ], [ 124.476400945208994, 12.148921360757299 ], [ 124.476401349450995, 12.132255531222301 ] ] ], [ [ [ 124.459733587258, 12.165586801875 ], [ 124.468067564473998, 12.1655869968224 ], [ 124.468067968715999, 12.148921165797599 ], [ 124.459733991498993, 12.148920970838001 ], [ 124.459733789379001, 12.1572533859313 ], [ 124.451400811089002, 12.1572531909778 ], [ 124.451400609865999, 12.165586605171301 ], [ 124.443067631576, 12.1655864102239 ], [ 124.443067429455994, 12.1739188263999 ], [ 124.459733385137, 12.1739192171606 ], [ 124.459733587258, 12.165586801875 ] ] ], [ [ [ 124.426400272726994, 12.182250851211201 ], [ 124.443067228233005, 12.1822512419596 ], [ 124.443067429455994, 12.1739188263999 ], [ 124.426400474847995, 12.173918434760999 ], [ 124.426400272726994, 12.182250851211201 ] ] ], [ [ [ 124.384732374617002, 12.2239139552129 ], [ 124.384731770051005, 12.2489122048904 ], [ 124.393065747267002, 12.248912399776501 ], [ 124.393066352732006, 12.223914150117499 ], [ 124.384732374617002, 12.2239139552129 ] ] ], [ [ [ 124.376398591436995, 12.2572444262281 ], [ 124.376398388417996, 12.2655778423676 ], [ 124.368065411025995, 12.265577646616 ], [ 124.368065208904994, 12.2739100645577 ], [ 124.384731163688002, 12.273910454293 ], [ 124.384731567930004, 12.2572446211081 ], [ 124.376398591436995, 12.2572444262281 ] ] ] ] } },
{ "type": "Feature", "properties": { "tenement_no": "MPSA No. 359-2025-MIMAROPA", "tenement_name": "Berong Nickel Corporation", "tenement_type": "MPSA", "commodity": "Nickel", "operation_status": "With commercial operation", "province": "Palawan", "municipality": "Aborlan", "permit_ha": 2178.5, "date_approved": "2025-07-14", "date_expiration": "2050-07-17" }, "geometry": { "type": "Polygon", "coordinates": [ [ [ 118.370262347590995, 9.645873993746831 ], [ 118.372148536598999, 9.642622323628281 ], [ 118.375639910816005, 9.643118206955171 ], [ 118.375639979088007, 9.640340625324439 ], [ 118.386751080937998, 9.6403408963271 ], [ 118.386682044509996, 9.635054877160149 ], [ 118.405917861928003, 9.63506395677704 ], [ 118.405917793656002, 9.63784154022823 ], [ 118.413973341643, 9.63784173506818 ], [ 118.413973541968005, 9.629786747844269 ], [ 118.408695768992999, 9.62978661942396 ], [ 118.408695838163993, 9.627009036123381 ], [ 118.405918062251999, 9.627008968812881 ], [ 118.405918131422993, 9.6242313874705 ], [ 118.403140355510999, 9.62423131927377 ], [ 118.403140287238998, 9.62700890150237 ], [ 118.400362511327998, 9.62700883330619 ], [ 118.400362648769999, 9.621453669927821 ], [ 118.402307091728005, 9.62145371686881 ], [ 118.396543273592002, 9.61879820740287 ], [ 118.392307169055002, 9.61867589147176 ], [ 118.392197712032001, 9.60794192165346 ], [ 118.389464658747002, 9.607936856252 ], [ 118.389529860267004, 9.599788264939709 ], [ 118.392307636178998, 9.59978833314138 ], [ 118.392307836502994, 9.59173334571755 ], [ 118.389530060591994, 9.591733276628521 ], [ 118.389530197135002, 9.586178112740109 ], [ 118.383974647109, 9.58617797810285 ], [ 118.383974509666999, 9.591733141993471 ], [ 118.381196734653997, 9.591733074675931 ], [ 118.381196602600994, 9.597010480480719 ], [ 118.383974378513003, 9.59701054779717 ], [ 118.383974309343003, 9.599788129422119 ], [ 118.381196535228, 9.5997880621062 ], [ 118.381196127392997, 9.616175795797711 ], [ 118.383973904201994, 9.61617586311036 ], [ 118.383973636503995, 9.627008434757141 ], [ 118.378418085579995, 9.627008298364791 ], [ 118.378418153851996, 9.62423071613121 ], [ 118.364837055077004, 9.624165667954101 ], [ 118.364847467450005, 9.61874104964485 ], [ 118.359381360879993, 9.61873091650819 ], [ 118.359386704957004, 9.616018330177489 ], [ 118.348392270906999, 9.61598334351527 ], [ 118.347116690153001, 9.61706823569504 ], [ 118.344930302142998, 9.617066793790681 ], [ 118.344921651367002, 9.61869417912469 ], [ 118.341824155164005, 9.618674659481931 ], [ 118.338633460547996, 9.624369181158119 ], [ 118.336811239672002, 9.6243680253568 ], [ 118.336264727111001, 9.629391547838051 ], [ 118.332620500955002, 9.631922947397729 ], [ 118.335353513816003, 9.63355039933308 ], [ 118.334812106380994, 9.63427366873495 ], [ 118.340589069564999, 9.644610858961229 ], [ 118.343146230920993, 9.64696131210683 ], [ 118.343148403046996, 9.648994501601379 ], [ 118.344597547296999, 9.649854477036101 ], [ 118.351520018775005, 9.65078152402096 ], [ 118.354206051543002, 9.65383276396908 ], [ 118.356028272418996, 9.65385530676774 ], [ 118.356939180287, 9.650805821401599 ], [ 118.358525019376998, 9.650480048961761 ], [ 118.353862639084994, 9.645843318695899 ], [ 118.353872772979997, 9.64041869976514 ], [ 118.356611171240999, 9.6377111798722 ], [ 118.359339434709, 9.640429110338649 ], [ 118.362072487993998, 9.640434177024311 ], [ 118.364773941242007, 9.637726655484309 ], [ 118.367539149723001, 9.64044430950975 ], [ 118.368140178342998, 9.64376048001817 ], [ 118.370262347590995, 9.645873993746831 ] ] ] } },
{ "type": "Feature", "properties": { "tenement_no": "MPSA No. 360-2026-XI", "tenement_name": "Zetosa Mineral Resources Corporation", "tenement_type": "MPSA", "commodity": "Nickel", "operation_status": "With development/construction activity", "province": "Davao Oriental", "municipality": "Banaybanay", "permit_ha": 2348.1, "date_approved": "2026-04-21", "date_expiration": "2051-04-21" }, "geometry": { "type": "Polygon", "coordinates": [ [ [ 125.993200687075998, 7.01581496793268 ], [ 125.993200737381002, 7.03248096126263 ], [ 125.984866756572004, 7.0324809871178 ], [ 125.984866807776001, 7.04914797917178 ], [ 126.026533711450995, 7.04914785346674 ], [ 126.026533686297995, 7.04081485710756 ], [ 126.018200706211005, 7.04081488296227 ], [ 126.018200655007007, 7.02414788947614 ], [ 126.051533578771, 7.0241477887284 ], [ 126.051533654229004, 7.04914777768707 ], [ 126.068200616024001, 7.04914772687014 ], [ 126.068200515412002, 7.01581474236063 ], [ 125.993200687075998, 7.01581496793268 ] ] ] } },
{ "type": "Feature", "properties": { "tenement_no": "OMQ-010-2020", "tenement_name": "Avalar Mining Corporation", "tenement_type": "GSQP", "commodity": "Dredgefill Material", "operation_status": "With commercial operation", "province": " ", "municipality": " ", "permit_ha": 3160.1, "date_approved": null, "date_expiration": null }, "geometry": { "type": "Polygon", "coordinates": [ [ [ 120.818092516038007, 14.498509822600299 ], [ 120.818092728939007, 14.531840700317799 ], [ 120.826425726093007, 14.531840649882399 ], [ 120.826425779093995, 14.540174120143 ], [ 120.884758759722004, 14.540173763629999 ], [ 120.884758546821999, 14.5068418863428 ], [ 120.876425547870994, 14.5068419376537 ], [ 120.876425495768004, 14.498509469499 ], [ 120.818092516038007, 14.498509822600299 ] ] ] } },
{ "type": "Feature", "properties": { "tenement_no": "OMQ-012-2020", "tenement_name": "Silverquest Mineral Resources, Incorporated", "tenement_type": "GSQP", "commodity": "Dredgefill Material", "operation_status": "With commercial operation", "province": " ", "municipality": " ", "permit_ha": 2132.6, "date_approved": null, "date_expiration": null }, "geometry": { "type": "Polygon", "coordinates": [ [ [ 120.640730273727002, 14.294634897327899 ], [ 120.646446321254004, 14.3025093590925 ], [ 120.646446348203, 14.3068560812765 ], [ 120.646188375410006, 14.3110228171169 ], [ 120.640688420320004, 14.317989404632099 ], [ 120.637535438775998, 14.3207442475902 ], [ 120.640591462456001, 14.3245469862522 ], [ 120.718091440568998, 14.3245465214658 ], [ 120.746149577359006, 14.3473838948369 ], [ 120.759966569235004, 14.3467508523437 ], [ 120.758332557987998, 14.3448529830394 ], [ 120.754021553718999, 14.343967066382101 ], [ 120.746149501001995, 14.3352286703849 ], [ 120.734757481589995, 14.3318539551613 ], [ 120.727813483782995, 14.3318539960681 ], [ 120.718091434281007, 14.323521586793801 ], [ 120.713480400791994, 14.317965969659999 ], [ 120.708091344520994, 14.3088005885689 ], [ 120.693091283990995, 14.2985233344465 ], [ 120.688838293822002, 14.299912271082899 ], [ 120.668091311568006, 14.301856271785001 ], [ 120.651424315637996, 14.301856371019101 ], [ 120.640730273727002, 14.294634897327899 ] ] ] } },
{ "type": "Feature", "properties": { "tenement_no": "OMR001-2008-IVA", "tenement_name": "Philippine Reclamation Authority", "tenement_type": "GSQP", "commodity": "Dredgefill Material", "operation_status": "No development/construction activity due to other reason", "province": " ", "municipality": " ", "permit_ha": 5020.6, "date_approved": null, "date_expiration": null }, "geometry": { "type": "Polygon", "coordinates": [ [ [ 120.695485603243995, 14.349291078304701 ], [ 120.695351231447006, 14.448260766680599 ], [ 120.780068208076997, 14.448349248136999 ], [ 120.695485603243995, 14.349291078304701 ] ] ] } },
{ "type": "Feature", "properties": { "tenement_no": "OMR002-2019-IV", "tenement_name": "V.I.L. Mines, Inc.", "tenement_type": "GSQP", "commodity": "Dredgefill Material", "operation_status": "No development/construction activity due to other reason", "province": " ", "municipality": " ", "permit_ha": 5020.4, "date_approved": null, "date_expiration": null }, "geometry": { "type": "Polygon", "coordinates": [ [ [ 120.695485603243995, 14.349291078304701 ], [ 120.780047207262001, 14.448349248136999 ], [ 120.811751197955004, 14.4483830543526 ], [ 120.823013112566997, 14.435657797611301 ], [ 120.726202594273005, 14.3493278907169 ], [ 120.695485603243995, 14.349291078304701 ] ] ] } }
]
}
